/root/.venv/lib/python3.11/site-packages/pydantic/_internal/_config.py:373: UserWarning: Valid config keys have changed in V2:
* 'allow_population_by_field_name' has been renamed to 'validate_by_name'
  warnings.warn(message, UserWarning)
/root/.venv/lib/python3.11/site-packages/pydantic/_internal/_config.py:373: UserWarning: Valid config keys have changed in V2:
* 'allow_population_by_field_name' has been renamed to 'validate_by_name'
  warnings.warn(message, UserWarning)
/root/.venv/lib/python3.11/site-packages/pydantic/_internal/_config.py:373: UserWarning: Valid config keys have changed in V2:
* 'allow_population_by_field_name' has been renamed to 'validate_by_name'
  warnings.warn(message, UserWarning)
INFO:     Will watch for changes in these directories: ['/app/backend']
INFO:     Uvicorn running on http://0.0.0.0:8001 (Press CTRL+C to quit)
INFO:     Started reloader process [1428] using WatchFiles
/root/.venv/lib/python3.11/site-packages/pydantic/_internal/_config.py:373: UserWarning: Valid config keys have changed in V2:
* 'allow_population_by_field_name' has been renamed to 'validate_by_name'
  warnings.warn(message, UserWarning)
2025-10-10 14:20:17,979 - watchfiles.main - INFO - 1 change detected
2025-10-10 14:20:18,330 - watchfiles.main - INFO - 1 change detected
2025-10-10 14:20:18,681 - watchfiles.main - INFO - 1 change detected
/root/.venv/lib/python3.11/site-packages/pydantic/_internal/_config.py:373: UserWarning: Valid config keys have changed in V2:
* 'allow_population_by_field_name' has been renamed to 'validate_by_name'
  warnings.warn(message, UserWarning)
2025-10-10 14:20:19,031 - watchfiles.main - INFO - 1 change detected
/root/.venv/lib/python3.11/site-packages/pydantic/_internal/_config.py:373: UserWarning: Valid config keys have changed in V2:
* 'allow_population_by_field_name' has been renamed to 'validate_by_name'
  warnings.warn(message, UserWarning)
INFO:     Started server process [1432]
INFO:     Waiting for application startup.
2025-10-10 14:20:19,110 - services.database_service - INFO - Database indexes created successfully
2025-10-10 14:20:19,111 - services.database_service - INFO - Connected to MongoDB database: yacook_database
2025-10-10 14:20:19,111 - server - INFO - ==================================================
2025-10-10 14:20:19,111 - server - INFO - YaCook API Startup Diagnostics
2025-10-10 14:20:19,111 - server - INFO - ==================================================
2025-10-10 14:20:19,111 - server - INFO - 📄 .env file loaded: True
2025-10-10 14:20:19,111 - server - INFO - 🌐 CORS allowed origins: ['http://localhost:19006', 'http://localhost:3000', 'https://app.yacook.app', 'https://yacook-launch.preview.emergentagent.com', 'https://app.emergent.sh']
2025-10-10 14:20:19,111 - server - INFO - 🔗 CORS origin regex: r'https:\/\/.*\.(preview\.emergentagent\.com|trycloudflare\.com|railway\.app)$'
2025-10-10 14:20:19,111 - server - INFO - 🚀 API base path: /api
2025-10-10 14:20:19,111 - server - INFO - ✅ OPTIONS handler registered for all routes
2025-10-10 14:20:19,111 - server - INFO - YaCook API started successfully
2025-10-10 14:20:19,111 - server - INFO - ==================================================
INFO:     Application startup complete.
2025-10-10 14:20:19,382 - watchfiles.main - INFO - 1 change detected
2025-10-10 14:20:19,732 - watchfiles.main - INFO - 1 change detected
2025-10-10 14:20:20,083 - watchfiles.main - INFO - 1 change detected
2025-10-10 14:20:20,434 - watchfiles.main - INFO - 1 change detected
2025-10-10 14:20:20,784 - watchfiles.main - INFO - 1 change detected
2025-10-10 14:20:21,135 - watchfiles.main - INFO - 1 change detected
2025-10-10 14:20:21,485 - watchfiles.main - INFO - 1 change detected
2025-10-10 14:20:21,835 - watchfiles.main - INFO - 1 change detected
2025-10-10 14:20:22,186 - watchfiles.main - INFO - 1 change detected
2025-10-10 14:20:22,536 - watchfiles.main - INFO - 1 change detected
2025-10-10 14:20:22,887 - watchfiles.main - INFO - 1 change detected
2025-10-10 14:20:23,237 - watchfiles.main - INFO - 1 change detected
2025-10-10 14:20:23,588 - watchfiles.main - INFO - 1 change detected
2025-10-10 14:20:23,938 - watchfiles.main - INFO - 1 change detected
2025-10-10 14:20:24,289 - watchfiles.main - INFO - 1 change detected
2025-10-10 14:20:24,639 - watchfiles.main - INFO - 1 change detected
2025-10-10 14:20:24,989 - watchfiles.main - INFO - 1 change detected
2025-10-10 14:20:25,340 - watchfiles.main - INFO - 1 change detected
2025-10-10 14:20:25,690 - watchfiles.main - INFO - 1 change detected
2025-10-10 14:20:26,041 - watchfiles.main - INFO - 1 change detected
2025-10-10 14:20:26,391 - watchfiles.main - INFO - 1 change detected
2025-10-10 14:20:26,742 - watchfiles.main - INFO - 1 change detected
INFO:     127.0.0.1:46748 - "GET /api/health HTTP/1.1" 200 OK
2025-10-10 14:20:27,274 - watchfiles.main - INFO - 1 change detected
2025-10-10 14:20:27,624 - watchfiles.main - INFO - 1 change detected
2025-10-10 14:20:27,974 - watchfiles.main - INFO - 1 change detected
2025-10-10 14:20:28,325 - watchfiles.main - INFO - 1 change detected
2025-10-10 14:20:28,675 - watchfiles.main - INFO - 1 change detected
2025-10-10 14:20:29,026 - watchfiles.main - INFO - 1 change detected
2025-10-10 14:20:29,376 - watchfiles.main - INFO - 1 change detected
2025-10-10 14:20:29,727 - watchfiles.main - INFO - 1 change detected
2025-10-10 14:20:30,077 - watchfiles.main - INFO - 1 change detected
2025-10-10 14:20:30,428 - watchfiles.main - INFO - 1 change detected
2025-10-10 14:20:30,778 - watchfiles.main - INFO - 1 change detected
2025-10-10 14:20:31,128 - watchfiles.main - INFO - 1 change detected
2025-10-10 14:20:31,479 - watchfiles.main - INFO - 1 change detected
2025-10-10 14:20:31,829 - watchfiles.main - INFO - 1 change detected
2025-10-10 14:20:32,180 - watchfiles.main - INFO - 1 change detected
2025-10-10 14:20:32,531 - watchfiles.main - INFO - 1 change detected
2025-10-10 14:20:32,881 - watchfiles.main - INFO - 1 change detected
2025-10-10 14:20:33,232 - watchfiles.main - INFO - 1 change detected
2025-10-10 14:20:33,582 - watchfiles.main - INFO - 1 change detected
2025-10-10 14:20:33,933 - watchfiles.main - INFO - 1 change detected
2025-10-10 14:20:34,283 - watchfiles.main - INFO - 1 change detected
2025-10-10 14:20:34,634 - watchfiles.main - INFO - 1 change detected
2025-10-10 14:20:34,984 - watchfiles.main - INFO - 1 change detected
2025-10-10 14:20:35,334 - watchfiles.main - INFO - 1 change detected
2025-10-10 14:20:35,685 - watchfiles.main - INFO - 1 change detected
2025-10-10 14:20:36,035 - watchfiles.main - INFO - 1 change detected
2025-10-10 14:20:36,386 - watchfiles.main - INFO - 1 change detected
2025-10-10 14:20:36,736 - watchfiles.main - INFO - 1 change detected
2025-10-10 14:20:37,087 - watchfiles.main - INFO - 1 change detected
2025-10-10 14:20:37,437 - watchfiles.main - INFO - 1 change detected
2025-10-10 14:20:37,787 - watchfiles.main - INFO - 1 change detected
2025-10-10 14:20:38,138 - watchfiles.main - INFO - 1 change detected
2025-10-10 14:20:38,488 - watchfiles.main - INFO - 1 change detected
2025-10-10 14:20:38,839 - watchfiles.main - INFO - 1 change detected
2025-10-10 14:20:39,189 - watchfiles.main - INFO - 1 change detected
2025-10-10 14:20:39,540 - watchfiles.main - INFO - 1 change detected
2025-10-10 14:20:39,890 - watchfiles.main - INFO - 1 change detected
2025-10-10 14:20:40,241 - watchfiles.main - INFO - 1 change detected
2025-10-10 14:20:40,591 - watchfiles.main - INFO - 1 change detected
2025-10-10 14:20:40,941 - watchfiles.main - INFO - 1 change detected
2025-10-10 14:20:41,292 - watchfiles.main - INFO - 1 change detected
2025-10-10 14:20:41,642 - watchfiles.main - INFO - 1 change detected
2025-10-10 14:20:41,993 - watchfiles.main - INFO - 1 change detected
2025-10-10 14:20:42,343 - watchfiles.main - INFO - 1 change detected
2025-10-10 14:20:42,694 - watchfiles.main - INFO - 1 change detected
2025-10-10 14:20:43,044 - watchfiles.main - INFO - 1 change detected
2025-10-10 14:20:43,395 - watchfiles.main - INFO - 1 change detected
2025-10-10 14:20:43,745 - watchfiles.main - INFO - 1 change detected
2025-10-10 14:20:44,096 - watchfiles.main - INFO - 1 change detected
2025-10-10 14:20:44,446 - watchfiles.main - INFO - 1 change detected
2025-10-10 14:20:44,796 - watchfiles.main - INFO - 1 change detected
2025-10-10 14:20:45,203 - watchfiles.main - INFO - 1 change detected
2025-10-10 14:20:45,553 - watchfiles.main - INFO - 1 change detected
2025-10-10 14:20:45,904 - watchfiles.main - INFO - 1 change detected
2025-10-10 14:20:46,254 - watchfiles.main - INFO - 1 change detected
2025-10-10 14:20:46,606 - watchfiles.main - INFO - 1 change detected
2025-10-10 14:20:46,956 - watchfiles.main - INFO - 1 change detected
2025-10-10 14:20:47,307 - watchfiles.main - INFO - 1 change detected
2025-10-10 14:20:47,657 - watchfiles.main - INFO - 1 change detected
2025-10-10 14:20:48,008 - watchfiles.main - INFO - 1 change detected
2025-10-10 14:20:48,358 - watchfiles.main - INFO - 1 change detected
2025-10-10 14:20:48,709 - watchfiles.main - INFO - 1 change detected
2025-10-10 14:20:49,059 - watchfiles.main - INFO - 1 change detected
2025-10-10 14:20:49,409 - watchfiles.main - INFO - 1 change detected
2025-10-10 14:20:49,760 - watchfiles.main - INFO - 1 change detected
2025-10-10 14:20:50,110 - watchfiles.main - INFO - 1 change detected
2025-10-10 14:20:50,461 - watchfiles.main - INFO - 1 change detected
2025-10-10 14:20:50,811 - watchfiles.main - INFO - 1 change detected
2025-10-10 14:20:51,162 - watchfiles.main - INFO - 1 change detected
2025-10-10 14:20:51,512 - watchfiles.main - INFO - 1 change detected
2025-10-10 14:20:51,863 - watchfiles.main - INFO - 1 change detected
2025-10-10 14:20:52,213 - watchfiles.main - INFO - 1 change detected
2025-10-10 14:20:52,564 - watchfiles.main - INFO - 1 change detected
2025-10-10 14:20:52,914 - watchfiles.main - INFO - 1 change detected
2025-10-10 14:20:53,264 - watchfiles.main - INFO - 1 change detected
2025-10-10 14:20:53,615 - watchfiles.main - INFO - 1 change detected
2025-10-10 14:20:53,965 - watchfiles.main - INFO - 1 change detected
2025-10-10 14:20:54,316 - watchfiles.main - INFO - 1 change detected
2025-10-10 14:20:54,666 - watchfiles.main - INFO - 1 change detected
2025-10-10 14:20:55,017 - watchfiles.main - INFO - 1 change detected
2025-10-10 14:20:55,367 - watchfiles.main - INFO - 1 change detected
2025-10-10 14:20:55,718 - watchfiles.main - INFO - 1 change detected
2025-10-10 14:20:56,068 - watchfiles.main - INFO - 1 change detected
2025-10-10 14:20:56,419 - watchfiles.main - INFO - 1 change detected
2025-10-10 14:20:56,769 - watchfiles.main - INFO - 1 change detected
2025-10-10 14:20:57,120 - watchfiles.main - INFO - 1 change detected
2025-10-10 14:20:57,470 - watchfiles.main - INFO - 1 change detected
2025-10-10 14:20:57,820 - watchfiles.main - INFO - 1 change detected
2025-10-10 14:20:58,171 - watchfiles.main - INFO - 1 change detected
2025-10-10 14:20:58,521 - watchfiles.main - INFO - 1 change detected
2025-10-10 14:20:58,872 - watchfiles.main - INFO - 1 change detected
2025-10-10 14:20:59,222 - watchfiles.main - INFO - 1 change detected
2025-10-10 14:20:59,573 - watchfiles.main - INFO - 1 change detected
2025-10-10 14:20:59,923 - watchfiles.main - INFO - 1 change detected
2025-10-10 14:21:00,274 - watchfiles.main - INFO - 1 change detected
2025-10-10 14:21:00,624 - watchfiles.main - INFO - 1 change detected
2025-10-10 14:21:00,975 - watchfiles.main - INFO - 1 change detected
2025-10-10 14:21:01,325 - watchfiles.main - INFO - 1 change detected
2025-10-10 14:21:01,676 - watchfiles.main - INFO - 1 change detected
2025-10-10 14:21:02,026 - watchfiles.main - INFO - 1 change detected
2025-10-10 14:21:02,376 - watchfiles.main - INFO - 1 change detected
2025-10-10 14:21:02,727 - watchfiles.main - INFO - 1 change detected
2025-10-10 14:21:03,077 - watchfiles.main - INFO - 1 change detected
2025-10-10 14:21:03,428 - watchfiles.main - INFO - 1 change detected
2025-10-10 14:21:03,778 - watchfiles.main - INFO - 1 change detected
2025-10-10 14:21:04,129 - watchfiles.main - INFO - 1 change detected
2025-10-10 14:21:04,479 - watchfiles.main - INFO - 1 change detected
2025-10-10 14:21:04,830 - watchfiles.main - INFO - 1 change detected
2025-10-10 14:21:05,180 - watchfiles.main - INFO - 1 change detected
2025-10-10 14:21:05,530 - watchfiles.main - INFO - 1 change detected
2025-10-10 14:21:05,881 - watchfiles.main - INFO - 1 change detected
2025-10-10 14:21:06,231 - watchfiles.main - INFO - 1 change detected
2025-10-10 14:21:06,582 - watchfiles.main - INFO - 1 change detected
2025-10-10 14:21:06,932 - watchfiles.main - INFO - 1 change detected
2025-10-10 14:21:07,283 - watchfiles.main - INFO - 1 change detected
2025-10-10 14:21:07,633 - watchfiles.main - INFO - 1 change detected
2025-10-10 14:21:07,983 - watchfiles.main - INFO - 1 change detected
2025-10-10 14:21:08,334 - watchfiles.main - INFO - 1 change detected
2025-10-10 14:21:08,684 - watchfiles.main - INFO - 1 change detected
2025-10-10 14:21:09,035 - watchfiles.main - INFO - 1 change detected
2025-10-10 14:21:09,385 - watchfiles.main - INFO - 1 change detected
2025-10-10 14:21:09,736 - watchfiles.main - INFO - 1 change detected
2025-10-10 14:21:10,086 - watchfiles.main - INFO - 1 change detected
2025-10-10 14:21:10,436 - watchfiles.main - INFO - 1 change detected
2025-10-10 14:21:10,787 - watchfiles.main - INFO - 1 change detected
2025-10-10 14:21:11,137 - watchfiles.main - INFO - 1 change detected
2025-10-10 14:21:11,488 - watchfiles.main - INFO - 1 change detected
2025-10-10 14:21:11,838 - watchfiles.main - INFO - 1 change detected
2025-10-10 14:21:12,189 - watchfiles.main - INFO - 1 change detected
2025-10-10 14:21:12,539 - watchfiles.main - INFO - 1 change detected
2025-10-10 14:21:12,889 - watchfiles.main - INFO - 1 change detected
2025-10-10 14:21:13,240 - watchfiles.main - INFO - 1 change detected
2025-10-10 14:21:13,590 - watchfiles.main - INFO - 1 change detected
2025-10-10 14:21:13,941 - watchfiles.main - INFO - 1 change detected
2025-10-10 14:21:14,291 - watchfiles.main - INFO - 1 change detected
2025-10-10 14:21:14,642 - watchfiles.main - INFO - 1 change detected
2025-10-10 14:21:14,992 - watchfiles.main - INFO - 1 change detected
2025-10-10 14:21:15,342 - watchfiles.main - INFO - 1 change detected
2025-10-10 14:21:15,693 - watchfiles.main - INFO - 1 change detected
2025-10-10 14:21:16,043 - watchfiles.main - INFO - 1 change detected
2025-10-10 14:21:16,394 - watchfiles.main - INFO - 1 change detected
2025-10-10 14:21:16,744 - watchfiles.main - INFO - 1 change detected
2025-10-10 14:21:17,095 - watchfiles.main - INFO - 1 change detected
2025-10-10 14:21:17,445 - watchfiles.main - INFO - 1 change detected
2025-10-10 14:21:17,795 - watchfiles.main - INFO - 1 change detected
2025-10-10 14:21:18,146 - watchfiles.main - INFO - 1 change detected
2025-10-10 14:21:18,496 - watchfiles.main - INFO - 1 change detected
2025-10-10 14:21:18,847 - watchfiles.main - INFO - 1 change detected
2025-10-10 14:21:19,197 - watchfiles.main - INFO - 1 change detected
2025-10-10 14:21:19,548 - watchfiles.main - INFO - 1 change detected
2025-10-10 14:21:19,898 - watchfiles.main - INFO - 1 change detected
2025-10-10 14:21:20,249 - watchfiles.main - INFO - 1 change detected
2025-10-10 14:21:20,599 - watchfiles.main - INFO - 1 change detected
2025-10-10 14:21:20,949 - watchfiles.main - INFO - 1 change detected
2025-10-10 14:21:21,300 - watchfiles.main - INFO - 1 change detected
2025-10-10 14:21:21,650 - watchfiles.main - INFO - 1 change detected
2025-10-10 14:21:22,002 - watchfiles.main - INFO - 1 change detected
2025-10-10 14:21:22,352 - watchfiles.main - INFO - 1 change detected
2025-10-10 14:21:22,702 - watchfiles.main - INFO - 1 change detected
2025-10-10 14:21:23,053 - watchfiles.main - INFO - 1 change detected
2025-10-10 14:21:23,403 - watchfiles.main - INFO - 1 change detected
2025-10-10 14:21:23,754 - watchfiles.main - INFO - 1 change detected
2025-10-10 14:21:24,104 - watchfiles.main - INFO - 1 change detected
2025-10-10 14:21:24,455 - watchfiles.main - INFO - 1 change detected
2025-10-10 14:21:24,805 - watchfiles.main - INFO - 1 change detected
2025-10-10 14:21:25,156 - watchfiles.main - INFO - 1 change detected
2025-10-10 14:21:25,506 - watchfiles.main - INFO - 1 change detected
2025-10-10 14:21:25,856 - watchfiles.main - INFO - 1 change detected
2025-10-10 14:21:26,207 - watchfiles.main - INFO - 1 change detected
2025-10-10 14:21:26,557 - watchfiles.main - INFO - 1 change detected
2025-10-10 14:21:26,908 - watchfiles.main - INFO - 1 change detected
2025-10-10 14:21:27,258 - watchfiles.main - INFO - 1 change detected
2025-10-10 14:21:27,609 - watchfiles.main - INFO - 1 change detected
2025-10-10 14:21:27,959 - watchfiles.main - INFO - 1 change detected
2025-10-10 14:21:28,309 - watchfiles.main - INFO - 1 change detected
2025-10-10 14:21:28,660 - watchfiles.main - INFO - 1 change detected
2025-10-10 14:21:29,010 - watchfiles.main - INFO - 1 change detected
2025-10-10 14:21:29,361 - watchfiles.main - INFO - 1 change detected
2025-10-10 14:21:29,711 - watchfiles.main - INFO - 1 change detected
2025-10-10 14:21:30,062 - watchfiles.main - INFO - 1 change detected
2025-10-10 14:21:30,412 - watchfiles.main - INFO - 1 change detected
2025-10-10 14:21:30,763 - watchfiles.main - INFO - 1 change detected
2025-10-10 14:21:31,113 - watchfiles.main - INFO - 1 change detected
2025-10-10 14:21:31,463 - watchfiles.main - INFO - 1 change detected
2025-10-10 14:21:31,814 - watchfiles.main - INFO - 1 change detected
2025-10-10 14:21:32,214 - watchfiles.main - INFO - 2 changes detected
WARNING:  WatchFiles detected changes in 'server.py'. Reloading...
INFO:     Shutting down
INFO:     Waiting for application shutdown.
2025-10-10 14:21:32,382 - services.database_service - INFO - Disconnected from MongoDB
2025-10-10 14:21:32,382 - server - INFO - YaCook API shut down
INFO:     Application shutdown complete.
INFO:     Finished server process [1432]
2025-10-10 14:21:33,413 - watchfiles.main - INFO - 4 changes detected
/root/.venv/lib/python3.11/site-packages/pydantic/_internal/_config.py:373: UserWarning: Valid config keys have changed in V2:
* 'allow_population_by_field_name' has been renamed to 'validate_by_name'
  warnings.warn(message, UserWarning)
2025-10-10 14:21:33,763 - watchfiles.main - INFO - 1 change detected
2025-10-10 14:21:34,114 - watchfiles.main - INFO - 1 change detected
2025-10-10 14:21:34,464 - watchfiles.main - INFO - 1 change detected
/root/.venv/lib/python3.11/site-packages/pydantic/_internal/_config.py:373: UserWarning: Valid config keys have changed in V2:
* 'allow_population_by_field_name' has been renamed to 'validate_by_name'
  warnings.warn(message, UserWarning)
/root/.venv/lib/python3.11/site-packages/pydantic/_internal/_config.py:373: UserWarning: Valid config keys have changed in V2:
* 'allow_population_by_field_name' has been renamed to 'validate_by_name'
  warnings.warn(message, UserWarning)
INFO:     Started server process [1786]
INFO:     Waiting for application startup.
2025-10-10 14:21:34,729 - services.database_service - INFO - Database indexes created successfully
2025-10-10 14:21:34,729 - services.database_service - INFO - Connected to MongoDB database: yacook_database
2025-10-10 14:21:34,729 - server - INFO - ==================================================
2025-10-10 14:21:34,729 - server - INFO - YaCook API Startup Diagnostics
2025-10-10 14:21:34,729 - server - INFO - ==================================================
2025-10-10 14:21:34,729 - server - INFO - 📄 .env file loaded: True
2025-10-10 14:21:34,729 - server - INFO - 🌐 CORS allowed origins: ['http://localhost:19006', 'http://localhost:3000', 'https://app.yacook.app', 'https://yacook-launch.preview.emergentagent.com', 'https://app.emergent.sh']
2025-10-10 14:21:34,730 - server - INFO - 🔗 CORS origin regex: r'https:\/\/.*\.(preview\.emergentagent\.com|trycloudflare\.com|railway\.app)$'
2025-10-10 14:21:34,730 - server - INFO - 🚀 API base path: /api
2025-10-10 14:21:34,730 - server - INFO - ✅ OPTIONS handler registered for all routes
2025-10-10 14:21:34,730 - server - INFO - YaCook API started successfully
2025-10-10 14:21:34,730 - server - INFO - ==================================================
INFO:     Application startup complete.
2025-10-10 14:21:34,814 - watchfiles.main - INFO - 1 change detected
2025-10-10 14:21:35,165 - watchfiles.main - INFO - 1 change detected
2025-10-10 14:21:35,515 - watchfiles.main - INFO - 1 change detected
2025-10-10 14:21:35,866 - watchfiles.main - INFO - 1 change detected
2025-10-10 14:21:36,216 - watchfiles.main - INFO - 1 change detected
2025-10-10 14:21:36,567 - watchfiles.main - INFO - 1 change detected
2025-10-10 14:21:36,917 - watchfiles.main - INFO - 1 change detected
2025-10-10 14:21:37,267 - watchfiles.main - INFO - 1 change detected
2025-10-10 14:21:37,618 - watchfiles.main - INFO - 1 change detected
2025-10-10 14:21:37,968 - watchfiles.main - INFO - 1 change detected
2025-10-10 14:21:38,319 - watchfiles.main - INFO - 1 change detected
2025-10-10 14:21:38,669 - watchfiles.main - INFO - 1 change detected
2025-10-10 14:21:39,020 - watchfiles.main - INFO - 1 change detected
2025-10-10 14:21:39,370 - watchfiles.main - INFO - 1 change detected
2025-10-10 14:21:39,721 - watchfiles.main - INFO - 1 change detected
2025-10-10 14:21:40,071 - watchfiles.main - INFO - 1 change detected
2025-10-10 14:21:40,421 - watchfiles.main - INFO - 1 change detected
2025-10-10 14:21:40,772 - watchfiles.main - INFO - 1 change detected
2025-10-10 14:21:41,122 - watchfiles.main - INFO - 1 change detected
2025-10-10 14:21:41,473 - watchfiles.main - INFO - 1 change detected
2025-10-10 14:21:41,823 - watchfiles.main - INFO - 1 change detected
2025-10-10 14:21:42,174 - watchfiles.main - INFO - 1 change detected
2025-10-10 14:21:42,524 - watchfiles.main - INFO - 1 change detected
2025-10-10 14:21:42,874 - watchfiles.main - INFO - 1 change detected
2025-10-10 14:21:43,225 - watchfiles.main - INFO - 1 change detected
2025-10-10 14:21:43,575 - watchfiles.main - INFO - 1 change detected
2025-10-10 14:21:43,926 - watchfiles.main - INFO - 1 change detected
2025-10-10 14:21:44,276 - watchfiles.main - INFO - 1 change detected
2025-10-10 14:21:44,627 - watchfiles.main - INFO - 1 change detected
2025-10-10 14:21:44,977 - watchfiles.main - INFO - 1 change detected
2025-10-10 14:21:45,327 - watchfiles.main - INFO - 1 change detected
2025-10-10 14:21:45,678 - watchfiles.main - INFO - 1 change detected
2025-10-10 14:21:46,028 - watchfiles.main - INFO - 1 change detected
2025-10-10 14:21:46,379 - watchfiles.main - INFO - 1 change detected
2025-10-10 14:21:46,729 - watchfiles.main - INFO - 1 change detected
2025-10-10 14:21:47,080 - watchfiles.main - INFO - 1 change detected
2025-10-10 14:21:47,430 - watchfiles.main - INFO - 1 change detected
2025-10-10 14:21:47,780 - watchfiles.main - INFO - 1 change detected
2025-10-10 14:21:48,131 - watchfiles.main - INFO - 1 change detected
2025-10-10 14:21:48,481 - watchfiles.main - INFO - 1 change detected
2025-10-10 14:21:48,832 - watchfiles.main - INFO - 1 change detected
2025-10-10 14:21:49,182 - watchfiles.main - INFO - 1 change detected
2025-10-10 14:21:49,532 - watchfiles.main - INFO - 1 change detected
2025-10-10 14:21:49,883 - watchfiles.main - INFO - 1 change detected
2025-10-10 14:21:50,233 - watchfiles.main - INFO - 1 change detected
2025-10-10 14:21:50,584 - watchfiles.main - INFO - 1 change detected
2025-10-10 14:21:50,934 - watchfiles.main - INFO - 1 change detected
2025-10-10 14:21:51,285 - watchfiles.main - INFO - 1 change detected
2025-10-10 14:21:51,635 - watchfiles.main - INFO - 1 change detected
2025-10-10 14:21:51,985 - watchfiles.main - INFO - 1 change detected
2025-10-10 14:21:52,336 - watchfiles.main - INFO - 1 change detected
2025-10-10 14:21:52,686 - watchfiles.main - INFO - 2 changes detected
2025-10-10 14:21:53,037 - watchfiles.main - INFO - 2 changes detected
2025-10-10 14:21:53,387 - watchfiles.main - INFO - 1 change detected
2025-10-10 14:21:53,738 - watchfiles.main - INFO - 1 change detected
2025-10-10 14:21:54,088 - watchfiles.main - INFO - 2 changes detected
2025-10-10 14:21:54,438 - watchfiles.main - INFO - 1 change detected
2025-10-10 14:21:54,789 - watchfiles.main - INFO - 1 change detected
2025-10-10 14:21:55,139 - watchfiles.main - INFO - 1 change detected
2025-10-10 14:21:55,490 - watchfiles.main - INFO - 1 change detected
2025-10-10 14:21:55,840 - watchfiles.main - INFO - 1 change detected
2025-10-10 14:21:56,191 - watchfiles.main - INFO - 1 change detected
2025-10-10 14:21:56,541 - watchfiles.main - INFO - 1 change detected
2025-10-10 14:21:56,892 - watchfiles.main - INFO - 1 change detected
2025-10-10 14:21:57,242 - watchfiles.main - INFO - 1 change detected
INFO:     127.0.0.1:52304 - "GET /api/health HTTP/1.1" 200 OK
2025-10-10 14:21:57,592 - watchfiles.main - INFO - 1 change detected
2025-10-10 14:21:57,943 - watchfiles.main - INFO - 1 change detected
2025-10-10 14:21:58,293 - watchfiles.main - INFO - 1 change detected
2025-10-10 14:21:58,644 - watchfiles.main - INFO - 1 change detected
2025-10-10 14:21:58,994 - watchfiles.main - INFO - 1 change detected
2025-10-10 14:21:59,345 - watchfiles.main - INFO - 1 change detected
2025-10-10 14:21:59,695 - watchfiles.main - INFO - 1 change detected
2025-10-10 14:22:00,045 - watchfiles.main - INFO - 1 change detected
2025-10-10 14:22:00,396 - watchfiles.main - INFO - 1 change detected
2025-10-10 14:22:00,746 - watchfiles.main - INFO - 1 change detected
2025-10-10 14:22:01,097 - watchfiles.main - INFO - 1 change detected
2025-10-10 14:22:01,447 - watchfiles.main - INFO - 1 change detected
2025-10-10 14:22:01,797 - watchfiles.main - INFO - 1 change detected
2025-10-10 14:22:02,148 - watchfiles.main - INFO - 1 change detected
2025-10-10 14:22:02,498 - watchfiles.main - INFO - 1 change detected
2025-10-10 14:22:02,849 - watchfiles.main - INFO - 1 change detected
2025-10-10 14:22:03,199 - watchfiles.main - INFO - 1 change detected
2025-10-10 14:22:03,550 - watchfiles.main - INFO - 1 change detected
2025-10-10 14:22:03,900 - watchfiles.main - INFO - 1 change detected
2025-10-10 14:22:04,250 - watchfiles.main - INFO - 1 change detected
2025-10-10 14:22:04,601 - watchfiles.main - INFO - 1 change detected
2025-10-10 14:22:04,951 - watchfiles.main - INFO - 1 change detected
2025-10-10 14:22:05,302 - watchfiles.main - INFO - 1 change detected
2025-10-10 14:22:05,652 - watchfiles.main - INFO - 1 change detected
2025-10-10 14:22:06,003 - watchfiles.main - INFO - 1 change detected
2025-10-10 14:22:06,353 - watchfiles.main - INFO - 1 change detected
2025-10-10 14:22:06,704 - watchfiles.main - INFO - 1 change detected
2025-10-10 14:22:07,054 - watchfiles.main - INFO - 1 change detected
2025-10-10 14:22:07,405 - watchfiles.main - INFO - 1 change detected
2025-10-10 14:22:07,755 - watchfiles.main - INFO - 1 change detected
2025-10-10 14:22:08,106 - watchfiles.main - INFO - 1 change detected
2025-10-10 14:22:08,456 - watchfiles.main - INFO - 1 change detected
2025-10-10 14:22:08,806 - watchfiles.main - INFO - 1 change detected
2025-10-10 14:22:09,157 - watchfiles.main - INFO - 1 change detected
2025-10-10 14:22:09,507 - watchfiles.main - INFO - 1 change detected
2025-10-10 14:22:09,858 - watchfiles.main - INFO - 1 change detected
2025-10-10 14:22:10,208 - watchfiles.main - INFO - 1 change detected
2025-10-10 14:22:10,559 - watchfiles.main - INFO - 1 change detected
2025-10-10 14:22:10,909 - watchfiles.main - INFO - 1 change detected
2025-10-10 14:22:11,259 - watchfiles.main - INFO - 1 change detected
2025-10-10 14:22:11,610 - watchfiles.main - INFO - 1 change detected
2025-10-10 14:22:11,960 - watchfiles.main - INFO - 1 change detected
2025-10-10 14:22:12,311 - watchfiles.main - INFO - 1 change detected
INFO:     127.0.0.1:57572 - "GET /api/health HTTP/1.1" 200 OK
2025-10-10 14:22:12,661 - watchfiles.main - INFO - 1 change detected
2025-10-10 14:22:13,011 - watchfiles.main - INFO - 1 change detected
2025-10-10 14:22:13,362 - watchfiles.main - INFO - 1 change detected
2025-10-10 14:22:13,712 - watchfiles.main - INFO - 1 change detected
2025-10-10 14:22:14,063 - watchfiles.main - INFO - 1 change detected
2025-10-10 14:22:14,413 - watchfiles.main - INFO - 1 change detected
2025-10-10 14:22:14,764 - watchfiles.main - INFO - 1 change detected
2025-10-10 14:22:15,114 - watchfiles.main - INFO - 1 change detected
2025-10-10 14:22:15,464 - watchfiles.main - INFO - 1 change detected
2025-10-10 14:22:15,815 - watchfiles.main - INFO - 1 change detected
2025-10-10 14:22:16,165 - watchfiles.main - INFO - 1 change detected
2025-10-10 14:22:16,516 - watchfiles.main - INFO - 1 change detected
2025-10-10 14:22:16,866 - watchfiles.main - INFO - 1 change detected
2025-10-10 14:22:17,217 - watchfiles.main - INFO - 1 change detected
2025-10-10 14:22:17,567 - watchfiles.main - INFO - 1 change detected
2025-10-10 14:22:17,917 - watchfiles.main - INFO - 1 change detected
2025-10-10 14:22:18,268 - watchfiles.main - INFO - 1 change detected
INFO:     127.0.0.1:42734 - "POST /api/auth/login HTTP/1.1" 401 Unauthorized
2025-10-10 14:22:18,618 - watchfiles.main - INFO - 1 change detected
2025-10-10 14:22:18,969 - watchfiles.main - INFO - 1 change detected
2025-10-10 14:22:19,319 - watchfiles.main - INFO - 1 change detected
2025-10-10 14:22:19,670 - watchfiles.main - INFO - 1 change detected
2025-10-10 14:22:20,020 - watchfiles.main - INFO - 1 change detected
2025-10-10 14:22:20,370 - watchfiles.main - INFO - 1 change detected
2025-10-10 14:22:20,721 - watchfiles.main - INFO - 1 change detected
2025-10-10 14:22:21,071 - watchfiles.main - INFO - 1 change detected
2025-10-10 14:22:21,422 - watchfiles.main - INFO - 1 change detected
2025-10-10 14:22:21,772 - watchfiles.main - INFO - 1 change detected
2025-10-10 14:22:22,123 - watchfiles.main - INFO - 1 change detected
2025-10-10 14:22:22,473 - watchfiles.main - INFO - 1 change detected
2025-10-10 14:22:22,824 - watchfiles.main - INFO - 1 change detected
2025-10-10 14:22:23,174 - watchfiles.main - INFO - 1 change detected
2025-10-10 14:22:23,525 - watchfiles.main - INFO - 1 change detected
2025-10-10 14:22:23,875 - watchfiles.main - INFO - 1 change detected
2025-10-10 14:22:24,225 - watchfiles.main - INFO - 1 change detected
2025-10-10 14:22:24,576 - watchfiles.main - INFO - 1 change detected
INFO:     127.0.0.1:45778 - "POST /api/auth/register HTTP/1.1" 200 OK
2025-10-10 14:22:24,926 - watchfiles.main - INFO - 1 change detected
2025-10-10 14:22:25,277 - watchfiles.main - INFO - 1 change detected
2025-10-10 14:22:25,627 - watchfiles.main - INFO - 1 change detected
2025-10-10 14:22:25,978 - watchfiles.main - INFO - 1 change detected
2025-10-10 14:22:26,328 - watchfiles.main - INFO - 1 change detected
2025-10-10 14:22:26,678 - watchfiles.main - INFO - 1 change detected
2025-10-10 14:22:27,029 - watchfiles.main - INFO - 1 change detected
2025-10-10 14:22:27,379 - watchfiles.main - INFO - 1 change detected
2025-10-10 14:22:27,730 - watchfiles.main - INFO - 1 change detected
2025-10-10 14:22:28,080 - watchfiles.main - INFO - 1 change detected
2025-10-10 14:22:28,431 - watchfiles.main - INFO - 1 change detected
2025-10-10 14:22:28,781 - watchfiles.main - INFO - 1 change detected
2025-10-10 14:22:29,131 - watchfiles.main - INFO - 1 change detected
2025-10-10 14:22:29,482 - watchfiles.main - INFO - 1 change detected
2025-10-10 14:22:29,832 - watchfiles.main - INFO - 1 change detected
INFO:     127.0.0.1:45780 - "POST /api/auth/login HTTP/1.1" 200 OK
2025-10-10 14:22:30,183 - watchfiles.main - INFO - 1 change detected
2025-10-10 14:22:30,533 - watchfiles.main - INFO - 1 change detected
2025-10-10 14:22:30,884 - watchfiles.main - INFO - 1 change detected
2025-10-10 14:22:31,234 - watchfiles.main - INFO - 1 change detected
2025-10-10 14:22:31,585 - watchfiles.main - INFO - 1 change detected
2025-10-10 14:22:31,935 - watchfiles.main - INFO - 1 change detected
2025-10-10 14:22:32,285 - watchfiles.main - INFO - 1 change detected
2025-10-10 14:22:32,636 - watchfiles.main - INFO - 1 change detected
2025-10-10 14:22:32,986 - watchfiles.main - INFO - 1 change detected
2025-10-10 14:22:33,337 - watchfiles.main - INFO - 1 change detected
2025-10-10 14:22:33,687 - watchfiles.main - INFO - 1 change detected
2025-10-10 14:22:34,038 - watchfiles.main - INFO - 1 change detected
2025-10-10 14:22:34,388 - watchfiles.main - INFO - 1 change detected
2025-10-10 14:22:34,739 - watchfiles.main - INFO - 1 change detected
2025-10-10 14:22:35,089 - watchfiles.main - INFO - 1 change detected
2025-10-10 14:22:35,439 - watchfiles.main - INFO - 1 change detected
2025-10-10 14:22:35,790 - watchfiles.main - INFO - 1 change detected
2025-10-10 14:22:36,140 - watchfiles.main - INFO - 1 change detected
2025-10-10 14:22:36,491 - watchfiles.main - INFO - 1 change detected
2025-10-10 14:22:36,841 - watchfiles.main - INFO - 1 change detected
2025-10-10 14:22:37,192 - watchfiles.main - INFO - 1 change detected
2025-10-10 14:22:37,542 - watchfiles.main - INFO - 1 change detected
2025-10-10 14:22:37,892 - watchfiles.main - INFO - 1 change detected
2025-10-10 14:22:38,243 - watchfiles.main - INFO - 1 change detected
2025-10-10 14:22:38,593 - watchfiles.main - INFO - 1 change detected
2025-10-10 14:22:38,944 - watchfiles.main - INFO - 1 change detected
2025-10-10 14:22:39,294 - watchfiles.main - INFO - 1 change detected
2025-10-10 14:22:39,645 - watchfiles.main - INFO - 1 change detected
2025-10-10 14:22:39,995 - watchfiles.main - INFO - 1 change detected
2025-10-10 14:22:40,346 - watchfiles.main - INFO - 1 change detected
2025-10-10 14:22:40,696 - watchfiles.main - INFO - 1 change detected
2025-10-10 14:22:41,046 - watchfiles.main - INFO - 1 change detected
2025-10-10 14:22:41,397 - watchfiles.main - INFO - 1 change detected
2025-10-10 14:22:41,747 - watchfiles.main - INFO - 1 change detected
2025-10-10 14:22:42,098 - watchfiles.main - INFO - 1 change detected
2025-10-10 14:22:42,448 - watchfiles.main - INFO - 1 change detected
2025-10-10 14:22:42,799 - watchfiles.main - INFO - 1 change detected
2025-10-10 14:22:43,149 - watchfiles.main - INFO - 1 change detected
2025-10-10 14:22:43,499 - watchfiles.main - INFO - 1 change detected
2025-10-10 14:22:43,850 - watchfiles.main - INFO - 1 change detected
2025-10-10 14:22:44,200 - watchfiles.main - INFO - 1 change detected
2025-10-10 14:22:44,551 - watchfiles.main - INFO - 1 change detected
2025-10-10 14:22:44,901 - watchfiles.main - INFO - 1 change detected
2025-10-10 14:22:45,252 - watchfiles.main - INFO - 1 change detected
2025-10-10 14:22:45,602 - watchfiles.main - INFO - 1 change detected
2025-10-10 14:22:45,953 - watchfiles.main - INFO - 1 change detected
INFO:     127.0.0.1:60594 - "GET /api/health HTTP/1.1" 200 OK
2025-10-10 14:22:46,303 - watchfiles.main - INFO - 1 change detected
2025-10-10 14:22:46,653 - watchfiles.main - INFO - 1 change detected
2025-10-10 14:22:47,004 - watchfiles.main - INFO - 1 change detected
2025-10-10 14:22:47,354 - watchfiles.main - INFO - 1 change detected
2025-10-10 14:22:47,705 - watchfiles.main - INFO - 1 change detected
2025-10-10 14:22:48,055 - watchfiles.main - INFO - 1 change detected
2025-10-10 14:22:48,406 - watchfiles.main - INFO - 1 change detected
2025-10-10 14:22:48,756 - watchfiles.main - INFO - 1 change detected
2025-10-10 14:22:49,106 - watchfiles.main - INFO - 1 change detected
2025-10-10 14:22:49,457 - watchfiles.main - INFO - 1 change detected
2025-10-10 14:22:49,807 - watchfiles.main - INFO - 1 change detected
2025-10-10 14:22:50,158 - watchfiles.main - INFO - 1 change detected
2025-10-10 14:22:50,508 - watchfiles.main - INFO - 1 change detected
2025-10-10 14:22:50,859 - watchfiles.main - INFO - 1 change detected
2025-10-10 14:22:51,209 - watchfiles.main - INFO - 1 change detected
2025-10-10 14:22:51,560 - watchfiles.main - INFO - 1 change detected
INFO:     127.0.0.1:60608 - "POST /api/auth/login HTTP/1.1" 200 OK
2025-10-10 14:22:51,910 - watchfiles.main - INFO - 1 change detected
2025-10-10 14:22:52,260 - watchfiles.main - INFO - 1 change detected
2025-10-10 14:22:52,611 - watchfiles.main - INFO - 1 change detected
2025-10-10 14:22:52,961 - watchfiles.main - INFO - 1 change detected
2025-10-10 14:22:53,312 - watchfiles.main - INFO - 1 change detected
2025-10-10 14:22:53,662 - watchfiles.main - INFO - 1 change detected
2025-10-10 14:22:54,013 - watchfiles.main - INFO - 1 change detected
2025-10-10 14:22:54,363 - watchfiles.main - INFO - 1 change detected
2025-10-10 14:22:54,713 - watchfiles.main - INFO - 1 change detected
2025-10-10 14:22:55,064 - watchfiles.main - INFO - 1 change detected
2025-10-10 14:22:55,414 - watchfiles.main - INFO - 1 change detected
2025-10-10 14:22:55,765 - watchfiles.main - INFO - 1 change detected
2025-10-10 14:22:56,115 - watchfiles.main - INFO - 1 change detected
2025-10-10 14:22:56,466 - watchfiles.main - INFO - 1 change detected
2025-10-10 14:22:56,816 - watchfiles.main - INFO - 1 change detected
2025-10-10 14:22:57,167 - watchfiles.main - INFO - 1 change detected
2025-10-10 14:22:57,517 - watchfiles.main - INFO - 1 change detected
2025-10-10 14:22:57,867 - watchfiles.main - INFO - 1 change detected
2025-10-10 14:22:58,218 - watchfiles.main - INFO - 1 change detected
2025-10-10 14:22:58,568 - watchfiles.main - INFO - 1 change detected
2025-10-10 14:22:58,919 - watchfiles.main - INFO - 1 change detected
2025-10-10 14:22:59,269 - watchfiles.main - INFO - 1 change detected
2025-10-10 14:22:59,620 - watchfiles.main - INFO - 1 change detected
2025-10-10 14:22:59,970 - watchfiles.main - INFO - 1 change detected
2025-10-10 14:23:00,320 - watchfiles.main - INFO - 1 change detected
2025-10-10 14:23:00,671 - watchfiles.main - INFO - 1 change detected
2025-10-10 14:23:01,021 - watchfiles.main - INFO - 1 change detected
2025-10-10 14:23:01,372 - watchfiles.main - INFO - 1 change detected
2025-10-10 14:23:01,722 - watchfiles.main - INFO - 1 change detected
2025-10-10 14:23:02,073 - watchfiles.main - INFO - 1 change detected
2025-10-10 14:23:02,423 - watchfiles.main - INFO - 1 change detected
2025-10-10 14:23:02,773 - watchfiles.main - INFO - 1 change detected
2025-10-10 14:23:03,124 - watchfiles.main - INFO - 1 change detected
2025-10-10 14:23:03,474 - watchfiles.main - INFO - 1 change detected
2025-10-10 14:23:03,825 - watchfiles.main - INFO - 1 change detected
2025-10-10 14:23:04,175 - watchfiles.main - INFO - 1 change detected
2025-10-10 14:23:04,526 - watchfiles.main - INFO - 1 change detected
2025-10-10 14:23:04,876 - watchfiles.main - INFO - 1 change detected
2025-10-10 14:23:05,226 - watchfiles.main - INFO - 1 change detected
2025-10-10 14:23:05,577 - watchfiles.main - INFO - 1 change detected
2025-10-10 14:23:05,927 - watchfiles.main - INFO - 1 change detected
2025-10-10 14:23:06,278 - watchfiles.main - INFO - 1 change detected
2025-10-10 14:23:06,628 - watchfiles.main - INFO - 1 change detected
2025-10-10 14:23:06,979 - watchfiles.main - INFO - 1 change detected
2025-10-10 14:23:07,329 - watchfiles.main - INFO - 1 change detected
2025-10-10 14:23:07,679 - watchfiles.main - INFO - 1 change detected
2025-10-10 14:23:08,030 - watchfiles.main - INFO - 1 change detected
2025-10-10 14:23:08,380 - watchfiles.main - INFO - 1 change detected
2025-10-10 14:23:08,731 - watchfiles.main - INFO - 1 change detected
2025-10-10 14:23:09,081 - watchfiles.main - INFO - 1 change detected
2025-10-10 14:23:09,432 - watchfiles.main - INFO - 1 change detected
2025-10-10 14:23:09,782 - watchfiles.main - INFO - 1 change detected
2025-10-10 14:23:10,132 - watchfiles.main - INFO - 1 change detected
2025-10-10 14:23:10,483 - watchfiles.main - INFO - 1 change detected
2025-10-10 14:23:10,833 - watchfiles.main - INFO - 1 change detected
2025-10-10 14:23:11,184 - watchfiles.main - INFO - 1 change detected
2025-10-10 14:23:11,534 - watchfiles.main - INFO - 1 change detected
2025-10-10 14:23:11,885 - watchfiles.main - INFO - 1 change detected
2025-10-10 14:23:12,235 - watchfiles.main - INFO - 1 change detected
2025-10-10 14:23:12,585 - watchfiles.main - INFO - 1 change detected
2025-10-10 14:23:12,936 - watchfiles.main - INFO - 1 change detected
2025-10-10 14:23:13,286 - watchfiles.main - INFO - 1 change detected
2025-10-10 14:23:13,637 - watchfiles.main - INFO - 1 change detected
2025-10-10 14:23:13,987 - watchfiles.main - INFO - 1 change detected
2025-10-10 14:23:14,338 - watchfiles.main - INFO - 1 change detected
2025-10-10 14:23:14,688 - watchfiles.main - INFO - 1 change detected
2025-10-10 14:23:15,038 - watchfiles.main - INFO - 1 change detected
2025-10-10 14:23:15,389 - watchfiles.main - INFO - 1 change detected
2025-10-10 14:23:15,739 - watchfiles.main - INFO - 1 change detected
2025-10-10 14:23:16,090 - watchfiles.main - INFO - 1 change detected
2025-10-10 14:23:16,440 - watchfiles.main - INFO - 1 change detected
2025-10-10 14:23:16,791 - watchfiles.main - INFO - 1 change detected
2025-10-10 14:23:17,141 - watchfiles.main - INFO - 1 change detected
2025-10-10 14:23:17,492 - watchfiles.main - INFO - 1 change detected
2025-10-10 14:23:17,842 - watchfiles.main - INFO - 1 change detected
2025-10-10 14:23:18,192 - watchfiles.main - INFO - 1 change detected
2025-10-10 14:23:18,543 - watchfiles.main - INFO - 1 change detected
2025-10-10 14:23:18,893 - watchfiles.main - INFO - 1 change detected
2025-10-10 14:23:19,244 - watchfiles.main - INFO - 1 change detected
2025-10-10 14:23:19,594 - watchfiles.main - INFO - 1 change detected
2025-10-10 14:23:19,945 - watchfiles.main - INFO - 1 change detected
2025-10-10 14:23:20,295 - watchfiles.main - INFO - 1 change detected
2025-10-10 14:23:20,646 - watchfiles.main - INFO - 1 change detected
2025-10-10 14:23:20,996 - watchfiles.main - INFO - 1 change detected
2025-10-10 14:23:21,346 - watchfiles.main - INFO - 1 change detected
2025-10-10 14:23:21,697 - watchfiles.main - INFO - 1 change detected
2025-10-10 14:23:22,047 - watchfiles.main - INFO - 1 change detected
2025-10-10 14:23:22,428 - watchfiles.main - INFO - 1 change detected
2025-10-10 14:23:22,778 - watchfiles.main - INFO - 1 change detected
2025-10-10 14:23:23,129 - watchfiles.main - INFO - 1 change detected
2025-10-10 14:23:23,479 - watchfiles.main - INFO - 1 change detected
2025-10-10 14:23:23,830 - watchfiles.main - INFO - 1 change detected
2025-10-10 14:23:24,180 - watchfiles.main - INFO - 1 change detected
2025-10-10 14:23:24,531 - watchfiles.main - INFO - 1 change detected
2025-10-10 14:23:24,881 - watchfiles.main - INFO - 1 change detected
2025-10-10 14:23:25,232 - watchfiles.main - INFO - 1 change detected
2025-10-10 14:23:25,582 - watchfiles.main - INFO - 1 change detected
2025-10-10 14:23:25,932 - watchfiles.main - INFO - 1 change detected
2025-10-10 14:23:26,283 - watchfiles.main - INFO - 1 change detected
2025-10-10 14:23:26,633 - watchfiles.main - INFO - 1 change detected
2025-10-10 14:23:26,984 - watchfiles.main - INFO - 1 change detected
2025-10-10 14:23:27,334 - watchfiles.main - INFO - 1 change detected
2025-10-10 14:23:27,685 - watchfiles.main - INFO - 1 change detected
2025-10-10 14:23:28,035 - watchfiles.main - INFO - 1 change detected
2025-10-10 14:23:28,385 - watchfiles.main - INFO - 1 change detected
2025-10-10 14:23:28,736 - watchfiles.main - INFO - 1 change detected
2025-10-10 14:23:29,086 - watchfiles.main - INFO - 1 change detected
2025-10-10 14:23:29,437 - watchfiles.main - INFO - 1 change detected
2025-10-10 14:23:29,787 - watchfiles.main - INFO - 1 change detected
2025-10-10 14:23:30,138 - watchfiles.main - INFO - 1 change detected
2025-10-10 14:23:30,488 - watchfiles.main - INFO - 1 change detected
2025-10-10 14:23:30,838 - watchfiles.main - INFO - 1 change detected
2025-10-10 14:23:31,189 - watchfiles.main - INFO - 1 change detected
2025-10-10 14:23:31,539 - watchfiles.main - INFO - 1 change detected
2025-10-10 14:23:31,890 - watchfiles.main - INFO - 1 change detected
2025-10-10 14:23:32,240 - watchfiles.main - INFO - 1 change detected
2025-10-10 14:23:32,591 - watchfiles.main - INFO - 1 change detected
2025-10-10 14:23:32,941 - watchfiles.main - INFO - 1 change detected
2025-10-10 14:23:33,291 - watchfiles.main - INFO - 1 change detected
2025-10-10 14:23:33,642 - watchfiles.main - INFO - 1 change detected
2025-10-10 14:23:33,992 - watchfiles.main - INFO - 1 change detected
2025-10-10 14:23:34,343 - watchfiles.main - INFO - 1 change detected
2025-10-10 14:23:34,693 - watchfiles.main - INFO - 1 change detected
2025-10-10 14:23:35,044 - watchfiles.main - INFO - 1 change detected
2025-10-10 14:23:35,394 - watchfiles.main - INFO - 1 change detected
2025-10-10 14:23:35,744 - watchfiles.main - INFO - 1 change detected
2025-10-10 14:23:36,095 - watchfiles.main - INFO - 1 change detected
2025-10-10 14:23:36,445 - watchfiles.main - INFO - 1 change detected
2025-10-10 14:23:36,796 - watchfiles.main - INFO - 1 change detected
2025-10-10 14:23:37,146 - watchfiles.main - INFO - 1 change detected
2025-10-10 14:23:37,497 - watchfiles.main - INFO - 1 change detected
2025-10-10 14:23:37,847 - watchfiles.main - INFO - 1 change detected
2025-10-10 14:23:38,197 - watchfiles.main - INFO - 1 change detected
2025-10-10 14:23:38,548 - watchfiles.main - INFO - 1 change detected
2025-10-10 14:23:38,898 - watchfiles.main - INFO - 1 change detected
2025-10-10 14:23:39,250 - watchfiles.main - INFO - 1 change detected
2025-10-10 14:23:39,600 - watchfiles.main - INFO - 1 change detected
2025-10-10 14:23:39,951 - watchfiles.main - INFO - 1 change detected
2025-10-10 14:23:40,301 - watchfiles.main - INFO - 1 change detected
2025-10-10 14:23:40,652 - watchfiles.main - INFO - 1 change detected
2025-10-10 14:23:41,002 - watchfiles.main - INFO - 1 change detected
2025-10-10 14:23:41,352 - watchfiles.main - INFO - 1 change detected
2025-10-10 14:23:41,703 - watchfiles.main - INFO - 1 change detected
2025-10-10 14:23:42,053 - watchfiles.main - INFO - 1 change detected
2025-10-10 14:23:42,404 - watchfiles.main - INFO - 1 change detected
2025-10-10 14:23:42,754 - watchfiles.main - INFO - 1 change detected
2025-10-10 14:23:43,105 - watchfiles.main - INFO - 1 change detected
2025-10-10 14:23:43,455 - watchfiles.main - INFO - 1 change detected
2025-10-10 14:23:43,805 - watchfiles.main - INFO - 1 change detected
2025-10-10 14:23:44,156 - watchfiles.main - INFO - 1 change detected
2025-10-10 14:23:44,506 - watchfiles.main - INFO - 1 change detected
2025-10-10 14:23:44,857 - watchfiles.main - INFO - 1 change detected
2025-10-10 14:23:45,207 - watchfiles.main - INFO - 1 change detected
2025-10-10 14:23:45,557 - watchfiles.main - INFO - 1 change detected
2025-10-10 14:23:45,908 - watchfiles.main - INFO - 1 change detected
2025-10-10 14:23:46,258 - watchfiles.main - INFO - 1 change detected
2025-10-10 14:23:46,609 - watchfiles.main - INFO - 1 change detected
2025-10-10 14:23:46,959 - watchfiles.main - INFO - 1 change detected
2025-10-10 14:23:47,310 - watchfiles.main - INFO - 1 change detected
2025-10-10 14:23:47,660 - watchfiles.main - INFO - 1 change detected
2025-10-10 14:23:48,010 - watchfiles.main - INFO - 1 change detected
2025-10-10 14:23:48,361 - watchfiles.main - INFO - 1 change detected
2025-10-10 14:23:48,711 - watchfiles.main - INFO - 1 change detected
2025-10-10 14:23:49,062 - watchfiles.main - INFO - 1 change detected
2025-10-10 14:23:49,412 - watchfiles.main - INFO - 1 change detected
2025-10-10 14:23:49,763 - watchfiles.main - INFO - 1 change detected
2025-10-10 14:23:50,113 - watchfiles.main - INFO - 1 change detected
2025-10-10 14:23:50,463 - watchfiles.main - INFO - 1 change detected
2025-10-10 14:23:50,814 - watchfiles.main - INFO - 1 change detected
2025-10-10 14:23:51,164 - watchfiles.main - INFO - 1 change detected
2025-10-10 14:23:51,515 - watchfiles.main - INFO - 1 change detected
2025-10-10 14:23:51,865 - watchfiles.main - INFO - 1 change detected
2025-10-10 14:23:52,216 - watchfiles.main - INFO - 1 change detected
2025-10-10 14:23:52,566 - watchfiles.main - INFO - 1 change detected
2025-10-10 14:23:52,916 - watchfiles.main - INFO - 1 change detected
2025-10-10 14:23:53,267 - watchfiles.main - INFO - 1 change detected
2025-10-10 14:23:53,617 - watchfiles.main - INFO - 1 change detected
2025-10-10 14:23:53,968 - watchfiles.main - INFO - 1 change detected
2025-10-10 14:23:54,318 - watchfiles.main - INFO - 1 change detected
2025-10-10 14:23:54,669 - watchfiles.main - INFO - 1 change detected
2025-10-10 14:23:55,019 - watchfiles.main - INFO - 1 change detected
2025-10-10 14:23:55,370 - watchfiles.main - INFO - 1 change detected
2025-10-10 14:23:55,720 - watchfiles.main - INFO - 1 change detected
2025-10-10 14:23:56,070 - watchfiles.main - INFO - 1 change detected
2025-10-10 14:23:56,421 - watchfiles.main - INFO - 1 change detected
2025-10-10 14:23:56,771 - watchfiles.main - INFO - 1 change detected
2025-10-10 14:23:57,122 - watchfiles.main - INFO - 1 change detected
2025-10-10 14:23:57,472 - watchfiles.main - INFO - 1 change detected
2025-10-10 14:23:57,823 - watchfiles.main - INFO - 1 change detected
2025-10-10 14:23:58,173 - watchfiles.main - INFO - 1 change detected
2025-10-10 14:23:58,523 - watchfiles.main - INFO - 1 change detected
2025-10-10 14:23:58,874 - watchfiles.main - INFO - 1 change detected
2025-10-10 14:23:59,224 - watchfiles.main - INFO - 1 change detected
2025-10-10 14:23:59,575 - watchfiles.main - INFO - 1 change detected
2025-10-10 14:23:59,925 - watchfiles.main - INFO - 1 change detected
2025-10-10 14:24:00,276 - watchfiles.main - INFO - 1 change detected
2025-10-10 14:24:00,626 - watchfiles.main - INFO - 1 change detected
2025-10-10 14:24:00,976 - watchfiles.main - INFO - 1 change detected
2025-10-10 14:24:01,327 - watchfiles.main - INFO - 1 change detected
2025-10-10 14:24:01,677 - watchfiles.main - INFO - 1 change detected
2025-10-10 14:24:02,028 - watchfiles.main - INFO - 1 change detected
2025-10-10 14:24:02,378 - watchfiles.main - INFO - 1 change detected
2025-10-10 14:24:02,729 - watchfiles.main - INFO - 1 change detected
2025-10-10 14:24:03,079 - watchfiles.main - INFO - 1 change detected
2025-10-10 14:24:03,429 - watchfiles.main - INFO - 1 change detected
2025-10-10 14:24:03,780 - watchfiles.main - INFO - 1 change detected
2025-10-10 14:24:04,130 - watchfiles.main - INFO - 1 change detected
2025-10-10 14:24:04,481 - watchfiles.main - INFO - 1 change detected
2025-10-10 14:24:04,831 - watchfiles.main - INFO - 1 change detected
2025-10-10 14:24:05,182 - watchfiles.main - INFO - 1 change detected
2025-10-10 14:24:05,532 - watchfiles.main - INFO - 1 change detected
2025-10-10 14:24:05,882 - watchfiles.main - INFO - 1 change detected
2025-10-10 14:24:06,233 - watchfiles.main - INFO - 1 change detected
2025-10-10 14:24:06,583 - watchfiles.main - INFO - 1 change detected
2025-10-10 14:24:06,934 - watchfiles.main - INFO - 1 change detected
2025-10-10 14:24:07,284 - watchfiles.main - INFO - 1 change detected
2025-10-10 14:24:07,635 - watchfiles.main - INFO - 1 change detected
2025-10-10 14:24:07,985 - watchfiles.main - INFO - 1 change detected
2025-10-10 14:24:08,335 - watchfiles.main - INFO - 1 change detected
2025-10-10 14:24:08,686 - watchfiles.main - INFO - 1 change detected
2025-10-10 14:24:09,036 - watchfiles.main - INFO - 1 change detected
2025-10-10 14:24:09,387 - watchfiles.main - INFO - 1 change detected
2025-10-10 14:24:09,737 - watchfiles.main - INFO - 1 change detected
2025-10-10 14:24:10,088 - watchfiles.main - INFO - 1 change detected
2025-10-10 14:24:10,438 - watchfiles.main - INFO - 1 change detected
2025-10-10 14:24:10,788 - watchfiles.main - INFO - 1 change detected
2025-10-10 14:24:11,139 - watchfiles.main - INFO - 1 change detected
2025-10-10 14:24:11,489 - watchfiles.main - INFO - 1 change detected
2025-10-10 14:24:11,840 - watchfiles.main - INFO - 1 change detected
2025-10-10 14:24:12,190 - watchfiles.main - INFO - 1 change detected
2025-10-10 14:24:12,541 - watchfiles.main - INFO - 1 change detected
2025-10-10 14:24:13,028 - watchfiles.main - INFO - 1 change detected
2025-10-10 14:24:13,379 - watchfiles.main - INFO - 1 change detected
2025-10-10 14:24:13,729 - watchfiles.main - INFO - 1 change detected
2025-10-10 14:24:14,080 - watchfiles.main - INFO - 1 change detected
2025-10-10 14:24:14,430 - watchfiles.main - INFO - 1 change detected
2025-10-10 14:24:14,780 - watchfiles.main - INFO - 1 change detected
2025-10-10 14:24:15,131 - watchfiles.main - INFO - 1 change detected
2025-10-10 14:24:15,481 - watchfiles.main - INFO - 1 change detected
2025-10-10 14:24:15,832 - watchfiles.main - INFO - 1 change detected
2025-10-10 14:24:16,182 - watchfiles.main - INFO - 1 change detected
2025-10-10 14:24:16,533 - watchfiles.main - INFO - 1 change detected
2025-10-10 14:24:16,883 - watchfiles.main - INFO - 1 change detected
2025-10-10 14:24:17,347 - watchfiles.main - INFO - 1 change detected
2025-10-10 14:24:18,478 - watchfiles.main - INFO - 1 change detected
2025-10-10 14:24:18,828 - watchfiles.main - INFO - 1 change detected
2025-10-10 14:24:19,179 - watchfiles.main - INFO - 1 change detected
2025-10-10 14:24:19,529 - watchfiles.main - INFO - 1 change detected
2025-10-10 14:24:19,879 - watchfiles.main - INFO - 1 change detected
2025-10-10 14:24:20,230 - watchfiles.main - INFO - 1 change detected
2025-10-10 14:24:20,580 - watchfiles.main - INFO - 1 change detected
2025-10-10 14:24:20,931 - watchfiles.main - INFO - 1 change detected
2025-10-10 14:24:21,281 - watchfiles.main - INFO - 1 change detected
2025-10-10 14:24:21,632 - watchfiles.main - INFO - 1 change detected
2025-10-10 14:24:21,982 - watchfiles.main - INFO - 1 change detected
2025-10-10 14:24:22,333 - watchfiles.main - INFO - 1 change detected
2025-10-10 14:24:22,683 - watchfiles.main - INFO - 1 change detected
2025-10-10 14:24:23,034 - watchfiles.main - INFO - 1 change detected
2025-10-10 14:24:23,384 - watchfiles.main - INFO - 1 change detected
2025-10-10 14:24:23,734 - watchfiles.main - INFO - 1 change detected
2025-10-10 14:24:24,085 - watchfiles.main - INFO - 1 change detected
2025-10-10 14:24:24,435 - watchfiles.main - INFO - 1 change detected
2025-10-10 14:24:24,786 - watchfiles.main - INFO - 1 change detected
2025-10-10 14:24:25,136 - watchfiles.main - INFO - 1 change detected
2025-10-10 14:24:25,487 - watchfiles.main - INFO - 1 change detected
2025-10-10 14:24:25,837 - watchfiles.main - INFO - 1 change detected
2025-10-10 14:24:26,188 - watchfiles.main - INFO - 1 change detected
2025-10-10 14:24:26,538 - watchfiles.main - INFO - 1 change detected
2025-10-10 14:24:26,889 - watchfiles.main - INFO - 1 change detected
2025-10-10 14:24:27,239 - watchfiles.main - INFO - 1 change detected
2025-10-10 14:24:27,590 - watchfiles.main - INFO - 1 change detected
2025-10-10 14:24:27,940 - watchfiles.main - INFO - 1 change detected
2025-10-10 14:24:28,291 - watchfiles.main - INFO - 1 change detected
2025-10-10 14:24:28,641 - watchfiles.main - INFO - 1 change detected
2025-10-10 14:24:28,991 - watchfiles.main - INFO - 1 change detected
2025-10-10 14:24:29,342 - watchfiles.main - INFO - 1 change detected
2025-10-10 14:24:29,692 - watchfiles.main - INFO - 1 change detected
2025-10-10 14:24:30,043 - watchfiles.main - INFO - 1 change detected
2025-10-10 14:24:30,393 - watchfiles.main - INFO - 1 change detected
2025-10-10 14:24:30,744 - watchfiles.main - INFO - 1 change detected
2025-10-10 14:24:31,094 - watchfiles.main - INFO - 1 change detected
2025-10-10 14:24:31,445 - watchfiles.main - INFO - 1 change detected
2025-10-10 14:24:31,795 - watchfiles.main - INFO - 1 change detected
2025-10-10 14:24:32,145 - watchfiles.main - INFO - 1 change detected
2025-10-10 14:24:32,496 - watchfiles.main - INFO - 1 change detected
2025-10-10 14:24:32,846 - watchfiles.main - INFO - 1 change detected
2025-10-10 14:24:33,197 - watchfiles.main - INFO - 1 change detected
2025-10-10 14:24:33,547 - watchfiles.main - INFO - 1 change detected
2025-10-10 14:24:33,898 - watchfiles.main - INFO - 1 change detected
2025-10-10 14:24:34,248 - watchfiles.main - INFO - 1 change detected
2025-10-10 14:24:34,599 - watchfiles.main - INFO - 1 change detected
2025-10-10 14:24:34,949 - watchfiles.main - INFO - 1 change detected
2025-10-10 14:24:35,299 - watchfiles.main - INFO - 1 change detected
2025-10-10 14:24:35,650 - watchfiles.main - INFO - 1 change detected
2025-10-10 14:24:36,000 - watchfiles.main - INFO - 1 change detected
2025-10-10 14:24:36,380 - watchfiles.main - INFO - 1 change detected
2025-10-10 14:24:36,730 - watchfiles.main - INFO - 1 change detected
2025-10-10 14:24:37,080 - watchfiles.main - INFO - 1 change detected
2025-10-10 14:24:37,431 - watchfiles.main - INFO - 1 change detected
2025-10-10 14:24:37,781 - watchfiles.main - INFO - 1 change detected
2025-10-10 14:24:38,132 - watchfiles.main - INFO - 1 change detected
2025-10-10 14:24:38,483 - watchfiles.main - INFO - 1 change detected
2025-10-10 14:24:38,833 - watchfiles.main - INFO - 1 change detected
2025-10-10 14:24:39,184 - watchfiles.main - INFO - 1 change detected
2025-10-10 14:24:39,534 - watchfiles.main - INFO - 1 change detected
2025-10-10 14:24:39,885 - watchfiles.main - INFO - 1 change detected
2025-10-10 14:24:40,235 - watchfiles.main - INFO - 1 change detected
2025-10-10 14:24:40,586 - watchfiles.main - INFO - 1 change detected
2025-10-10 14:24:40,938 - watchfiles.main - INFO - 1 change detected
2025-10-10 14:24:41,288 - watchfiles.main - INFO - 1 change detected
2025-10-10 14:24:41,639 - watchfiles.main - INFO - 1 change detected
2025-10-10 14:24:41,989 - watchfiles.main - INFO - 1 change detected
2025-10-10 14:24:42,340 - watchfiles.main - INFO - 1 change detected
2025-10-10 14:24:42,690 - watchfiles.main - INFO - 1 change detected
2025-10-10 14:24:43,041 - watchfiles.main - INFO - 1 change detected
2025-10-10 14:24:43,391 - watchfiles.main - INFO - 1 change detected
2025-10-10 14:24:43,742 - watchfiles.main - INFO - 1 change detected
2025-10-10 14:24:44,092 - watchfiles.main - INFO - 1 change detected
2025-10-10 14:24:44,442 - watchfiles.main - INFO - 1 change detected
2025-10-10 14:24:44,793 - watchfiles.main - INFO - 1 change detected
2025-10-10 14:24:45,143 - watchfiles.main - INFO - 1 change detected
2025-10-10 14:24:45,494 - watchfiles.main - INFO - 1 change detected
2025-10-10 14:24:45,844 - watchfiles.main - INFO - 1 change detected
2025-10-10 14:24:46,195 - watchfiles.main - INFO - 1 change detected
2025-10-10 14:24:46,548 - watchfiles.main - INFO - 1 change detected
2025-10-10 14:24:46,899 - watchfiles.main - INFO - 1 change detected
2025-10-10 14:24:47,249 - watchfiles.main - INFO - 1 change detected
2025-10-10 14:24:47,600 - watchfiles.main - INFO - 1 change detected
2025-10-10 14:24:47,950 - watchfiles.main - INFO - 1 change detected
2025-10-10 14:24:48,300 - watchfiles.main - INFO - 1 change detected
2025-10-10 14:24:48,651 - watchfiles.main - INFO - 1 change detected
2025-10-10 14:24:49,001 - watchfiles.main - INFO - 1 change detected
2025-10-10 14:24:49,352 - watchfiles.main - INFO - 1 change detected
2025-10-10 14:24:49,702 - watchfiles.main - INFO - 1 change detected
2025-10-10 14:24:50,053 - watchfiles.main - INFO - 1 change detected
2025-10-10 14:24:50,403 - watchfiles.main - INFO - 1 change detected
2025-10-10 14:24:50,754 - watchfiles.main - INFO - 1 change detected
2025-10-10 14:24:51,104 - watchfiles.main - INFO - 1 change detected
2025-10-10 14:24:51,455 - watchfiles.main - INFO - 1 change detected
2025-10-10 14:24:51,805 - watchfiles.main - INFO - 1 change detected
2025-10-10 14:24:52,156 - watchfiles.main - INFO - 1 change detected
2025-10-10 14:24:52,506 - watchfiles.main - INFO - 1 change detected
2025-10-10 14:24:52,857 - watchfiles.main - INFO - 1 change detected
2025-10-10 14:24:53,212 - watchfiles.main - INFO - 1 change detected
2025-10-10 14:24:53,562 - watchfiles.main - INFO - 1 change detected
2025-10-10 14:24:53,928 - watchfiles.main - INFO - 1 change detected
2025-10-10 14:24:54,278 - watchfiles.main - INFO - 1 change detected
2025-10-10 14:24:54,629 - watchfiles.main - INFO - 1 change detected
2025-10-10 14:24:54,979 - watchfiles.main - INFO - 1 change detected
2025-10-10 14:24:55,330 - watchfiles.main - INFO - 1 change detected
2025-10-10 14:24:55,680 - watchfiles.main - INFO - 1 change detected
2025-10-10 14:24:56,031 - watchfiles.main - INFO - 1 change detected
2025-10-10 14:24:56,381 - watchfiles.main - INFO - 1 change detected
2025-10-10 14:24:56,732 - watchfiles.main - INFO - 1 change detected
2025-10-10 14:24:57,082 - watchfiles.main - INFO - 1 change detected
2025-10-10 14:24:57,433 - watchfiles.main - INFO - 1 change detected
2025-10-10 14:24:57,783 - watchfiles.main - INFO - 1 change detected
2025-10-10 14:24:58,134 - watchfiles.main - INFO - 1 change detected
2025-10-10 14:24:58,484 - watchfiles.main - INFO - 1 change detected
2025-10-10 14:24:58,835 - watchfiles.main - INFO - 1 change detected
2025-10-10 14:24:59,185 - watchfiles.main - INFO - 1 change detected
2025-10-10 14:24:59,535 - watchfiles.main - INFO - 1 change detected
2025-10-10 14:24:59,886 - watchfiles.main - INFO - 1 change detected
2025-10-10 14:25:00,236 - watchfiles.main - INFO - 1 change detected
2025-10-10 14:25:00,587 - watchfiles.main - INFO - 1 change detected
2025-10-10 14:25:00,937 - watchfiles.main - INFO - 1 change detected
2025-10-10 14:25:01,288 - watchfiles.main - INFO - 1 change detected
2025-10-10 14:25:01,638 - watchfiles.main - INFO - 1 change detected
2025-10-10 14:25:01,989 - watchfiles.main - INFO - 1 change detected
2025-10-10 14:25:02,339 - watchfiles.main - INFO - 1 change detected
2025-10-10 14:25:02,690 - watchfiles.main - INFO - 1 change detected
2025-10-10 14:25:03,040 - watchfiles.main - INFO - 1 change detected
2025-10-10 14:25:03,390 - watchfiles.main - INFO - 1 change detected
2025-10-10 14:25:03,741 - watchfiles.main - INFO - 1 change detected
2025-10-10 14:25:04,091 - watchfiles.main - INFO - 1 change detected
2025-10-10 14:25:04,442 - watchfiles.main - INFO - 1 change detected
2025-10-10 14:25:04,792 - watchfiles.main - INFO - 1 change detected
2025-10-10 14:25:05,143 - watchfiles.main - INFO - 1 change detected
2025-10-10 14:25:05,493 - watchfiles.main - INFO - 1 change detected
2025-10-10 14:25:05,843 - watchfiles.main - INFO - 1 change detected
2025-10-10 14:25:06,194 - watchfiles.main - INFO - 1 change detected
2025-10-10 14:25:06,544 - watchfiles.main - INFO - 1 change detected
2025-10-10 14:25:06,895 - watchfiles.main - INFO - 1 change detected
2025-10-10 14:25:07,245 - watchfiles.main - INFO - 1 change detected
2025-10-10 14:25:07,596 - watchfiles.main - INFO - 1 change detected
2025-10-10 14:25:07,946 - watchfiles.main - INFO - 1 change detected
2025-10-10 14:25:08,296 - watchfiles.main - INFO - 1 change detected
2025-10-10 14:25:08,647 - watchfiles.main - INFO - 1 change detected
2025-10-10 14:25:08,997 - watchfiles.main - INFO - 1 change detected
2025-10-10 14:25:09,348 - watchfiles.main - INFO - 1 change detected
2025-10-10 14:25:09,698 - watchfiles.main - INFO - 1 change detected
2025-10-10 14:25:10,049 - watchfiles.main - INFO - 1 change detected
2025-10-10 14:25:10,399 - watchfiles.main - INFO - 1 change detected
2025-10-10 14:25:10,750 - watchfiles.main - INFO - 1 change detected
2025-10-10 14:25:11,104 - watchfiles.main - INFO - 1 change detected
2025-10-10 14:25:11,455 - watchfiles.main - INFO - 1 change detected
2025-10-10 14:25:11,805 - watchfiles.main - INFO - 1 change detected
2025-10-10 14:25:12,156 - watchfiles.main - INFO - 1 change detected
2025-10-10 14:25:12,506 - watchfiles.main - INFO - 1 change detected
2025-10-10 14:25:12,857 - watchfiles.main - INFO - 1 change detected
2025-10-10 14:25:13,207 - watchfiles.main - INFO - 1 change detected
2025-10-10 14:25:13,557 - watchfiles.main - INFO - 1 change detected
2025-10-10 14:25:13,908 - watchfiles.main - INFO - 1 change detected
2025-10-10 14:25:14,258 - watchfiles.main - INFO - 1 change detected
2025-10-10 14:25:14,609 - watchfiles.main - INFO - 1 change detected
2025-10-10 14:25:14,959 - watchfiles.main - INFO - 1 change detected
2025-10-10 14:25:15,310 - watchfiles.main - INFO - 1 change detected
2025-10-10 14:25:15,660 - watchfiles.main - INFO - 1 change detected
2025-10-10 14:25:16,010 - watchfiles.main - INFO - 1 change detected
2025-10-10 14:25:16,361 - watchfiles.main - INFO - 1 change detected
2025-10-10 14:25:16,711 - watchfiles.main - INFO - 1 change detected
2025-10-10 14:25:17,062 - watchfiles.main - INFO - 1 change detected
2025-10-10 14:25:17,412 - watchfiles.main - INFO - 1 change detected
2025-10-10 14:25:17,763 - watchfiles.main - INFO - 1 change detected
2025-10-10 14:25:18,113 - watchfiles.main - INFO - 1 change detected
2025-10-10 14:25:18,463 - watchfiles.main - INFO - 1 change detected
2025-10-10 14:25:18,814 - watchfiles.main - INFO - 1 change detected
2025-10-10 14:25:19,164 - watchfiles.main - INFO - 1 change detected
2025-10-10 14:25:19,515 - watchfiles.main - INFO - 1 change detected
2025-10-10 14:25:19,865 - watchfiles.main - INFO - 1 change detected
2025-10-10 14:25:20,216 - watchfiles.main - INFO - 1 change detected
2025-10-10 14:25:20,566 - watchfiles.main - INFO - 1 change detected
2025-10-10 14:25:20,917 - watchfiles.main - INFO - 1 change detected
2025-10-10 14:25:21,267 - watchfiles.main - INFO - 1 change detected
2025-10-10 14:25:21,617 - watchfiles.main - INFO - 1 change detected
2025-10-10 14:25:21,968 - watchfiles.main - INFO - 1 change detected
2025-10-10 14:25:22,318 - watchfiles.main - INFO - 1 change detected
2025-10-10 14:25:22,669 - watchfiles.main - INFO - 1 change detected
2025-10-10 14:25:23,019 - watchfiles.main - INFO - 1 change detected
2025-10-10 14:25:23,370 - watchfiles.main - INFO - 1 change detected
2025-10-10 14:25:23,720 - watchfiles.main - INFO - 1 change detected
2025-10-10 14:25:24,070 - watchfiles.main - INFO - 1 change detected
2025-10-10 14:25:24,421 - watchfiles.main - INFO - 1 change detected
2025-10-10 14:25:24,771 - watchfiles.main - INFO - 1 change detected
2025-10-10 14:25:25,122 - watchfiles.main - INFO - 1 change detected
2025-10-10 14:25:25,472 - watchfiles.main - INFO - 1 change detected
2025-10-10 14:25:25,823 - watchfiles.main - INFO - 1 change detected
2025-10-10 14:25:26,173 - watchfiles.main - INFO - 1 change detected
2025-10-10 14:25:26,524 - watchfiles.main - INFO - 1 change detected
2025-10-10 14:25:26,874 - watchfiles.main - INFO - 1 change detected
2025-10-10 14:25:27,224 - watchfiles.main - INFO - 1 change detected
2025-10-10 14:25:27,578 - watchfiles.main - INFO - 1 change detected
2025-10-10 14:25:27,928 - watchfiles.main - INFO - 1 change detected
2025-10-10 14:25:28,278 - watchfiles.main - INFO - 1 change detected
2025-10-10 14:25:28,629 - watchfiles.main - INFO - 1 change detected
2025-10-10 14:25:28,979 - watchfiles.main - INFO - 1 change detected
2025-10-10 14:25:29,330 - watchfiles.main - INFO - 1 change detected
2025-10-10 14:25:29,680 - watchfiles.main - INFO - 1 change detected
2025-10-10 14:25:30,031 - watchfiles.main - INFO - 1 change detected
2025-10-10 14:25:30,381 - watchfiles.main - INFO - 1 change detected
2025-10-10 14:25:30,732 - watchfiles.main - INFO - 1 change detected
2025-10-10 14:25:31,082 - watchfiles.main - INFO - 1 change detected
2025-10-10 14:25:31,432 - watchfiles.main - INFO - 1 change detected
2025-10-10 14:25:31,783 - watchfiles.main - INFO - 1 change detected
2025-10-10 14:25:32,186 - watchfiles.main - INFO - 1 change detected
2025-10-10 14:25:32,536 - watchfiles.main - INFO - 1 change detected
2025-10-10 14:25:32,887 - watchfiles.main - INFO - 1 change detected
2025-10-10 14:25:33,237 - watchfiles.main - INFO - 1 change detected
2025-10-10 14:25:33,587 - watchfiles.main - INFO - 1 change detected
2025-10-10 14:25:33,938 - watchfiles.main - INFO - 1 change detected
2025-10-10 14:25:34,288 - watchfiles.main - INFO - 1 change detected
2025-10-10 14:25:34,639 - watchfiles.main - INFO - 1 change detected
2025-10-10 14:25:34,989 - watchfiles.main - INFO - 1 change detected
2025-10-10 14:25:35,340 - watchfiles.main - INFO - 1 change detected
2025-10-10 14:25:35,690 - watchfiles.main - INFO - 1 change detected
2025-10-10 14:25:36,041 - watchfiles.main - INFO - 1 change detected
2025-10-10 14:25:36,391 - watchfiles.main - INFO - 1 change detected
2025-10-10 14:25:36,742 - watchfiles.main - INFO - 1 change detected
2025-10-10 14:25:37,092 - watchfiles.main - INFO - 1 change detected
2025-10-10 14:25:37,443 - watchfiles.main - INFO - 1 change detected
2025-10-10 14:25:37,793 - watchfiles.main - INFO - 1 change detected
2025-10-10 14:25:38,144 - watchfiles.main - INFO - 1 change detected
2025-10-10 14:25:38,494 - watchfiles.main - INFO - 1 change detected
2025-10-10 14:25:38,844 - watchfiles.main - INFO - 1 change detected
2025-10-10 14:25:39,195 - watchfiles.main - INFO - 1 change detected
2025-10-10 14:25:39,545 - watchfiles.main - INFO - 1 change detected
2025-10-10 14:25:39,896 - watchfiles.main - INFO - 1 change detected
2025-10-10 14:25:40,246 - watchfiles.main - INFO - 1 change detected
2025-10-10 14:25:40,597 - watchfiles.main - INFO - 1 change detected
2025-10-10 14:25:40,947 - watchfiles.main - INFO - 1 change detected
2025-10-10 14:25:41,298 - watchfiles.main - INFO - 1 change detected
2025-10-10 14:25:41,648 - watchfiles.main - INFO - 1 change detected
2025-10-10 14:25:41,999 - watchfiles.main - INFO - 1 change detected
2025-10-10 14:25:42,349 - watchfiles.main - INFO - 1 change detected
2025-10-10 14:25:42,699 - watchfiles.main - INFO - 1 change detected
2025-10-10 14:25:43,050 - watchfiles.main - INFO - 1 change detected
2025-10-10 14:25:43,400 - watchfiles.main - INFO - 1 change detected
2025-10-10 14:25:43,751 - watchfiles.main - INFO - 1 change detected
2025-10-10 14:25:44,104 - watchfiles.main - INFO - 1 change detected
2025-10-10 14:25:44,455 - watchfiles.main - INFO - 1 change detected
2025-10-10 14:25:44,805 - watchfiles.main - INFO - 1 change detected
2025-10-10 14:25:45,156 - watchfiles.main - INFO - 1 change detected
2025-10-10 14:25:45,506 - watchfiles.main - INFO - 1 change detected
2025-10-10 14:25:45,857 - watchfiles.main - INFO - 1 change detected
2025-10-10 14:25:46,207 - watchfiles.main - INFO - 1 change detected
2025-10-10 14:25:46,578 - watchfiles.main - INFO - 1 change detected
2025-10-10 14:25:46,928 - watchfiles.main - INFO - 1 change detected
2025-10-10 14:25:47,279 - watchfiles.main - INFO - 1 change detected
2025-10-10 14:25:47,629 - watchfiles.main - INFO - 1 change detected
2025-10-10 14:25:48,236 - watchfiles.main - INFO - 1 change detected
2025-10-10 14:25:48,586 - watchfiles.main - INFO - 1 change detected
2025-10-10 14:25:48,936 - watchfiles.main - INFO - 1 change detected
2025-10-10 14:25:49,287 - watchfiles.main - INFO - 1 change detected
2025-10-10 14:25:49,637 - watchfiles.main - INFO - 1 change detected
2025-10-10 14:25:49,988 - watchfiles.main - INFO - 1 change detected
2025-10-10 14:25:50,338 - watchfiles.main - INFO - 1 change detected
2025-10-10 14:25:50,689 - watchfiles.main - INFO - 1 change detected
2025-10-10 14:25:51,128 - watchfiles.main - INFO - 1 change detected
2025-10-10 14:25:51,478 - watchfiles.main - INFO - 1 change detected
2025-10-10 14:25:51,878 - watchfiles.main - INFO - 1 change detected
2025-10-10 14:25:52,228 - watchfiles.main - INFO - 1 change detected
2025-10-10 14:25:52,579 - watchfiles.main - INFO - 1 change detected
2025-10-10 14:25:52,929 - watchfiles.main - INFO - 1 change detected
2025-10-10 14:25:53,280 - watchfiles.main - INFO - 1 change detected
2025-10-10 14:25:53,630 - watchfiles.main - INFO - 1 change detected
2025-10-10 14:25:54,010 - watchfiles.main - INFO - 1 change detected
2025-10-10 14:25:54,361 - watchfiles.main - INFO - 1 change detected
2025-10-10 14:25:54,711 - watchfiles.main - INFO - 1 change detected
2025-10-10 14:25:55,061 - watchfiles.main - INFO - 1 change detected
2025-10-10 14:25:55,412 - watchfiles.main - INFO - 1 change detected
2025-10-10 14:25:55,762 - watchfiles.main - INFO - 1 change detected
2025-10-10 14:25:56,113 - watchfiles.main - INFO - 1 change detected
2025-10-10 14:25:56,463 - watchfiles.main - INFO - 1 change detected
2025-10-10 14:25:56,814 - watchfiles.main - INFO - 1 change detected
2025-10-10 14:25:57,164 - watchfiles.main - INFO - 1 change detected
2025-10-10 14:25:57,548 - watchfiles.main - INFO - 1 change detected
2025-10-10 14:25:57,899 - watchfiles.main - INFO - 1 change detected
2025-10-10 14:25:58,249 - watchfiles.main - INFO - 1 change detected
2025-10-10 14:25:58,600 - watchfiles.main - INFO - 1 change detected
2025-10-10 14:25:58,950 - watchfiles.main - INFO - 1 change detected
2025-10-10 14:25:59,301 - watchfiles.main - INFO - 1 change detected
2025-10-10 14:25:59,651 - watchfiles.main - INFO - 1 change detected
2025-10-10 14:26:00,002 - watchfiles.main - INFO - 1 change detected
2025-10-10 14:26:00,355 - watchfiles.main - INFO - 1 change detected
2025-10-10 14:26:00,705 - watchfiles.main - INFO - 1 change detected
2025-10-10 14:26:01,056 - watchfiles.main - INFO - 1 change detected
2025-10-10 14:26:01,406 - watchfiles.main - INFO - 1 change detected
2025-10-10 14:26:01,756 - watchfiles.main - INFO - 1 change detected
2025-10-10 14:26:02,107 - watchfiles.main - INFO - 1 change detected
2025-10-10 14:26:02,457 - watchfiles.main - INFO - 1 change detected
2025-10-10 14:26:02,808 - watchfiles.main - INFO - 1 change detected
2025-10-10 14:26:03,158 - watchfiles.main - INFO - 1 change detected
2025-10-10 14:26:03,509 - watchfiles.main - INFO - 1 change detected
2025-10-10 14:26:03,859 - watchfiles.main - INFO - 1 change detected
2025-10-10 14:26:04,210 - watchfiles.main - INFO - 1 change detected
2025-10-10 14:26:04,560 - watchfiles.main - INFO - 1 change detected
2025-10-10 14:26:04,911 - watchfiles.main - INFO - 1 change detected
2025-10-10 14:26:05,261 - watchfiles.main - INFO - 1 change detected
2025-10-10 14:26:05,612 - watchfiles.main - INFO - 1 change detected
2025-10-10 14:26:05,962 - watchfiles.main - INFO - 1 change detected
2025-10-10 14:26:06,313 - watchfiles.main - INFO - 1 change detected
2025-10-10 14:26:06,663 - watchfiles.main - INFO - 1 change detected
2025-10-10 14:26:07,013 - watchfiles.main - INFO - 1 change detected
2025-10-10 14:26:07,364 - watchfiles.main - INFO - 1 change detected
2025-10-10 14:26:07,714 - watchfiles.main - INFO - 1 change detected
2025-10-10 14:26:08,065 - watchfiles.main - INFO - 1 change detected
2025-10-10 14:26:08,415 - watchfiles.main - INFO - 1 change detected
2025-10-10 14:26:08,766 - watchfiles.main - INFO - 1 change detected
2025-10-10 14:26:09,116 - watchfiles.main - INFO - 1 change detected
2025-10-10 14:26:09,467 - watchfiles.main - INFO - 1 change detected
2025-10-10 14:26:09,817 - watchfiles.main - INFO - 1 change detected
2025-10-10 14:26:10,167 - watchfiles.main - INFO - 1 change detected
2025-10-10 14:26:10,518 - watchfiles.main - INFO - 1 change detected
2025-10-10 14:26:10,868 - watchfiles.main - INFO - 1 change detected
2025-10-10 14:26:11,219 - watchfiles.main - INFO - 1 change detected
2025-10-10 14:26:11,569 - watchfiles.main - INFO - 1 change detected
2025-10-10 14:26:11,920 - watchfiles.main - INFO - 1 change detected
2025-10-10 14:26:12,270 - watchfiles.main - INFO - 1 change detected
2025-10-10 14:26:12,620 - watchfiles.main - INFO - 1 change detected
2025-10-10 14:26:12,971 - watchfiles.main - INFO - 1 change detected
2025-10-10 14:26:13,321 - watchfiles.main - INFO - 1 change detected
2025-10-10 14:26:13,672 - watchfiles.main - INFO - 1 change detected
2025-10-10 14:26:14,022 - watchfiles.main - INFO - 1 change detected
2025-10-10 14:26:14,373 - watchfiles.main - INFO - 1 change detected
2025-10-10 14:26:14,723 - watchfiles.main - INFO - 1 change detected
2025-10-10 14:26:15,075 - watchfiles.main - INFO - 1 change detected
2025-10-10 14:26:15,425 - watchfiles.main - INFO - 1 change detected
2025-10-10 14:26:15,776 - watchfiles.main - INFO - 1 change detected
2025-10-10 14:26:16,126 - watchfiles.main - INFO - 1 change detected
2025-10-10 14:26:16,477 - watchfiles.main - INFO - 1 change detected
2025-10-10 14:26:16,827 - watchfiles.main - INFO - 1 change detected
2025-10-10 14:26:17,177 - watchfiles.main - INFO - 1 change detected
2025-10-10 14:26:17,528 - watchfiles.main - INFO - 1 change detected
2025-10-10 14:26:17,878 - watchfiles.main - INFO - 1 change detected
2025-10-10 14:26:18,229 - watchfiles.main - INFO - 1 change detected
2025-10-10 14:26:18,579 - watchfiles.main - INFO - 1 change detected
2025-10-10 14:26:18,930 - watchfiles.main - INFO - 1 change detected
2025-10-10 14:26:19,280 - watchfiles.main - INFO - 1 change detected
2025-10-10 14:26:19,631 - watchfiles.main - INFO - 1 change detected
2025-10-10 14:26:19,981 - watchfiles.main - INFO - 1 change detected
2025-10-10 14:26:20,332 - watchfiles.main - INFO - 1 change detected
2025-10-10 14:26:20,682 - watchfiles.main - INFO - 1 change detected
2025-10-10 14:26:21,033 - watchfiles.main - INFO - 1 change detected
2025-10-10 14:26:21,383 - watchfiles.main - INFO - 1 change detected
2025-10-10 14:26:21,733 - watchfiles.main - INFO - 1 change detected
2025-10-10 14:26:22,084 - watchfiles.main - INFO - 1 change detected
2025-10-10 14:26:22,434 - watchfiles.main - INFO - 1 change detected
2025-10-10 14:26:22,785 - watchfiles.main - INFO - 1 change detected
2025-10-10 14:26:23,135 - watchfiles.main - INFO - 1 change detected
2025-10-10 14:26:23,486 - watchfiles.main - INFO - 1 change detected
2025-10-10 14:26:23,836 - watchfiles.main - INFO - 1 change detected
2025-10-10 14:26:24,187 - watchfiles.main - INFO - 1 change detected
2025-10-10 14:26:24,537 - watchfiles.main - INFO - 1 change detected
2025-10-10 14:26:24,887 - watchfiles.main - INFO - 1 change detected
2025-10-10 14:26:25,238 - watchfiles.main - INFO - 1 change detected
2025-10-10 14:26:25,588 - watchfiles.main - INFO - 1 change detected
2025-10-10 14:26:25,939 - watchfiles.main - INFO - 1 change detected
2025-10-10 14:26:26,289 - watchfiles.main - INFO - 1 change detected
2025-10-10 14:26:26,640 - watchfiles.main - INFO - 1 change detected
2025-10-10 14:26:26,990 - watchfiles.main - INFO - 1 change detected
2025-10-10 14:26:27,341 - watchfiles.main - INFO - 1 change detected
2025-10-10 14:26:27,691 - watchfiles.main - INFO - 1 change detected
2025-10-10 14:26:28,042 - watchfiles.main - INFO - 1 change detected
2025-10-10 14:26:28,392 - watchfiles.main - INFO - 1 change detected
2025-10-10 14:26:28,742 - watchfiles.main - INFO - 1 change detected
2025-10-10 14:26:29,093 - watchfiles.main - INFO - 1 change detected
2025-10-10 14:26:29,443 - watchfiles.main - INFO - 1 change detected
2025-10-10 14:26:29,794 - watchfiles.main - INFO - 1 change detected
2025-10-10 14:26:30,144 - watchfiles.main - INFO - 1 change detected
2025-10-10 14:26:30,495 - watchfiles.main - INFO - 1 change detected
2025-10-10 14:26:30,845 - watchfiles.main - INFO - 1 change detected
2025-10-10 14:26:31,196 - watchfiles.main - INFO - 1 change detected
2025-10-10 14:26:31,546 - watchfiles.main - INFO - 1 change detected
2025-10-10 14:26:31,897 - watchfiles.main - INFO - 1 change detected
2025-10-10 14:26:32,247 - watchfiles.main - INFO - 1 change detected
2025-10-10 14:26:32,597 - watchfiles.main - INFO - 1 change detected
2025-10-10 14:26:32,948 - watchfiles.main - INFO - 1 change detected
2025-10-10 14:26:33,298 - watchfiles.main - INFO - 1 change detected
2025-10-10 14:26:33,649 - watchfiles.main - INFO - 1 change detected
2025-10-10 14:26:33,999 - watchfiles.main - INFO - 1 change detected
2025-10-10 14:26:34,350 - watchfiles.main - INFO - 1 change detected
2025-10-10 14:26:34,700 - watchfiles.main - INFO - 1 change detected
2025-10-10 14:26:35,051 - watchfiles.main - INFO - 1 change detected
2025-10-10 14:26:35,401 - watchfiles.main - INFO - 1 change detected
2025-10-10 14:26:35,752 - watchfiles.main - INFO - 1 change detected
2025-10-10 14:26:36,102 - watchfiles.main - INFO - 1 change detected
2025-10-10 14:26:36,453 - watchfiles.main - INFO - 1 change detected
2025-10-10 14:26:36,803 - watchfiles.main - INFO - 1 change detected
2025-10-10 14:26:37,154 - watchfiles.main - INFO - 1 change detected
2025-10-10 14:26:37,504 - watchfiles.main - INFO - 1 change detected
2025-10-10 14:26:37,854 - watchfiles.main - INFO - 1 change detected
2025-10-10 14:26:38,205 - watchfiles.main - INFO - 1 change detected
2025-10-10 14:26:38,555 - watchfiles.main - INFO - 1 change detected
2025-10-10 14:26:38,906 - watchfiles.main - INFO - 1 change detected
2025-10-10 14:26:39,256 - watchfiles.main - INFO - 1 change detected
2025-10-10 14:26:39,607 - watchfiles.main - INFO - 1 change detected
2025-10-10 14:26:39,957 - watchfiles.main - INFO - 1 change detected
2025-10-10 14:26:40,308 - watchfiles.main - INFO - 1 change detected
2025-10-10 14:26:40,678 - watchfiles.main - INFO - 1 change detected
2025-10-10 14:26:41,028 - watchfiles.main - INFO - 1 change detected
2025-10-10 14:26:41,379 - watchfiles.main - INFO - 1 change detected
2025-10-10 14:26:41,729 - watchfiles.main - INFO - 1 change detected
2025-10-10 14:26:42,080 - watchfiles.main - INFO - 1 change detected
2025-10-10 14:26:42,430 - watchfiles.main - INFO - 1 change detected
2025-10-10 14:26:42,781 - watchfiles.main - INFO - 1 change detected
2025-10-10 14:26:43,131 - watchfiles.main - INFO - 1 change detected
2025-10-10 14:26:43,482 - watchfiles.main - INFO - 1 change detected
2025-10-10 14:26:43,832 - watchfiles.main - INFO - 1 change detected
2025-10-10 14:26:44,182 - watchfiles.main - INFO - 1 change detected
2025-10-10 14:26:44,533 - watchfiles.main - INFO - 1 change detected
2025-10-10 14:26:44,883 - watchfiles.main - INFO - 1 change detected
2025-10-10 14:26:45,234 - watchfiles.main - INFO - 1 change detected
2025-10-10 14:26:45,584 - watchfiles.main - INFO - 1 change detected
2025-10-10 14:26:45,935 - watchfiles.main - INFO - 1 change detected
2025-10-10 14:26:46,285 - watchfiles.main - INFO - 1 change detected
2025-10-10 14:26:46,636 - watchfiles.main - INFO - 1 change detected
2025-10-10 14:26:46,986 - watchfiles.main - INFO - 1 change detected
2025-10-10 14:26:47,336 - watchfiles.main - INFO - 1 change detected
2025-10-10 14:26:47,687 - watchfiles.main - INFO - 1 change detected
2025-10-10 14:26:48,037 - watchfiles.main - INFO - 1 change detected
2025-10-10 14:26:48,388 - watchfiles.main - INFO - 1 change detected
2025-10-10 14:26:48,738 - watchfiles.main - INFO - 1 change detected
2025-10-10 14:26:49,089 - watchfiles.main - INFO - 1 change detected
2025-10-10 14:26:49,439 - watchfiles.main - INFO - 1 change detected
2025-10-10 14:26:49,790 - watchfiles.main - INFO - 1 change detected
2025-10-10 14:26:50,140 - watchfiles.main - INFO - 1 change detected
2025-10-10 14:26:50,491 - watchfiles.main - INFO - 1 change detected
2025-10-10 14:26:50,841 - watchfiles.main - INFO - 1 change detected
2025-10-10 14:26:51,191 - watchfiles.main - INFO - 1 change detected
2025-10-10 14:26:51,542 - watchfiles.main - INFO - 1 change detected
2025-10-10 14:26:51,892 - watchfiles.main - INFO - 1 change detected
2025-10-10 14:26:52,243 - watchfiles.main - INFO - 1 change detected
2025-10-10 14:26:52,593 - watchfiles.main - INFO - 1 change detected
2025-10-10 14:26:52,944 - watchfiles.main - INFO - 1 change detected
2025-10-10 14:26:53,294 - watchfiles.main - INFO - 1 change detected
2025-10-10 14:26:53,645 - watchfiles.main - INFO - 1 change detected
2025-10-10 14:26:53,995 - watchfiles.main - INFO - 1 change detected
2025-10-10 14:26:54,345 - watchfiles.main - INFO - 1 change detected
2025-10-10 14:26:54,696 - watchfiles.main - INFO - 1 change detected
2025-10-10 14:26:55,046 - watchfiles.main - INFO - 1 change detected
2025-10-10 14:26:55,397 - watchfiles.main - INFO - 1 change detected
2025-10-10 14:26:55,747 - watchfiles.main - INFO - 1 change detected
2025-10-10 14:26:56,098 - watchfiles.main - INFO - 1 change detected
2025-10-10 14:26:56,448 - watchfiles.main - INFO - 1 change detected
2025-10-10 14:26:56,799 - watchfiles.main - INFO - 1 change detected
2025-10-10 14:26:57,149 - watchfiles.main - INFO - 1 change detected
2025-10-10 14:26:57,500 - watchfiles.main - INFO - 1 change detected
2025-10-10 14:26:57,850 - watchfiles.main - INFO - 1 change detected
2025-10-10 14:26:58,201 - watchfiles.main - INFO - 1 change detected
2025-10-10 14:26:58,551 - watchfiles.main - INFO - 1 change detected
2025-10-10 14:26:58,901 - watchfiles.main - INFO - 1 change detected
2025-10-10 14:26:59,252 - watchfiles.main - INFO - 1 change detected
2025-10-10 14:26:59,602 - watchfiles.main - INFO - 1 change detected
2025-10-10 14:26:59,953 - watchfiles.main - INFO - 1 change detected
2025-10-10 14:27:00,303 - watchfiles.main - INFO - 1 change detected
2025-10-10 14:27:00,654 - watchfiles.main - INFO - 1 change detected
2025-10-10 14:27:01,004 - watchfiles.main - INFO - 1 change detected
2025-10-10 14:27:01,355 - watchfiles.main - INFO - 1 change detected
2025-10-10 14:27:01,705 - watchfiles.main - INFO - 1 change detected
2025-10-10 14:27:02,055 - watchfiles.main - INFO - 1 change detected
2025-10-10 14:27:02,406 - watchfiles.main - INFO - 1 change detected
2025-10-10 14:27:02,756 - watchfiles.main - INFO - 1 change detected
2025-10-10 14:27:03,107 - watchfiles.main - INFO - 1 change detected
2025-10-10 14:27:03,457 - watchfiles.main - INFO - 1 change detected
2025-10-10 14:27:03,808 - watchfiles.main - INFO - 1 change detected
2025-10-10 14:27:04,158 - watchfiles.main - INFO - 1 change detected
2025-10-10 14:27:04,508 - watchfiles.main - INFO - 1 change detected
2025-10-10 14:27:04,859 - watchfiles.main - INFO - 1 change detected
2025-10-10 14:27:05,209 - watchfiles.main - INFO - 1 change detected
2025-10-10 14:27:05,560 - watchfiles.main - INFO - 1 change detected
2025-10-10 14:27:05,910 - watchfiles.main - INFO - 1 change detected
2025-10-10 14:27:06,261 - watchfiles.main - INFO - 1 change detected
2025-10-10 14:27:06,611 - watchfiles.main - INFO - 1 change detected
2025-10-10 14:27:06,961 - watchfiles.main - INFO - 1 change detected
2025-10-10 14:27:07,312 - watchfiles.main - INFO - 1 change detected
2025-10-10 14:27:07,662 - watchfiles.main - INFO - 1 change detected
2025-10-10 14:27:08,013 - watchfiles.main - INFO - 1 change detected
2025-10-10 14:27:08,363 - watchfiles.main - INFO - 1 change detected
2025-10-10 14:27:08,714 - watchfiles.main - INFO - 1 change detected
2025-10-10 14:27:09,064 - watchfiles.main - INFO - 1 change detected
2025-10-10 14:27:09,415 - watchfiles.main - INFO - 1 change detected
2025-10-10 14:27:09,765 - watchfiles.main - INFO - 1 change detected
2025-10-10 14:27:10,115 - watchfiles.main - INFO - 1 change detected
2025-10-10 14:27:10,466 - watchfiles.main - INFO - 1 change detected
2025-10-10 14:27:10,816 - watchfiles.main - INFO - 1 change detected
2025-10-10 14:27:11,167 - watchfiles.main - INFO - 1 change detected
2025-10-10 14:27:11,517 - watchfiles.main - INFO - 1 change detected
2025-10-10 14:27:11,868 - watchfiles.main - INFO - 1 change detected
2025-10-10 14:27:12,218 - watchfiles.main - INFO - 1 change detected
2025-10-10 14:27:12,568 - watchfiles.main - INFO - 1 change detected
2025-10-10 14:27:12,919 - watchfiles.main - INFO - 1 change detected
2025-10-10 14:27:13,269 - watchfiles.main - INFO - 1 change detected
2025-10-10 14:27:13,620 - watchfiles.main - INFO - 1 change detected
2025-10-10 14:27:13,970 - watchfiles.main - INFO - 1 change detected
2025-10-10 14:27:14,321 - watchfiles.main - INFO - 1 change detected
2025-10-10 14:27:14,671 - watchfiles.main - INFO - 1 change detected
2025-10-10 14:27:15,021 - watchfiles.main - INFO - 1 change detected
2025-10-10 14:27:15,372 - watchfiles.main - INFO - 1 change detected
2025-10-10 14:27:15,722 - watchfiles.main - INFO - 1 change detected
2025-10-10 14:27:16,078 - watchfiles.main - INFO - 1 change detected
2025-10-10 14:27:16,428 - watchfiles.main - INFO - 1 change detected
2025-10-10 14:27:16,778 - watchfiles.main - INFO - 1 change detected
2025-10-10 14:27:17,129 - watchfiles.main - INFO - 1 change detected
2025-10-10 14:27:17,479 - watchfiles.main - INFO - 1 change detected
2025-10-10 14:27:17,830 - watchfiles.main - INFO - 1 change detected
2025-10-10 14:27:18,180 - watchfiles.main - INFO - 1 change detected
2025-10-10 14:27:18,531 - watchfiles.main - INFO - 1 change detected
2025-10-10 14:27:19,167 - watchfiles.main - INFO - 1 change detected
2025-10-10 14:27:19,517 - watchfiles.main - INFO - 1 change detected
2025-10-10 14:27:19,868 - watchfiles.main - INFO - 1 change detected
2025-10-10 14:27:20,218 - watchfiles.main - INFO - 1 change detected
2025-10-10 14:27:20,568 - watchfiles.main - INFO - 1 change detected
2025-10-10 14:27:20,919 - watchfiles.main - INFO - 1 change detected
2025-10-10 14:27:21,269 - watchfiles.main - INFO - 1 change detected
2025-10-10 14:27:21,620 - watchfiles.main - INFO - 1 change detected
2025-10-10 14:27:21,970 - watchfiles.main - INFO - 1 change detected
2025-10-10 14:27:22,321 - watchfiles.main - INFO - 1 change detected
2025-10-10 14:27:22,671 - watchfiles.main - INFO - 1 change detected
2025-10-10 14:27:23,022 - watchfiles.main - INFO - 1 change detected
2025-10-10 14:27:23,372 - watchfiles.main - INFO - 1 change detected
2025-10-10 14:27:23,723 - watchfiles.main - INFO - 1 change detected
2025-10-10 14:27:24,073 - watchfiles.main - INFO - 1 change detected
2025-10-10 14:27:24,428 - watchfiles.main - INFO - 1 change detected
2025-10-10 14:27:24,778 - watchfiles.main - INFO - 1 change detected
2025-10-10 14:27:25,129 - watchfiles.main - INFO - 1 change detected
2025-10-10 14:27:25,479 - watchfiles.main - INFO - 1 change detected
2025-10-10 14:27:25,830 - watchfiles.main - INFO - 1 change detected
2025-10-10 14:27:26,180 - watchfiles.main - INFO - 1 change detected
2025-10-10 14:27:26,531 - watchfiles.main - INFO - 1 change detected
2025-10-10 14:27:26,884 - watchfiles.main - INFO - 1 change detected
2025-10-10 14:27:27,234 - watchfiles.main - INFO - 1 change detected
2025-10-10 14:27:27,585 - watchfiles.main - INFO - 1 change detected
2025-10-10 14:27:27,935 - watchfiles.main - INFO - 1 change detected
2025-10-10 14:27:28,286 - watchfiles.main - INFO - 1 change detected
2025-10-10 14:27:28,636 - watchfiles.main - INFO - 1 change detected
2025-10-10 14:27:28,987 - watchfiles.main - INFO - 1 change detected
2025-10-10 14:27:29,337 - watchfiles.main - INFO - 1 change detected
2025-10-10 14:27:29,688 - watchfiles.main - INFO - 1 change detected
2025-10-10 14:27:30,038 - watchfiles.main - INFO - 1 change detected
2025-10-10 14:27:30,388 - watchfiles.main - INFO - 1 change detected
2025-10-10 14:27:30,739 - watchfiles.main - INFO - 1 change detected
2025-10-10 14:27:31,089 - watchfiles.main - INFO - 1 change detected
2025-10-10 14:27:31,440 - watchfiles.main - INFO - 1 change detected
2025-10-10 14:27:31,790 - watchfiles.main - INFO - 1 change detected
2025-10-10 14:27:32,141 - watchfiles.main - INFO - 1 change detected
2025-10-10 14:27:32,491 - watchfiles.main - INFO - 1 change detected
2025-10-10 14:27:32,842 - watchfiles.main - INFO - 1 change detected
2025-10-10 14:27:33,192 - watchfiles.main - INFO - 1 change detected
2025-10-10 14:27:33,542 - watchfiles.main - INFO - 1 change detected
2025-10-10 14:27:33,893 - watchfiles.main - INFO - 1 change detected
2025-10-10 14:27:34,243 - watchfiles.main - INFO - 1 change detected
2025-10-10 14:27:34,594 - watchfiles.main - INFO - 1 change detected
2025-10-10 14:27:34,944 - watchfiles.main - INFO - 1 change detected
2025-10-10 14:27:35,295 - watchfiles.main - INFO - 1 change detected
2025-10-10 14:27:35,645 - watchfiles.main - INFO - 1 change detected
2025-10-10 14:27:35,996 - watchfiles.main - INFO - 1 change detected
2025-10-10 14:27:36,346 - watchfiles.main - INFO - 1 change detected
2025-10-10 14:27:36,696 - watchfiles.main - INFO - 1 change detected
2025-10-10 14:27:37,047 - watchfiles.main - INFO - 1 change detected
2025-10-10 14:27:37,397 - watchfiles.main - INFO - 1 change detected
2025-10-10 14:27:37,748 - watchfiles.main - INFO - 1 change detected
2025-10-10 14:27:38,098 - watchfiles.main - INFO - 1 change detected
2025-10-10 14:27:38,449 - watchfiles.main - INFO - 1 change detected
2025-10-10 14:27:38,799 - watchfiles.main - INFO - 1 change detected
2025-10-10 14:27:39,150 - watchfiles.main - INFO - 1 change detected
2025-10-10 14:27:39,500 - watchfiles.main - INFO - 1 change detected
2025-10-10 14:27:39,850 - watchfiles.main - INFO - 1 change detected
2025-10-10 14:27:40,201 - watchfiles.main - INFO - 1 change detected
2025-10-10 14:27:40,551 - watchfiles.main - INFO - 1 change detected
2025-10-10 14:27:40,902 - watchfiles.main - INFO - 1 change detected
2025-10-10 14:27:41,252 - watchfiles.main - INFO - 1 change detected
2025-10-10 14:27:41,603 - watchfiles.main - INFO - 1 change detected
2025-10-10 14:27:41,953 - watchfiles.main - INFO - 1 change detected
2025-10-10 14:27:42,304 - watchfiles.main - INFO - 1 change detected
2025-10-10 14:27:42,654 - watchfiles.main - INFO - 1 change detected
2025-10-10 14:27:43,006 - watchfiles.main - INFO - 1 change detected
2025-10-10 14:27:43,356 - watchfiles.main - INFO - 1 change detected
2025-10-10 14:27:43,706 - watchfiles.main - INFO - 1 change detected
2025-10-10 14:27:44,057 - watchfiles.main - INFO - 1 change detected
2025-10-10 14:27:44,407 - watchfiles.main - INFO - 1 change detected
2025-10-10 14:27:44,758 - watchfiles.main - INFO - 1 change detected
2025-10-10 14:27:45,108 - watchfiles.main - INFO - 1 change detected
2025-10-10 14:27:45,459 - watchfiles.main - INFO - 1 change detected
2025-10-10 14:27:45,809 - watchfiles.main - INFO - 1 change detected
2025-10-10 14:27:46,159 - watchfiles.main - INFO - 1 change detected
2025-10-10 14:27:46,510 - watchfiles.main - INFO - 1 change detected
2025-10-10 14:27:46,860 - watchfiles.main - INFO - 1 change detected
2025-10-10 14:27:47,211 - watchfiles.main - INFO - 1 change detected
2025-10-10 14:27:47,561 - watchfiles.main - INFO - 1 change detected
2025-10-10 14:27:47,912 - watchfiles.main - INFO - 1 change detected
2025-10-10 14:27:48,262 - watchfiles.main - INFO - 1 change detected
2025-10-10 14:27:48,612 - watchfiles.main - INFO - 1 change detected
2025-10-10 14:27:48,963 - watchfiles.main - INFO - 1 change detected
2025-10-10 14:27:49,313 - watchfiles.main - INFO - 1 change detected
2025-10-10 14:27:49,664 - watchfiles.main - INFO - 1 change detected
2025-10-10 14:27:50,014 - watchfiles.main - INFO - 1 change detected
2025-10-10 14:27:50,365 - watchfiles.main - INFO - 1 change detected
2025-10-10 14:27:50,715 - watchfiles.main - INFO - 1 change detected
2025-10-10 14:27:51,066 - watchfiles.main - INFO - 1 change detected
2025-10-10 14:27:51,416 - watchfiles.main - INFO - 1 change detected
2025-10-10 14:27:51,766 - watchfiles.main - INFO - 1 change detected
2025-10-10 14:27:52,117 - watchfiles.main - INFO - 1 change detected
2025-10-10 14:27:52,467 - watchfiles.main - INFO - 1 change detected
2025-10-10 14:27:52,818 - watchfiles.main - INFO - 1 change detected
2025-10-10 14:27:53,168 - watchfiles.main - INFO - 1 change detected
2025-10-10 14:27:53,519 - watchfiles.main - INFO - 1 change detected
2025-10-10 14:27:53,869 - watchfiles.main - INFO - 1 change detected
2025-10-10 14:27:54,220 - watchfiles.main - INFO - 1 change detected
2025-10-10 14:27:54,570 - watchfiles.main - INFO - 1 change detected
2025-10-10 14:27:54,920 - watchfiles.main - INFO - 1 change detected
2025-10-10 14:27:55,271 - watchfiles.main - INFO - 1 change detected
2025-10-10 14:27:55,621 - watchfiles.main - INFO - 1 change detected
2025-10-10 14:27:55,972 - watchfiles.main - INFO - 1 change detected
2025-10-10 14:27:56,322 - watchfiles.main - INFO - 1 change detected
2025-10-10 14:27:56,673 - watchfiles.main - INFO - 1 change detected
2025-10-10 14:27:57,023 - watchfiles.main - INFO - 1 change detected
2025-10-10 14:27:57,373 - watchfiles.main - INFO - 1 change detected
2025-10-10 14:27:57,724 - watchfiles.main - INFO - 1 change detected
2025-10-10 14:27:58,074 - watchfiles.main - INFO - 1 change detected
2025-10-10 14:27:58,425 - watchfiles.main - INFO - 1 change detected
2025-10-10 14:27:58,775 - watchfiles.main - INFO - 1 change detected
2025-10-10 14:27:59,126 - watchfiles.main - INFO - 1 change detected
2025-10-10 14:27:59,476 - watchfiles.main - INFO - 1 change detected
2025-10-10 14:27:59,826 - watchfiles.main - INFO - 1 change detected
2025-10-10 14:28:00,177 - watchfiles.main - INFO - 1 change detected
2025-10-10 14:28:00,527 - watchfiles.main - INFO - 1 change detected
2025-10-10 14:28:00,878 - watchfiles.main - INFO - 1 change detected
2025-10-10 14:28:01,228 - watchfiles.main - INFO - 1 change detected
2025-10-10 14:28:01,579 - watchfiles.main - INFO - 1 change detected
2025-10-10 14:28:01,929 - watchfiles.main - INFO - 1 change detected
2025-10-10 14:28:02,279 - watchfiles.main - INFO - 1 change detected
2025-10-10 14:28:02,630 - watchfiles.main - INFO - 1 change detected
2025-10-10 14:28:02,980 - watchfiles.main - INFO - 1 change detected
2025-10-10 14:28:03,331 - watchfiles.main - INFO - 1 change detected
2025-10-10 14:28:03,681 - watchfiles.main - INFO - 1 change detected
2025-10-10 14:28:04,032 - watchfiles.main - INFO - 1 change detected
2025-10-10 14:28:04,382 - watchfiles.main - INFO - 1 change detected
2025-10-10 14:28:04,732 - watchfiles.main - INFO - 1 change detected
2025-10-10 14:28:05,083 - watchfiles.main - INFO - 1 change detected
2025-10-10 14:28:05,433 - watchfiles.main - INFO - 1 change detected
2025-10-10 14:28:05,784 - watchfiles.main - INFO - 1 change detected
2025-10-10 14:28:06,134 - watchfiles.main - INFO - 1 change detected
2025-10-10 14:28:06,485 - watchfiles.main - INFO - 1 change detected
2025-10-10 14:28:06,835 - watchfiles.main - INFO - 1 change detected
2025-10-10 14:28:07,185 - watchfiles.main - INFO - 1 change detected
2025-10-10 14:28:07,536 - watchfiles.main - INFO - 1 change detected
2025-10-10 14:28:07,886 - watchfiles.main - INFO - 1 change detected
2025-10-10 14:28:08,237 - watchfiles.main - INFO - 1 change detected
2025-10-10 14:28:08,587 - watchfiles.main - INFO - 1 change detected
2025-10-10 14:28:08,938 - watchfiles.main - INFO - 1 change detected
2025-10-10 14:28:09,288 - watchfiles.main - INFO - 1 change detected
2025-10-10 14:28:09,638 - watchfiles.main - INFO - 1 change detected
2025-10-10 14:28:09,989 - watchfiles.main - INFO - 1 change detected
2025-10-10 14:28:10,378 - watchfiles.main - INFO - 1 change detected
2025-10-10 14:28:10,728 - watchfiles.main - INFO - 1 change detected
2025-10-10 14:28:11,079 - watchfiles.main - INFO - 1 change detected
2025-10-10 14:28:11,429 - watchfiles.main - INFO - 1 change detected
2025-10-10 14:28:11,780 - watchfiles.main - INFO - 1 change detected
2025-10-10 14:28:12,130 - watchfiles.main - INFO - 1 change detected
2025-10-10 14:28:12,480 - watchfiles.main - INFO - 1 change detected
2025-10-10 14:28:12,831 - watchfiles.main - INFO - 1 change detected
2025-10-10 14:28:13,181 - watchfiles.main - INFO - 1 change detected
2025-10-10 14:28:13,532 - watchfiles.main - INFO - 1 change detected
2025-10-10 14:28:13,882 - watchfiles.main - INFO - 1 change detected
2025-10-10 14:28:14,233 - watchfiles.main - INFO - 1 change detected
2025-10-10 14:28:14,583 - watchfiles.main - INFO - 1 change detected
2025-10-10 14:28:14,933 - watchfiles.main - INFO - 1 change detected
2025-10-10 14:28:15,284 - watchfiles.main - INFO - 1 change detected
2025-10-10 14:28:15,634 - watchfiles.main - INFO - 1 change detected
2025-10-10 14:28:15,985 - watchfiles.main - INFO - 1 change detected
2025-10-10 14:28:16,335 - watchfiles.main - INFO - 1 change detected
2025-10-10 14:28:16,686 - watchfiles.main - INFO - 1 change detected
2025-10-10 14:28:17,036 - watchfiles.main - INFO - 1 change detected
2025-10-10 14:28:17,386 - watchfiles.main - INFO - 1 change detected
2025-10-10 14:28:17,737 - watchfiles.main - INFO - 1 change detected
2025-10-10 14:28:18,087 - watchfiles.main - INFO - 1 change detected
2025-10-10 14:28:18,438 - watchfiles.main - INFO - 1 change detected
2025-10-10 14:28:18,788 - watchfiles.main - INFO - 1 change detected
2025-10-10 14:28:19,139 - watchfiles.main - INFO - 1 change detected
2025-10-10 14:28:19,489 - watchfiles.main - INFO - 1 change detected
2025-10-10 14:28:19,840 - watchfiles.main - INFO - 1 change detected
2025-10-10 14:28:20,190 - watchfiles.main - INFO - 1 change detected
2025-10-10 14:28:20,540 - watchfiles.main - INFO - 1 change detected
2025-10-10 14:28:20,891 - watchfiles.main - INFO - 1 change detected
2025-10-10 14:28:21,241 - watchfiles.main - INFO - 1 change detected
2025-10-10 14:28:21,592 - watchfiles.main - INFO - 1 change detected
2025-10-10 14:28:21,942 - watchfiles.main - INFO - 1 change detected
2025-10-10 14:28:22,293 - watchfiles.main - INFO - 1 change detected
2025-10-10 14:28:22,643 - watchfiles.main - INFO - 1 change detected
2025-10-10 14:28:22,993 - watchfiles.main - INFO - 1 change detected
2025-10-10 14:28:23,344 - watchfiles.main - INFO - 1 change detected
2025-10-10 14:28:23,694 - watchfiles.main - INFO - 1 change detected
2025-10-10 14:28:24,045 - watchfiles.main - INFO - 1 change detected
2025-10-10 14:28:24,395 - watchfiles.main - INFO - 1 change detected
2025-10-10 14:28:24,746 - watchfiles.main - INFO - 1 change detected
2025-10-10 14:28:25,096 - watchfiles.main - INFO - 1 change detected
2025-10-10 14:28:25,446 - watchfiles.main - INFO - 1 change detected
2025-10-10 14:28:25,797 - watchfiles.main - INFO - 1 change detected
2025-10-10 14:28:26,147 - watchfiles.main - INFO - 1 change detected
2025-10-10 14:28:26,498 - watchfiles.main - INFO - 1 change detected
2025-10-10 14:28:26,848 - watchfiles.main - INFO - 1 change detected
2025-10-10 14:28:27,199 - watchfiles.main - INFO - 1 change detected
2025-10-10 14:28:27,549 - watchfiles.main - INFO - 1 change detected
2025-10-10 14:28:27,900 - watchfiles.main - INFO - 1 change detected
2025-10-10 14:28:28,250 - watchfiles.main - INFO - 1 change detected
2025-10-10 14:28:28,600 - watchfiles.main - INFO - 1 change detected
2025-10-10 14:28:28,951 - watchfiles.main - INFO - 1 change detected
2025-10-10 14:28:29,301 - watchfiles.main - INFO - 1 change detected
2025-10-10 14:28:29,652 - watchfiles.main - INFO - 1 change detected
2025-10-10 14:28:30,006 - watchfiles.main - INFO - 1 change detected
2025-10-10 14:28:30,356 - watchfiles.main - INFO - 1 change detected
2025-10-10 14:28:30,707 - watchfiles.main - INFO - 1 change detected
2025-10-10 14:28:31,057 - watchfiles.main - INFO - 1 change detected
2025-10-10 14:28:31,407 - watchfiles.main - INFO - 1 change detected
2025-10-10 14:28:31,758 - watchfiles.main - INFO - 1 change detected
2025-10-10 14:28:32,158 - watchfiles.main - INFO - 1 change detected
2025-10-10 14:28:32,508 - watchfiles.main - INFO - 1 change detected
2025-10-10 14:28:32,859 - watchfiles.main - INFO - 1 change detected
2025-10-10 14:28:33,209 - watchfiles.main - INFO - 1 change detected
2025-10-10 14:28:33,560 - watchfiles.main - INFO - 1 change detected
2025-10-10 14:28:33,910 - watchfiles.main - INFO - 1 change detected
2025-10-10 14:28:34,261 - watchfiles.main - INFO - 1 change detected
2025-10-10 14:28:34,611 - watchfiles.main - INFO - 1 change detected
2025-10-10 14:28:34,961 - watchfiles.main - INFO - 1 change detected
2025-10-10 14:28:35,312 - watchfiles.main - INFO - 1 change detected
2025-10-10 14:28:35,662 - watchfiles.main - INFO - 1 change detected
2025-10-10 14:28:36,013 - watchfiles.main - INFO - 1 change detected
2025-10-10 14:28:36,363 - watchfiles.main - INFO - 1 change detected
2025-10-10 14:28:36,714 - watchfiles.main - INFO - 1 change detected
2025-10-10 14:28:37,064 - watchfiles.main - INFO - 1 change detected
2025-10-10 14:28:37,414 - watchfiles.main - INFO - 1 change detected
2025-10-10 14:28:37,765 - watchfiles.main - INFO - 1 change detected
2025-10-10 14:28:38,115 - watchfiles.main - INFO - 1 change detected
2025-10-10 14:28:38,466 - watchfiles.main - INFO - 1 change detected
2025-10-10 14:28:38,816 - watchfiles.main - INFO - 1 change detected
2025-10-10 14:28:39,167 - watchfiles.main - INFO - 1 change detected
2025-10-10 14:28:39,517 - watchfiles.main - INFO - 1 change detected
2025-10-10 14:28:39,867 - watchfiles.main - INFO - 1 change detected
2025-10-10 14:28:40,218 - watchfiles.main - INFO - 1 change detected
2025-10-10 14:28:40,568 - watchfiles.main - INFO - 1 change detected
2025-10-10 14:28:40,919 - watchfiles.main - INFO - 1 change detected
2025-10-10 14:28:41,269 - watchfiles.main - INFO - 1 change detected
2025-10-10 14:28:41,620 - watchfiles.main - INFO - 1 change detected
2025-10-10 14:28:41,970 - watchfiles.main - INFO - 1 change detected
2025-10-10 14:28:42,320 - watchfiles.main - INFO - 1 change detected
2025-10-10 14:28:42,671 - watchfiles.main - INFO - 1 change detected
2025-10-10 14:28:43,021 - watchfiles.main - INFO - 1 change detected
2025-10-10 14:28:43,372 - watchfiles.main - INFO - 1 change detected
2025-10-10 14:28:43,722 - watchfiles.main - INFO - 1 change detected
2025-10-10 14:28:44,073 - watchfiles.main - INFO - 1 change detected
2025-10-10 14:28:44,423 - watchfiles.main - INFO - 1 change detected
2025-10-10 14:28:44,774 - watchfiles.main - INFO - 1 change detected
2025-10-10 14:28:45,124 - watchfiles.main - INFO - 1 change detected
2025-10-10 14:28:45,749 - watchfiles.main - INFO - 1 change detected
2025-10-10 14:28:46,099 - watchfiles.main - INFO - 1 change detected
2025-10-10 14:28:46,450 - watchfiles.main - INFO - 1 change detected
2025-10-10 14:28:46,800 - watchfiles.main - INFO - 1 change detected
2025-10-10 14:28:47,150 - watchfiles.main - INFO - 1 change detected
2025-10-10 14:28:47,501 - watchfiles.main - INFO - 1 change detected
2025-10-10 14:28:47,851 - watchfiles.main - INFO - 1 change detected
2025-10-10 14:28:48,202 - watchfiles.main - INFO - 1 change detected
2025-10-10 14:28:48,552 - watchfiles.main - INFO - 1 change detected
2025-10-10 14:28:48,903 - watchfiles.main - INFO - 1 change detected
2025-10-10 14:28:49,253 - watchfiles.main - INFO - 1 change detected
2025-10-10 14:28:49,604 - watchfiles.main - INFO - 1 change detected
2025-10-10 14:28:49,954 - watchfiles.main - INFO - 1 change detected
2025-10-10 14:28:50,304 - watchfiles.main - INFO - 1 change detected
2025-10-10 14:28:50,655 - watchfiles.main - INFO - 1 change detected
2025-10-10 14:28:51,005 - watchfiles.main - INFO - 1 change detected
2025-10-10 14:28:51,356 - watchfiles.main - INFO - 1 change detected
2025-10-10 14:28:51,706 - watchfiles.main - INFO - 1 change detected
2025-10-10 14:28:52,057 - watchfiles.main - INFO - 1 change detected
2025-10-10 14:28:52,407 - watchfiles.main - INFO - 1 change detected
2025-10-10 14:28:52,758 - watchfiles.main - INFO - 1 change detected
2025-10-10 14:28:53,108 - watchfiles.main - INFO - 1 change detected
2025-10-10 14:28:53,458 - watchfiles.main - INFO - 1 change detected
2025-10-10 14:28:53,809 - watchfiles.main - INFO - 1 change detected
2025-10-10 14:28:54,159 - watchfiles.main - INFO - 1 change detected
2025-10-10 14:28:54,510 - watchfiles.main - INFO - 1 change detected
2025-10-10 14:28:54,860 - watchfiles.main - INFO - 1 change detected
2025-10-10 14:28:55,211 - watchfiles.main - INFO - 1 change detected
2025-10-10 14:28:55,561 - watchfiles.main - INFO - 1 change detected
2025-10-10 14:28:55,911 - watchfiles.main - INFO - 1 change detected
2025-10-10 14:28:56,262 - watchfiles.main - INFO - 1 change detected
2025-10-10 14:28:56,612 - watchfiles.main - INFO - 1 change detected
2025-10-10 14:28:56,963 - watchfiles.main - INFO - 1 change detected
2025-10-10 14:28:57,313 - watchfiles.main - INFO - 1 change detected
2025-10-10 14:28:57,664 - watchfiles.main - INFO - 1 change detected
2025-10-10 14:28:58,014 - watchfiles.main - INFO - 1 change detected
2025-10-10 14:28:58,365 - watchfiles.main - INFO - 1 change detected
2025-10-10 14:28:58,715 - watchfiles.main - INFO - 1 change detected
2025-10-10 14:28:59,066 - watchfiles.main - INFO - 1 change detected
2025-10-10 14:28:59,416 - watchfiles.main - INFO - 1 change detected
2025-10-10 14:28:59,766 - watchfiles.main - INFO - 1 change detected
2025-10-10 14:29:00,117 - watchfiles.main - INFO - 1 change detected
2025-10-10 14:29:00,467 - watchfiles.main - INFO - 1 change detected
2025-10-10 14:29:00,818 - watchfiles.main - INFO - 1 change detected
2025-10-10 14:29:01,168 - watchfiles.main - INFO - 1 change detected
2025-10-10 14:29:01,519 - watchfiles.main - INFO - 1 change detected
2025-10-10 14:29:01,869 - watchfiles.main - INFO - 1 change detected
2025-10-10 14:29:02,220 - watchfiles.main - INFO - 1 change detected
2025-10-10 14:29:02,570 - watchfiles.main - INFO - 1 change detected
2025-10-10 14:29:02,920 - watchfiles.main - INFO - 1 change detected
2025-10-10 14:29:03,271 - watchfiles.main - INFO - 1 change detected
2025-10-10 14:29:03,621 - watchfiles.main - INFO - 1 change detected
2025-10-10 14:29:03,972 - watchfiles.main - INFO - 1 change detected
2025-10-10 14:29:04,322 - watchfiles.main - INFO - 1 change detected
2025-10-10 14:29:04,673 - watchfiles.main - INFO - 1 change detected
2025-10-10 14:29:05,023 - watchfiles.main - INFO - 1 change detected
2025-10-10 14:29:05,374 - watchfiles.main - INFO - 1 change detected
2025-10-10 14:29:05,724 - watchfiles.main - INFO - 1 change detected
2025-10-10 14:29:06,074 - watchfiles.main - INFO - 1 change detected
2025-10-10 14:29:06,425 - watchfiles.main - INFO - 1 change detected
2025-10-10 14:29:06,775 - watchfiles.main - INFO - 1 change detected
2025-10-10 14:29:07,126 - watchfiles.main - INFO - 1 change detected
2025-10-10 14:29:07,476 - watchfiles.main - INFO - 1 change detected
2025-10-10 14:29:07,827 - watchfiles.main - INFO - 1 change detected
2025-10-10 14:29:08,177 - watchfiles.main - INFO - 1 change detected
2025-10-10 14:29:08,528 - watchfiles.main - INFO - 1 change detected
2025-10-10 14:29:08,878 - watchfiles.main - INFO - 1 change detected
2025-10-10 14:29:09,228 - watchfiles.main - INFO - 1 change detected
2025-10-10 14:29:09,579 - watchfiles.main - INFO - 1 change detected
2025-10-10 14:29:09,929 - watchfiles.main - INFO - 1 change detected
2025-10-10 14:29:10,280 - watchfiles.main - INFO - 1 change detected
2025-10-10 14:29:10,630 - watchfiles.main - INFO - 1 change detected
2025-10-10 14:29:10,981 - watchfiles.main - INFO - 1 change detected
2025-10-10 14:29:11,331 - watchfiles.main - INFO - 1 change detected
2025-10-10 14:29:11,681 - watchfiles.main - INFO - 1 change detected
2025-10-10 14:29:12,032 - watchfiles.main - INFO - 1 change detected
2025-10-10 14:29:12,382 - watchfiles.main - INFO - 1 change detected
2025-10-10 14:29:12,733 - watchfiles.main - INFO - 1 change detected
2025-10-10 14:29:13,083 - watchfiles.main - INFO - 1 change detected
2025-10-10 14:29:13,434 - watchfiles.main - INFO - 1 change detected
2025-10-10 14:29:13,784 - watchfiles.main - INFO - 1 change detected
2025-10-10 14:29:14,135 - watchfiles.main - INFO - 1 change detected
2025-10-10 14:29:14,485 - watchfiles.main - INFO - 1 change detected
2025-10-10 14:29:14,835 - watchfiles.main - INFO - 1 change detected
2025-10-10 14:29:15,186 - watchfiles.main - INFO - 1 change detected
2025-10-10 14:29:15,536 - watchfiles.main - INFO - 1 change detected
2025-10-10 14:29:15,887 - watchfiles.main - INFO - 1 change detected
2025-10-10 14:29:16,237 - watchfiles.main - INFO - 1 change detected
2025-10-10 14:29:16,588 - watchfiles.main - INFO - 1 change detected
2025-10-10 14:29:16,938 - watchfiles.main - INFO - 1 change detected
2025-10-10 14:29:17,288 - watchfiles.main - INFO - 1 change detected
2025-10-10 14:29:17,639 - watchfiles.main - INFO - 1 change detected
2025-10-10 14:29:17,989 - watchfiles.main - INFO - 1 change detected
2025-10-10 14:29:18,340 - watchfiles.main - INFO - 1 change detected
2025-10-10 14:29:18,690 - watchfiles.main - INFO - 1 change detected
2025-10-10 14:29:19,041 - watchfiles.main - INFO - 1 change detected
2025-10-10 14:29:19,391 - watchfiles.main - INFO - 1 change detected
2025-10-10 14:29:19,741 - watchfiles.main - INFO - 1 change detected
2025-10-10 14:29:20,092 - watchfiles.main - INFO - 1 change detected
2025-10-10 14:29:20,442 - watchfiles.main - INFO - 1 change detected
2025-10-10 14:29:20,793 - watchfiles.main - INFO - 1 change detected
2025-10-10 14:29:21,143 - watchfiles.main - INFO - 1 change detected
2025-10-10 14:29:21,494 - watchfiles.main - INFO - 1 change detected
2025-10-10 14:29:21,844 - watchfiles.main - INFO - 1 change detected
2025-10-10 14:29:22,195 - watchfiles.main - INFO - 1 change detected
2025-10-10 14:29:22,545 - watchfiles.main - INFO - 1 change detected
2025-10-10 14:29:22,895 - watchfiles.main - INFO - 1 change detected
2025-10-10 14:29:23,246 - watchfiles.main - INFO - 1 change detected
2025-10-10 14:29:23,596 - watchfiles.main - INFO - 1 change detected
2025-10-10 14:29:23,947 - watchfiles.main - INFO - 1 change detected
2025-10-10 14:29:24,297 - watchfiles.main - INFO - 1 change detected
2025-10-10 14:29:24,648 - watchfiles.main - INFO - 1 change detected
2025-10-10 14:29:24,998 - watchfiles.main - INFO - 1 change detected
2025-10-10 14:29:25,348 - watchfiles.main - INFO - 1 change detected
2025-10-10 14:29:25,699 - watchfiles.main - INFO - 1 change detected
2025-10-10 14:29:26,049 - watchfiles.main - INFO - 1 change detected
2025-10-10 14:29:26,400 - watchfiles.main - INFO - 1 change detected
2025-10-10 14:29:26,750 - watchfiles.main - INFO - 1 change detected
2025-10-10 14:29:27,102 - watchfiles.main - INFO - 1 change detected
2025-10-10 14:29:27,452 - watchfiles.main - INFO - 1 change detected
2025-10-10 14:29:27,803 - watchfiles.main - INFO - 1 change detected
2025-10-10 14:29:28,153 - watchfiles.main - INFO - 1 change detected
2025-10-10 14:29:28,504 - watchfiles.main - INFO - 1 change detected
2025-10-10 14:29:28,854 - watchfiles.main - INFO - 1 change detected
2025-10-10 14:29:29,205 - watchfiles.main - INFO - 1 change detected
2025-10-10 14:29:29,555 - watchfiles.main - INFO - 1 change detected
2025-10-10 14:29:29,905 - watchfiles.main - INFO - 1 change detected
2025-10-10 14:29:30,256 - watchfiles.main - INFO - 1 change detected
2025-10-10 14:29:30,606 - watchfiles.main - INFO - 1 change detected
2025-10-10 14:29:30,957 - watchfiles.main - INFO - 1 change detected
2025-10-10 14:29:31,307 - watchfiles.main - INFO - 1 change detected
2025-10-10 14:29:31,658 - watchfiles.main - INFO - 1 change detected
2025-10-10 14:29:32,008 - watchfiles.main - INFO - 1 change detected
2025-10-10 14:29:32,359 - watchfiles.main - INFO - 1 change detected
2025-10-10 14:29:32,709 - watchfiles.main - INFO - 1 change detected
2025-10-10 14:29:33,059 - watchfiles.main - INFO - 1 change detected
2025-10-10 14:29:33,410 - watchfiles.main - INFO - 1 change detected
2025-10-10 14:29:33,760 - watchfiles.main - INFO - 1 change detected
2025-10-10 14:29:34,111 - watchfiles.main - INFO - 1 change detected
2025-10-10 14:29:34,461 - watchfiles.main - INFO - 1 change detected
2025-10-10 14:29:34,812 - watchfiles.main - INFO - 1 change detected
2025-10-10 14:29:35,162 - watchfiles.main - INFO - 1 change detected
2025-10-10 14:29:35,513 - watchfiles.main - INFO - 1 change detected
2025-10-10 14:29:35,863 - watchfiles.main - INFO - 1 change detected
2025-10-10 14:29:36,214 - watchfiles.main - INFO - 1 change detected
2025-10-10 14:29:36,564 - watchfiles.main - INFO - 1 change detected
2025-10-10 14:29:36,914 - watchfiles.main - INFO - 1 change detected
2025-10-10 14:29:37,265 - watchfiles.main - INFO - 1 change detected
2025-10-10 14:29:37,615 - watchfiles.main - INFO - 1 change detected
2025-10-10 14:29:37,966 - watchfiles.main - INFO - 1 change detected
2025-10-10 14:29:38,316 - watchfiles.main - INFO - 1 change detected
2025-10-10 14:29:38,667 - watchfiles.main - INFO - 1 change detected
2025-10-10 14:29:39,017 - watchfiles.main - INFO - 1 change detected
2025-10-10 14:29:39,368 - watchfiles.main - INFO - 1 change detected
2025-10-10 14:29:39,718 - watchfiles.main - INFO - 1 change detected
2025-10-10 14:29:40,068 - watchfiles.main - INFO - 1 change detected
2025-10-10 14:29:40,419 - watchfiles.main - INFO - 1 change detected
2025-10-10 14:29:40,769 - watchfiles.main - INFO - 1 change detected
2025-10-10 14:29:41,120 - watchfiles.main - INFO - 1 change detected
2025-10-10 14:29:41,470 - watchfiles.main - INFO - 1 change detected
2025-10-10 14:29:41,821 - watchfiles.main - INFO - 1 change detected
2025-10-10 14:29:42,171 - watchfiles.main - INFO - 1 change detected
2025-10-10 14:29:42,522 - watchfiles.main - INFO - 1 change detected
2025-10-10 14:29:42,872 - watchfiles.main - INFO - 1 change detected
2025-10-10 14:29:43,222 - watchfiles.main - INFO - 1 change detected
2025-10-10 14:29:43,573 - watchfiles.main - INFO - 1 change detected
2025-10-10 14:29:43,923 - watchfiles.main - INFO - 1 change detected
2025-10-10 14:29:44,274 - watchfiles.main - INFO - 1 change detected
2025-10-10 14:29:44,624 - watchfiles.main - INFO - 1 change detected
2025-10-10 14:29:44,975 - watchfiles.main - INFO - 1 change detected
2025-10-10 14:29:45,325 - watchfiles.main - INFO - 1 change detected
2025-10-10 14:29:45,676 - watchfiles.main - INFO - 1 change detected
2025-10-10 14:29:46,026 - watchfiles.main - INFO - 1 change detected
2025-10-10 14:29:46,376 - watchfiles.main - INFO - 1 change detected
2025-10-10 14:29:46,727 - watchfiles.main - INFO - 1 change detected
2025-10-10 14:29:47,077 - watchfiles.main - INFO - 1 change detected
2025-10-10 14:29:47,428 - watchfiles.main - INFO - 1 change detected
2025-10-10 14:29:47,778 - watchfiles.main - INFO - 1 change detected
2025-10-10 14:29:48,129 - watchfiles.main - INFO - 1 change detected
2025-10-10 14:29:48,479 - watchfiles.main - INFO - 1 change detected
2025-10-10 14:29:48,830 - watchfiles.main - INFO - 1 change detected
2025-10-10 14:29:49,180 - watchfiles.main - INFO - 1 change detected
2025-10-10 14:29:49,530 - watchfiles.main - INFO - 1 change detected
2025-10-10 14:29:49,881 - watchfiles.main - INFO - 1 change detected
2025-10-10 14:29:50,231 - watchfiles.main - INFO - 1 change detected
2025-10-10 14:29:50,582 - watchfiles.main - INFO - 1 change detected
2025-10-10 14:29:50,932 - watchfiles.main - INFO - 1 change detected
2025-10-10 14:29:51,283 - watchfiles.main - INFO - 1 change detected
2025-10-10 14:29:51,633 - watchfiles.main - INFO - 1 change detected
2025-10-10 14:29:51,983 - watchfiles.main - INFO - 1 change detected
2025-10-10 14:29:52,334 - watchfiles.main - INFO - 1 change detected
2025-10-10 14:29:52,684 - watchfiles.main - INFO - 1 change detected
2025-10-10 14:29:53,035 - watchfiles.main - INFO - 1 change detected
2025-10-10 14:29:53,385 - watchfiles.main - INFO - 1 change detected
2025-10-10 14:29:53,736 - watchfiles.main - INFO - 1 change detected
2025-10-10 14:29:54,086 - watchfiles.main - INFO - 1 change detected
2025-10-10 14:29:54,437 - watchfiles.main - INFO - 1 change detected
2025-10-10 14:29:54,787 - watchfiles.main - INFO - 1 change detected
2025-10-10 14:29:55,137 - watchfiles.main - INFO - 1 change detected
2025-10-10 14:29:55,488 - watchfiles.main - INFO - 1 change detected
2025-10-10 14:29:55,838 - watchfiles.main - INFO - 1 change detected
2025-10-10 14:29:56,189 - watchfiles.main - INFO - 1 change detected
2025-10-10 14:29:56,539 - watchfiles.main - INFO - 1 change detected
2025-10-10 14:29:56,890 - watchfiles.main - INFO - 1 change detected
2025-10-10 14:29:57,279 - watchfiles.main - INFO - 1 change detected
2025-10-10 14:29:57,630 - watchfiles.main - INFO - 1 change detected
2025-10-10 14:29:57,980 - watchfiles.main - INFO - 1 change detected
2025-10-10 14:29:58,331 - watchfiles.main - INFO - 1 change detected
2025-10-10 14:29:58,681 - watchfiles.main - INFO - 1 change detected
2025-10-10 14:29:59,032 - watchfiles.main - INFO - 1 change detected
2025-10-10 14:29:59,382 - watchfiles.main - INFO - 1 change detected
2025-10-10 14:29:59,732 - watchfiles.main - INFO - 1 change detected
2025-10-10 14:30:00,083 - watchfiles.main - INFO - 1 change detected
2025-10-10 14:30:00,433 - watchfiles.main - INFO - 1 change detected
2025-10-10 14:30:00,784 - watchfiles.main - INFO - 1 change detected
2025-10-10 14:30:01,134 - watchfiles.main - INFO - 1 change detected
2025-10-10 14:30:01,485 - watchfiles.main - INFO - 1 change detected
2025-10-10 14:30:01,835 - watchfiles.main - INFO - 1 change detected
2025-10-10 14:30:02,186 - watchfiles.main - INFO - 1 change detected
2025-10-10 14:30:02,536 - watchfiles.main - INFO - 1 change detected
2025-10-10 14:30:02,887 - watchfiles.main - INFO - 1 change detected
2025-10-10 14:30:03,237 - watchfiles.main - INFO - 1 change detected
2025-10-10 14:30:03,587 - watchfiles.main - INFO - 1 change detected
2025-10-10 14:30:03,938 - watchfiles.main - INFO - 1 change detected
2025-10-10 14:30:04,288 - watchfiles.main - INFO - 1 change detected
2025-10-10 14:30:04,639 - watchfiles.main - INFO - 1 change detected
2025-10-10 14:30:04,989 - watchfiles.main - INFO - 1 change detected
2025-10-10 14:30:05,340 - watchfiles.main - INFO - 1 change detected
2025-10-10 14:30:05,690 - watchfiles.main - INFO - 1 change detected
2025-10-10 14:30:06,040 - watchfiles.main - INFO - 1 change detected
2025-10-10 14:30:06,391 - watchfiles.main - INFO - 1 change detected
2025-10-10 14:30:06,741 - watchfiles.main - INFO - 1 change detected
2025-10-10 14:30:07,092 - watchfiles.main - INFO - 1 change detected
2025-10-10 14:30:07,442 - watchfiles.main - INFO - 1 change detected
2025-10-10 14:30:07,793 - watchfiles.main - INFO - 1 change detected
2025-10-10 14:30:08,143 - watchfiles.main - INFO - 1 change detected
2025-10-10 14:30:08,494 - watchfiles.main - INFO - 1 change detected
2025-10-10 14:30:08,844 - watchfiles.main - INFO - 1 change detected
2025-10-10 14:30:09,194 - watchfiles.main - INFO - 1 change detected
2025-10-10 14:30:09,545 - watchfiles.main - INFO - 1 change detected
2025-10-10 14:30:09,895 - watchfiles.main - INFO - 1 change detected
2025-10-10 14:30:10,246 - watchfiles.main - INFO - 1 change detected
2025-10-10 14:30:10,596 - watchfiles.main - INFO - 1 change detected
2025-10-10 14:30:10,947 - watchfiles.main - INFO - 1 change detected
2025-10-10 14:30:11,297 - watchfiles.main - INFO - 1 change detected
2025-10-10 14:30:11,648 - watchfiles.main - INFO - 1 change detected
2025-10-10 14:30:11,998 - watchfiles.main - INFO - 1 change detected
2025-10-10 14:30:12,349 - watchfiles.main - INFO - 1 change detected
2025-10-10 14:30:12,699 - watchfiles.main - INFO - 1 change detected
2025-10-10 14:30:13,049 - watchfiles.main - INFO - 1 change detected
2025-10-10 14:30:13,400 - watchfiles.main - INFO - 1 change detected
2025-10-10 14:30:13,750 - watchfiles.main - INFO - 1 change detected
2025-10-10 14:30:14,102 - watchfiles.main - INFO - 1 change detected
2025-10-10 14:30:14,452 - watchfiles.main - INFO - 1 change detected
2025-10-10 14:30:14,803 - watchfiles.main - INFO - 1 change detected
2025-10-10 14:30:15,153 - watchfiles.main - INFO - 1 change detected
2025-10-10 14:30:15,504 - watchfiles.main - INFO - 1 change detected
2025-10-10 14:30:15,854 - watchfiles.main - INFO - 1 change detected
2025-10-10 14:30:16,204 - watchfiles.main - INFO - 1 change detected
2025-10-10 14:30:16,555 - watchfiles.main - INFO - 1 change detected
2025-10-10 14:30:16,905 - watchfiles.main - INFO - 1 change detected
2025-10-10 14:30:17,256 - watchfiles.main - INFO - 1 change detected
2025-10-10 14:30:17,606 - watchfiles.main - INFO - 1 change detected
2025-10-10 14:30:17,957 - watchfiles.main - INFO - 1 change detected
2025-10-10 14:30:18,307 - watchfiles.main - INFO - 1 change detected
2025-10-10 14:30:18,657 - watchfiles.main - INFO - 1 change detected
2025-10-10 14:30:19,008 - watchfiles.main - INFO - 1 change detected
2025-10-10 14:30:19,358 - watchfiles.main - INFO - 1 change detected
2025-10-10 14:30:19,709 - watchfiles.main - INFO - 1 change detected
2025-10-10 14:30:20,059 - watchfiles.main - INFO - 1 change detected
2025-10-10 14:30:20,410 - watchfiles.main - INFO - 1 change detected
2025-10-10 14:30:20,760 - watchfiles.main - INFO - 1 change detected
2025-10-10 14:30:21,111 - watchfiles.main - INFO - 1 change detected
2025-10-10 14:30:21,461 - watchfiles.main - INFO - 1 change detected
2025-10-10 14:30:21,812 - watchfiles.main - INFO - 1 change detected
2025-10-10 14:30:22,162 - watchfiles.main - INFO - 1 change detected
2025-10-10 14:30:22,513 - watchfiles.main - INFO - 1 change detected
2025-10-10 14:30:22,863 - watchfiles.main - INFO - 1 change detected
2025-10-10 14:30:23,214 - watchfiles.main - INFO - 1 change detected
2025-10-10 14:30:23,564 - watchfiles.main - INFO - 1 change detected
2025-10-10 14:30:23,914 - watchfiles.main - INFO - 1 change detected
2025-10-10 14:30:24,265 - watchfiles.main - INFO - 1 change detected
2025-10-10 14:30:24,615 - watchfiles.main - INFO - 1 change detected
2025-10-10 14:30:24,966 - watchfiles.main - INFO - 1 change detected
2025-10-10 14:30:25,316 - watchfiles.main - INFO - 1 change detected
2025-10-10 14:30:25,667 - watchfiles.main - INFO - 1 change detected
2025-10-10 14:30:26,017 - watchfiles.main - INFO - 1 change detected
2025-10-10 14:30:26,367 - watchfiles.main - INFO - 1 change detected
2025-10-10 14:30:26,718 - watchfiles.main - INFO - 1 change detected
2025-10-10 14:30:27,068 - watchfiles.main - INFO - 1 change detected
2025-10-10 14:30:27,419 - watchfiles.main - INFO - 1 change detected
2025-10-10 14:30:27,769 - watchfiles.main - INFO - 1 change detected
2025-10-10 14:30:28,120 - watchfiles.main - INFO - 1 change detected
2025-10-10 14:30:28,470 - watchfiles.main - INFO - 1 change detected
2025-10-10 14:30:28,820 - watchfiles.main - INFO - 1 change detected
2025-10-10 14:30:29,171 - watchfiles.main - INFO - 1 change detected
2025-10-10 14:30:29,521 - watchfiles.main - INFO - 1 change detected
2025-10-10 14:30:29,872 - watchfiles.main - INFO - 1 change detected
2025-10-10 14:30:30,222 - watchfiles.main - INFO - 1 change detected
2025-10-10 14:30:30,573 - watchfiles.main - INFO - 1 change detected
2025-10-10 14:30:30,923 - watchfiles.main - INFO - 1 change detected
2025-10-10 14:30:31,273 - watchfiles.main - INFO - 1 change detected
2025-10-10 14:30:31,624 - watchfiles.main - INFO - 1 change detected
2025-10-10 14:30:31,974 - watchfiles.main - INFO - 1 change detected
2025-10-10 14:30:32,325 - watchfiles.main - INFO - 1 change detected
2025-10-10 14:30:32,675 - watchfiles.main - INFO - 1 change detected
2025-10-10 14:30:33,025 - watchfiles.main - INFO - 1 change detected
2025-10-10 14:30:33,376 - watchfiles.main - INFO - 1 change detected
2025-10-10 14:30:33,726 - watchfiles.main - INFO - 1 change detected
2025-10-10 14:30:34,077 - watchfiles.main - INFO - 1 change detected
2025-10-10 14:30:34,427 - watchfiles.main - INFO - 1 change detected
2025-10-10 14:30:34,778 - watchfiles.main - INFO - 1 change detected
2025-10-10 14:30:35,128 - watchfiles.main - INFO - 1 change detected
2025-10-10 14:30:35,479 - watchfiles.main - INFO - 1 change detected
2025-10-10 14:30:35,829 - watchfiles.main - INFO - 1 change detected
2025-10-10 14:30:36,179 - watchfiles.main - INFO - 1 change detected
2025-10-10 14:30:36,530 - watchfiles.main - INFO - 1 change detected
2025-10-10 14:30:36,880 - watchfiles.main - INFO - 1 change detected
2025-10-10 14:30:37,231 - watchfiles.main - INFO - 1 change detected
2025-10-10 14:30:37,581 - watchfiles.main - INFO - 1 change detected
2025-10-10 14:30:37,931 - watchfiles.main - INFO - 1 change detected
2025-10-10 14:30:38,282 - watchfiles.main - INFO - 1 change detected
2025-10-10 14:30:38,632 - watchfiles.main - INFO - 1 change detected
2025-10-10 14:30:38,983 - watchfiles.main - INFO - 1 change detected
2025-10-10 14:30:39,333 - watchfiles.main - INFO - 1 change detected
2025-10-10 14:30:39,684 - watchfiles.main - INFO - 1 change detected
2025-10-10 14:30:40,034 - watchfiles.main - INFO - 1 change detected
2025-10-10 14:30:40,385 - watchfiles.main - INFO - 1 change detected
2025-10-10 14:30:40,735 - watchfiles.main - INFO - 1 change detected
2025-10-10 14:30:41,085 - watchfiles.main - INFO - 1 change detected
2025-10-10 14:30:41,436 - watchfiles.main - INFO - 1 change detected
2025-10-10 14:30:41,786 - watchfiles.main - INFO - 1 change detected
2025-10-10 14:30:42,137 - watchfiles.main - INFO - 1 change detected
2025-10-10 14:30:42,487 - watchfiles.main - INFO - 1 change detected
2025-10-10 14:30:42,837 - watchfiles.main - INFO - 1 change detected
2025-10-10 14:30:43,188 - watchfiles.main - INFO - 1 change detected
2025-10-10 14:30:43,538 - watchfiles.main - INFO - 1 change detected
2025-10-10 14:30:43,889 - watchfiles.main - INFO - 1 change detected
2025-10-10 14:30:44,239 - watchfiles.main - INFO - 1 change detected
2025-10-10 14:30:44,590 - watchfiles.main - INFO - 1 change detected
2025-10-10 14:30:44,940 - watchfiles.main - INFO - 1 change detected
2025-10-10 14:30:45,290 - watchfiles.main - INFO - 1 change detected
2025-10-10 14:30:45,641 - watchfiles.main - INFO - 1 change detected
2025-10-10 14:30:45,991 - watchfiles.main - INFO - 1 change detected
2025-10-10 14:30:46,342 - watchfiles.main - INFO - 1 change detected
2025-10-10 14:30:46,692 - watchfiles.main - INFO - 1 change detected
2025-10-10 14:30:47,043 - watchfiles.main - INFO - 1 change detected
2025-10-10 14:30:47,393 - watchfiles.main - INFO - 1 change detected
2025-10-10 14:30:47,743 - watchfiles.main - INFO - 1 change detected
2025-10-10 14:30:48,094 - watchfiles.main - INFO - 1 change detected
2025-10-10 14:30:48,444 - watchfiles.main - INFO - 1 change detected
2025-10-10 14:30:48,795 - watchfiles.main - INFO - 1 change detected
2025-10-10 14:30:49,145 - watchfiles.main - INFO - 1 change detected
2025-10-10 14:30:49,496 - watchfiles.main - INFO - 1 change detected
2025-10-10 14:30:49,846 - watchfiles.main - INFO - 1 change detected
2025-10-10 14:30:50,198 - watchfiles.main - INFO - 1 change detected
2025-10-10 14:30:50,548 - watchfiles.main - INFO - 1 change detected
2025-10-10 14:30:50,899 - watchfiles.main - INFO - 1 change detected
2025-10-10 14:30:51,249 - watchfiles.main - INFO - 1 change detected
2025-10-10 14:30:51,600 - watchfiles.main - INFO - 1 change detected
2025-10-10 14:30:51,950 - watchfiles.main - INFO - 1 change detected
2025-10-10 14:30:52,301 - watchfiles.main - INFO - 1 change detected
2025-10-10 14:30:52,651 - watchfiles.main - INFO - 1 change detected
2025-10-10 14:30:53,001 - watchfiles.main - INFO - 1 change detected
2025-10-10 14:30:53,352 - watchfiles.main - INFO - 1 change detected
2025-10-10 14:30:53,702 - watchfiles.main - INFO - 1 change detected
2025-10-10 14:30:54,053 - watchfiles.main - INFO - 1 change detected
2025-10-10 14:30:54,403 - watchfiles.main - INFO - 1 change detected
2025-10-10 14:30:54,754 - watchfiles.main - INFO - 1 change detected
2025-10-10 14:30:55,104 - watchfiles.main - INFO - 1 change detected
2025-10-10 14:30:55,455 - watchfiles.main - INFO - 1 change detected
2025-10-10 14:30:55,805 - watchfiles.main - INFO - 1 change detected
2025-10-10 14:30:56,156 - watchfiles.main - INFO - 1 change detected
2025-10-10 14:30:56,506 - watchfiles.main - INFO - 1 change detected
2025-10-10 14:30:56,856 - watchfiles.main - INFO - 1 change detected
2025-10-10 14:30:57,207 - watchfiles.main - INFO - 1 change detected
2025-10-10 14:30:57,557 - watchfiles.main - INFO - 1 change detected
2025-10-10 14:30:57,908 - watchfiles.main - INFO - 1 change detected
2025-10-10 14:30:58,258 - watchfiles.main - INFO - 1 change detected
2025-10-10 14:30:58,609 - watchfiles.main - INFO - 1 change detected
2025-10-10 14:30:58,959 - watchfiles.main - INFO - 1 change detected
2025-10-10 14:30:59,309 - watchfiles.main - INFO - 1 change detected
2025-10-10 14:30:59,660 - watchfiles.main - INFO - 1 change detected
2025-10-10 14:31:00,010 - watchfiles.main - INFO - 1 change detected
2025-10-10 14:31:00,361 - watchfiles.main - INFO - 1 change detected
2025-10-10 14:31:00,711 - watchfiles.main - INFO - 1 change detected
2025-10-10 14:31:01,062 - watchfiles.main - INFO - 1 change detected
2025-10-10 14:31:01,428 - watchfiles.main - INFO - 1 change detected
2025-10-10 14:31:01,778 - watchfiles.main - INFO - 1 change detected
2025-10-10 14:31:02,129 - watchfiles.main - INFO - 1 change detected
2025-10-10 14:31:02,479 - watchfiles.main - INFO - 1 change detected
2025-10-10 14:31:02,830 - watchfiles.main - INFO - 1 change detected
2025-10-10 14:31:03,180 - watchfiles.main - INFO - 1 change detected
2025-10-10 14:31:03,531 - watchfiles.main - INFO - 1 change detected
2025-10-10 14:31:03,881 - watchfiles.main - INFO - 1 change detected
2025-10-10 14:31:04,231 - watchfiles.main - INFO - 1 change detected
2025-10-10 14:31:04,582 - watchfiles.main - INFO - 1 change detected
2025-10-10 14:31:04,932 - watchfiles.main - INFO - 1 change detected
2025-10-10 14:31:05,283 - watchfiles.main - INFO - 1 change detected
2025-10-10 14:31:05,633 - watchfiles.main - INFO - 1 change detected
2025-10-10 14:31:05,984 - watchfiles.main - INFO - 1 change detected
2025-10-10 14:31:06,334 - watchfiles.main - INFO - 1 change detected
2025-10-10 14:31:06,685 - watchfiles.main - INFO - 1 change detected
2025-10-10 14:31:07,035 - watchfiles.main - INFO - 1 change detected
2025-10-10 14:31:07,385 - watchfiles.main - INFO - 1 change detected
2025-10-10 14:31:07,736 - watchfiles.main - INFO - 1 change detected
2025-10-10 14:31:08,086 - watchfiles.main - INFO - 1 change detected
2025-10-10 14:31:08,437 - watchfiles.main - INFO - 1 change detected
2025-10-10 14:31:08,787 - watchfiles.main - INFO - 1 change detected
2025-10-10 14:31:09,138 - watchfiles.main - INFO - 1 change detected
2025-10-10 14:31:09,488 - watchfiles.main - INFO - 1 change detected
2025-10-10 14:31:09,838 - watchfiles.main - INFO - 1 change detected
2025-10-10 14:31:10,189 - watchfiles.main - INFO - 1 change detected
2025-10-10 14:31:10,539 - watchfiles.main - INFO - 1 change detected
2025-10-10 14:31:10,890 - watchfiles.main - INFO - 1 change detected
2025-10-10 14:31:11,240 - watchfiles.main - INFO - 1 change detected
2025-10-10 14:31:11,591 - watchfiles.main - INFO - 1 change detected
2025-10-10 14:31:11,941 - watchfiles.main - INFO - 1 change detected
2025-10-10 14:31:12,292 - watchfiles.main - INFO - 1 change detected
2025-10-10 14:31:12,642 - watchfiles.main - INFO - 1 change detected
2025-10-10 14:31:12,993 - watchfiles.main - INFO - 1 change detected
2025-10-10 14:31:13,343 - watchfiles.main - INFO - 1 change detected
2025-10-10 14:31:13,694 - watchfiles.main - INFO - 1 change detected
2025-10-10 14:31:14,044 - watchfiles.main - INFO - 1 change detected
2025-10-10 14:31:14,394 - watchfiles.main - INFO - 1 change detected
2025-10-10 14:31:14,745 - watchfiles.main - INFO - 1 change detected
2025-10-10 14:31:15,095 - watchfiles.main - INFO - 1 change detected
2025-10-10 14:31:15,446 - watchfiles.main - INFO - 1 change detected
2025-10-10 14:31:15,797 - watchfiles.main - INFO - 1 change detected
2025-10-10 14:31:16,147 - watchfiles.main - INFO - 1 change detected
2025-10-10 14:31:16,498 - watchfiles.main - INFO - 1 change detected
2025-10-10 14:31:16,848 - watchfiles.main - INFO - 1 change detected
2025-10-10 14:31:17,199 - watchfiles.main - INFO - 1 change detected
2025-10-10 14:31:17,549 - watchfiles.main - INFO - 1 change detected
2025-10-10 14:31:17,900 - watchfiles.main - INFO - 1 change detected
2025-10-10 14:31:18,250 - watchfiles.main - INFO - 1 change detected
2025-10-10 14:31:18,601 - watchfiles.main - INFO - 1 change detected
2025-10-10 14:31:18,951 - watchfiles.main - INFO - 1 change detected
2025-10-10 14:31:19,302 - watchfiles.main - INFO - 1 change detected
2025-10-10 14:31:19,652 - watchfiles.main - INFO - 1 change detected
2025-10-10 14:31:20,002 - watchfiles.main - INFO - 1 change detected
2025-10-10 14:31:20,353 - watchfiles.main - INFO - 1 change detected
2025-10-10 14:31:20,703 - watchfiles.main - INFO - 1 change detected
2025-10-10 14:31:21,054 - watchfiles.main - INFO - 1 change detected
2025-10-10 14:31:21,404 - watchfiles.main - INFO - 1 change detected
2025-10-10 14:31:21,755 - watchfiles.main - INFO - 1 change detected
INFO:     127.0.0.1:33760 - "GET /api/products/3017620425400?language=fr HTTP/1.1" 200 OK
2025-10-10 14:31:22,105 - watchfiles.main - INFO - 1 change detected
2025-10-10 14:31:22,456 - watchfiles.main - INFO - 1 change detected
2025-10-10 14:31:22,806 - watchfiles.main - INFO - 1 change detected
2025-10-10 14:31:23,157 - watchfiles.main - INFO - 1 change detected
2025-10-10 14:31:23,507 - watchfiles.main - INFO - 1 change detected
2025-10-10 14:31:23,857 - watchfiles.main - INFO - 1 change detected
2025-10-10 14:31:24,208 - watchfiles.main - INFO - 1 change detected
2025-10-10 14:31:24,558 - watchfiles.main - INFO - 1 change detected
2025-10-10 14:31:24,909 - watchfiles.main - INFO - 1 change detected
2025-10-10 14:31:25,259 - watchfiles.main - INFO - 1 change detected
2025-10-10 14:31:25,610 - watchfiles.main - INFO - 1 change detected
2025-10-10 14:31:25,960 - watchfiles.main - INFO - 1 change detected
2025-10-10 14:31:26,311 - watchfiles.main - INFO - 1 change detected
2025-10-10 14:31:26,661 - watchfiles.main - INFO - 1 change detected
2025-10-10 14:31:27,012 - watchfiles.main - INFO - 1 change detected
2025-10-10 14:31:27,362 - watchfiles.main - INFO - 1 change detected
2025-10-10 14:31:27,713 - watchfiles.main - INFO - 1 change detected
2025-10-10 14:31:28,063 - watchfiles.main - INFO - 1 change detected
2025-10-10 14:31:28,413 - watchfiles.main - INFO - 1 change detected
2025-10-10 14:31:28,764 - watchfiles.main - INFO - 1 change detected
2025-10-10 14:31:29,114 - watchfiles.main - INFO - 1 change detected
2025-10-10 14:31:29,465 - watchfiles.main - INFO - 1 change detected
2025-10-10 14:31:29,815 - watchfiles.main - INFO - 1 change detected
2025-10-10 14:31:30,166 - watchfiles.main - INFO - 1 change detected
2025-10-10 14:31:30,516 - watchfiles.main - INFO - 1 change detected
2025-10-10 14:31:30,958 - watchfiles.main - INFO - 1 change detected
2025-10-10 14:31:31,308 - watchfiles.main - INFO - 1 change detected
2025-10-10 14:31:31,658 - watchfiles.main - INFO - 1 change detected
2025-10-10 14:31:32,011 - watchfiles.main - INFO - 1 change detected
2025-10-10 14:31:32,361 - watchfiles.main - INFO - 1 change detected
2025-10-10 14:31:32,712 - watchfiles.main - INFO - 1 change detected
2025-10-10 14:31:33,062 - watchfiles.main - INFO - 1 change detected
2025-10-10 14:31:33,412 - watchfiles.main - INFO - 1 change detected
2025-10-10 14:31:33,763 - watchfiles.main - INFO - 1 change detected
2025-10-10 14:31:34,113 - watchfiles.main - INFO - 1 change detected
2025-10-10 14:31:34,464 - watchfiles.main - INFO - 1 change detected
2025-10-10 14:31:34,814 - watchfiles.main - INFO - 1 change detected
2025-10-10 14:31:35,165 - watchfiles.main - INFO - 1 change detected
2025-10-10 14:31:35,515 - watchfiles.main - INFO - 1 change detected
2025-10-10 14:31:35,866 - watchfiles.main - INFO - 1 change detected
2025-10-10 14:31:36,216 - watchfiles.main - INFO - 1 change detected
2025-10-10 14:31:36,566 - watchfiles.main - INFO - 1 change detected
2025-10-10 14:31:36,917 - watchfiles.main - INFO - 1 change detected
2025-10-10 14:31:37,267 - watchfiles.main - INFO - 1 change detected
2025-10-10 14:31:37,618 - watchfiles.main - INFO - 1 change detected
2025-10-10 14:31:37,968 - watchfiles.main - INFO - 1 change detected
2025-10-10 14:31:38,319 - watchfiles.main - INFO - 1 change detected
2025-10-10 14:31:38,669 - watchfiles.main - INFO - 1 change detected
2025-10-10 14:31:39,020 - watchfiles.main - INFO - 1 change detected
2025-10-10 14:31:39,370 - watchfiles.main - INFO - 1 change detected
2025-10-10 14:31:39,720 - watchfiles.main - INFO - 1 change detected
2025-10-10 14:31:40,071 - watchfiles.main - INFO - 1 change detected
2025-10-10 14:31:40,421 - watchfiles.main - INFO - 1 change detected
2025-10-10 14:31:40,772 - watchfiles.main - INFO - 1 change detected
2025-10-10 14:31:41,122 - watchfiles.main - INFO - 1 change detected
2025-10-10 14:31:41,473 - watchfiles.main - INFO - 1 change detected
2025-10-10 14:31:41,823 - watchfiles.main - INFO - 1 change detected
2025-10-10 14:31:42,174 - watchfiles.main - INFO - 1 change detected
2025-10-10 14:31:42,524 - watchfiles.main - INFO - 1 change detected
2025-10-10 14:31:42,874 - watchfiles.main - INFO - 1 change detected
2025-10-10 14:31:43,225 - watchfiles.main - INFO - 1 change detected
2025-10-10 14:31:43,575 - watchfiles.main - INFO - 1 change detected
2025-10-10 14:31:43,926 - watchfiles.main - INFO - 1 change detected
2025-10-10 14:31:44,276 - watchfiles.main - INFO - 1 change detected
2025-10-10 14:31:44,627 - watchfiles.main - INFO - 1 change detected
2025-10-10 14:31:44,977 - watchfiles.main - INFO - 1 change detected
2025-10-10 14:31:45,328 - watchfiles.main - INFO - 1 change detected
2025-10-10 14:31:45,678 - watchfiles.main - INFO - 1 change detected
2025-10-10 14:31:46,029 - watchfiles.main - INFO - 1 change detected
2025-10-10 14:31:46,379 - watchfiles.main - INFO - 1 change detected
2025-10-10 14:31:46,729 - watchfiles.main - INFO - 1 change detected
2025-10-10 14:31:47,080 - watchfiles.main - INFO - 1 change detected
2025-10-10 14:31:47,430 - watchfiles.main - INFO - 1 change detected
2025-10-10 14:31:47,781 - watchfiles.main - INFO - 1 change detected
2025-10-10 14:31:48,131 - watchfiles.main - INFO - 1 change detected
2025-10-10 14:31:48,482 - watchfiles.main - INFO - 1 change detected
2025-10-10 14:31:48,832 - watchfiles.main - INFO - 1 change detected
2025-10-10 14:31:49,183 - watchfiles.main - INFO - 1 change detected
2025-10-10 14:31:49,533 - watchfiles.main - INFO - 2 changes detected
WARNING:  WatchFiles detected changes in 'models/message.py'. Reloading...
INFO:     Shutting down
INFO:     Waiting for application shutdown.
2025-10-10 14:31:49,654 - services.database_service - INFO - Disconnected from MongoDB
2025-10-10 14:31:49,654 - server - INFO - YaCook API shut down
INFO:     Application shutdown complete.
INFO:     Finished server process [1786]
2025-10-10 14:31:50,508 - watchfiles.main - INFO - 1 change detected
/root/.venv/lib/python3.11/site-packages/pydantic/_internal/_config.py:373: UserWarning: Valid config keys have changed in V2:
* 'allow_population_by_field_name' has been renamed to 'validate_by_name'
  warnings.warn(message, UserWarning)
2025-10-10 14:31:50,859 - watchfiles.main - INFO - 1 change detected
2025-10-10 14:31:51,209 - watchfiles.main - INFO - 1 change detected
2025-10-10 14:31:51,560 - watchfiles.main - INFO - 1 change detected
/root/.venv/lib/python3.11/site-packages/pydantic/_internal/_config.py:373: UserWarning: Valid config keys have changed in V2:
* 'allow_population_by_field_name' has been renamed to 'validate_by_name'
  warnings.warn(message, UserWarning)
/root/.venv/lib/python3.11/site-packages/pydantic/_internal/_config.py:373: UserWarning: Valid config keys have changed in V2:
* 'allow_population_by_field_name' has been renamed to 'validate_by_name'
  warnings.warn(message, UserWarning)
INFO:     Started server process [14454]
INFO:     Waiting for application startup.
2025-10-10 14:31:51,814 - services.database_service - INFO - Database indexes created successfully
2025-10-10 14:31:51,814 - services.database_service - INFO - Connected to MongoDB database: yacook_database
2025-10-10 14:31:51,814 - server - INFO - ==================================================
2025-10-10 14:31:51,814 - server - INFO - YaCook API Startup Diagnostics
2025-10-10 14:31:51,814 - server - INFO - ==================================================
2025-10-10 14:31:51,815 - server - INFO - 📄 .env file loaded: True
2025-10-10 14:31:51,815 - server - INFO - 🌐 CORS allowed origins: ['http://localhost:19006', 'http://localhost:3000', 'https://app.yacook.app', 'https://yacook-launch.preview.emergentagent.com', 'https://app.emergent.sh']
2025-10-10 14:31:51,815 - server - INFO - 🔗 CORS origin regex: r'https:\/\/.*\.(preview\.emergentagent\.com|trycloudflare\.com|railway\.app)$'
2025-10-10 14:31:51,815 - server - INFO - 🚀 API base path: /api
2025-10-10 14:31:51,815 - server - INFO - ✅ OPTIONS handler registered for all routes
2025-10-10 14:31:51,815 - server - INFO - YaCook API started successfully
2025-10-10 14:31:51,815 - server - INFO - ==================================================
INFO:     Application startup complete.
2025-10-10 14:31:51,910 - watchfiles.main - INFO - 1 change detected
2025-10-10 14:31:52,261 - watchfiles.main - INFO - 1 change detected
2025-10-10 14:31:52,611 - watchfiles.main - INFO - 1 change detected
2025-10-10 14:31:52,962 - watchfiles.main - INFO - 1 change detected
2025-10-10 14:31:53,312 - watchfiles.main - INFO - 1 change detected
2025-10-10 14:31:53,662 - watchfiles.main - INFO - 1 change detected
2025-10-10 14:31:54,013 - watchfiles.main - INFO - 1 change detected
2025-10-10 14:31:54,363 - watchfiles.main - INFO - 1 change detected
2025-10-10 14:31:54,714 - watchfiles.main - INFO - 1 change detected
INFO:     127.0.0.1:58254 - "GET /api/health HTTP/1.1" 200 OK
2025-10-10 14:31:55,064 - watchfiles.main - INFO - 1 change detected
2025-10-10 14:31:55,415 - watchfiles.main - INFO - 1 change detected
2025-10-10 14:31:55,765 - watchfiles.main - INFO - 1 change detected
2025-10-10 14:31:56,115 - watchfiles.main - INFO - 1 change detected
2025-10-10 14:31:56,466 - watchfiles.main - INFO - 1 change detected
2025-10-10 14:31:56,816 - watchfiles.main - INFO - 1 change detected
2025-10-10 14:31:57,167 - watchfiles.main - INFO - 1 change detected
2025-10-10 14:31:57,517 - watchfiles.main - INFO - 1 change detected
2025-10-10 14:31:57,868 - watchfiles.main - INFO - 1 change detected
2025-10-10 14:31:58,218 - watchfiles.main - INFO - 1 change detected
2025-10-10 14:31:58,568 - watchfiles.main - INFO - 1 change detected
2025-10-10 14:31:58,919 - watchfiles.main - INFO - 1 change detected
2025-10-10 14:31:59,269 - watchfiles.main - INFO - 1 change detected
2025-10-10 14:31:59,620 - watchfiles.main - INFO - 1 change detected
2025-10-10 14:31:59,970 - watchfiles.main - INFO - 1 change detected
2025-10-10 14:32:00,321 - watchfiles.main - INFO - 1 change detected
2025-10-10 14:32:00,671 - watchfiles.main - INFO - 1 change detected
2025-10-10 14:32:01,022 - watchfiles.main - INFO - 1 change detected
2025-10-10 14:32:01,372 - watchfiles.main - INFO - 1 change detected
2025-10-10 14:32:01,722 - watchfiles.main - INFO - 1 change detected
2025-10-10 14:32:02,073 - watchfiles.main - INFO - 1 change detected
2025-10-10 14:32:02,423 - watchfiles.main - INFO - 1 change detected
2025-10-10 14:32:02,774 - watchfiles.main - INFO - 1 change detected
2025-10-10 14:32:03,124 - watchfiles.main - INFO - 1 change detected
2025-10-10 14:32:03,475 - watchfiles.main - INFO - 1 change detected
2025-10-10 14:32:03,825 - watchfiles.main - INFO - 1 change detected
2025-10-10 14:32:04,175 - watchfiles.main - INFO - 1 change detected
2025-10-10 14:32:04,526 - watchfiles.main - INFO - 1 change detected
2025-10-10 14:32:04,876 - watchfiles.main - INFO - 1 change detected
2025-10-10 14:32:05,227 - watchfiles.main - INFO - 1 change detected
2025-10-10 14:32:05,577 - watchfiles.main - INFO - 2 changes detected
WARNING:  WatchFiles detected changes in 'server.py'. Reloading...
INFO:     Shutting down
INFO:     Waiting for application shutdown.
2025-10-10 14:32:05,743 - services.database_service - INFO - Disconnected from MongoDB
2025-10-10 14:32:05,743 - server - INFO - YaCook API shut down
INFO:     Application shutdown complete.
INFO:     Finished server process [14454]
2025-10-10 14:32:06,481 - watchfiles.main - INFO - 4 changes detected
/root/.venv/lib/python3.11/site-packages/pydantic/_internal/_config.py:373: UserWarning: Valid config keys have changed in V2:
* 'allow_population_by_field_name' has been renamed to 'validate_by_name'
  warnings.warn(message, UserWarning)
2025-10-10 14:32:06,831 - watchfiles.main - INFO - 1 change detected
2025-10-10 14:32:07,181 - watchfiles.main - INFO - 1 change detected
2025-10-10 14:32:07,532 - watchfiles.main - INFO - 4 changes detected
/root/.venv/lib/python3.11/site-packages/pydantic/_internal/_config.py:373: UserWarning: Valid config keys have changed in V2:
* 'allow_population_by_field_name' has been renamed to 'validate_by_name'
  warnings.warn(message, UserWarning)
/root/.venv/lib/python3.11/site-packages/pydantic/_internal/_config.py:373: UserWarning: Valid config keys have changed in V2:
* 'allow_population_by_field_name' has been renamed to 'validate_by_name'
  warnings.warn(message, UserWarning)
INFO:     Started server process [14563]
INFO:     Waiting for application startup.
2025-10-10 14:32:07,785 - services.database_service - INFO - Database indexes created successfully
2025-10-10 14:32:07,785 - services.database_service - INFO - Connected to MongoDB database: yacook_database
2025-10-10 14:32:07,785 - server - INFO - ==================================================
2025-10-10 14:32:07,785 - server - INFO - YaCook API Startup Diagnostics
2025-10-10 14:32:07,785 - server - INFO - ==================================================
2025-10-10 14:32:07,785 - server - INFO - 📄 .env file loaded: True
2025-10-10 14:32:07,785 - server - INFO - 🌐 CORS allowed origins: ['http://localhost:19006', 'http://localhost:3000', 'https://app.yacook.app', 'https://yacook-launch.preview.emergentagent.com', 'https://app.emergent.sh']
2025-10-10 14:32:07,785 - server - INFO - 🔗 CORS origin regex: r'https:\/\/.*\.(preview\.emergentagent\.com|trycloudflare\.com|railway\.app)$'
2025-10-10 14:32:07,785 - server - INFO - 🚀 API base path: /api
2025-10-10 14:32:07,785 - server - INFO - ✅ OPTIONS handler registered for all routes
2025-10-10 14:32:07,785 - server - INFO - YaCook API started successfully
2025-10-10 14:32:07,785 - server - INFO - ==================================================
INFO:     Application startup complete.
2025-10-10 14:32:07,882 - watchfiles.main - INFO - 1 change detected
2025-10-10 14:32:08,233 - watchfiles.main - INFO - 1 change detected
2025-10-10 14:32:08,583 - watchfiles.main - INFO - 1 change detected
2025-10-10 14:32:08,934 - watchfiles.main - INFO - 1 change detected
2025-10-10 14:32:09,284 - watchfiles.main - INFO - 1 change detected
2025-10-10 14:32:09,634 - watchfiles.main - INFO - 1 change detected
2025-10-10 14:32:09,985 - watchfiles.main - INFO - 1 change detected
2025-10-10 14:32:10,335 - watchfiles.main - INFO - 1 change detected
2025-10-10 14:32:10,686 - watchfiles.main - INFO - 1 change detected
2025-10-10 14:32:11,036 - watchfiles.main - INFO - 1 change detected
2025-10-10 14:32:11,387 - watchfiles.main - INFO - 1 change detected
2025-10-10 14:32:11,737 - watchfiles.main - INFO - 1 change detected
2025-10-10 14:32:12,087 - watchfiles.main - INFO - 1 change detected
2025-10-10 14:32:12,438 - watchfiles.main - INFO - 1 change detected
2025-10-10 14:32:12,788 - watchfiles.main - INFO - 1 change detected
2025-10-10 14:32:13,139 - watchfiles.main - INFO - 1 change detected
2025-10-10 14:32:13,489 - watchfiles.main - INFO - 1 change detected
2025-10-10 14:32:13,840 - watchfiles.main - INFO - 1 change detected
2025-10-10 14:32:14,190 - watchfiles.main - INFO - 1 change detected
2025-10-10 14:32:14,541 - watchfiles.main - INFO - 1 change detected
2025-10-10 14:32:14,891 - watchfiles.main - INFO - 1 change detected
2025-10-10 14:32:15,241 - watchfiles.main - INFO - 1 change detected
2025-10-10 14:32:15,592 - watchfiles.main - INFO - 1 change detected
2025-10-10 14:32:15,942 - watchfiles.main - INFO - 1 change detected
2025-10-10 14:32:16,293 - watchfiles.main - INFO - 1 change detected
2025-10-10 14:32:16,643 - watchfiles.main - INFO - 1 change detected
2025-10-10 14:32:16,993 - watchfiles.main - INFO - 1 change detected
2025-10-10 14:32:17,344 - watchfiles.main - INFO - 1 change detected
2025-10-10 14:32:17,694 - watchfiles.main - INFO - 1 change detected
2025-10-10 14:32:18,045 - watchfiles.main - INFO - 1 change detected
2025-10-10 14:32:18,395 - watchfiles.main - INFO - 1 change detected
2025-10-10 14:32:18,746 - watchfiles.main - INFO - 1 change detected
2025-10-10 14:32:19,096 - watchfiles.main - INFO - 1 change detected
2025-10-10 14:32:19,447 - watchfiles.main - INFO - 1 change detected
2025-10-10 14:32:19,797 - watchfiles.main - INFO - 1 change detected
2025-10-10 14:32:20,147 - watchfiles.main - INFO - 1 change detected
2025-10-10 14:32:20,498 - watchfiles.main - INFO - 1 change detected
2025-10-10 14:32:20,848 - watchfiles.main - INFO - 1 change detected
2025-10-10 14:32:21,199 - watchfiles.main - INFO - 1 change detected
2025-10-10 14:32:21,549 - watchfiles.main - INFO - 1 change detected
2025-10-10 14:32:21,900 - watchfiles.main - INFO - 1 change detected
2025-10-10 14:32:22,250 - watchfiles.main - INFO - 1 change detected
2025-10-10 14:32:22,600 - watchfiles.main - INFO - 1 change detected
2025-10-10 14:32:22,951 - watchfiles.main - INFO - 1 change detected
2025-10-10 14:32:23,301 - watchfiles.main - INFO - 1 change detected
2025-10-10 14:32:23,652 - watchfiles.main - INFO - 1 change detected
2025-10-10 14:32:24,002 - watchfiles.main - INFO - 1 change detected
2025-10-10 14:32:24,353 - watchfiles.main - INFO - 1 change detected
2025-10-10 14:32:24,703 - watchfiles.main - INFO - 1 change detected
2025-10-10 14:32:25,054 - watchfiles.main - INFO - 1 change detected
2025-10-10 14:32:25,404 - watchfiles.main - INFO - 1 change detected
2025-10-10 14:32:25,754 - watchfiles.main - INFO - 1 change detected
2025-10-10 14:32:26,105 - watchfiles.main - INFO - 1 change detected
2025-10-10 14:32:26,455 - watchfiles.main - INFO - 1 change detected
2025-10-10 14:32:26,806 - watchfiles.main - INFO - 1 change detected
2025-10-10 14:32:27,156 - watchfiles.main - INFO - 1 change detected
2025-10-10 14:32:27,507 - watchfiles.main - INFO - 1 change detected
2025-10-10 14:32:27,857 - watchfiles.main - INFO - 1 change detected
2025-10-10 14:32:28,208 - watchfiles.main - INFO - 1 change detected
2025-10-10 14:32:28,558 - watchfiles.main - INFO - 1 change detected
2025-10-10 14:32:28,908 - watchfiles.main - INFO - 1 change detected
2025-10-10 14:32:29,259 - watchfiles.main - INFO - 1 change detected
2025-10-10 14:32:29,609 - watchfiles.main - INFO - 1 change detected
2025-10-10 14:32:29,960 - watchfiles.main - INFO - 1 change detected
2025-10-10 14:32:30,310 - watchfiles.main - INFO - 1 change detected
2025-10-10 14:32:30,661 - watchfiles.main - INFO - 1 change detected
2025-10-10 14:32:31,011 - watchfiles.main - INFO - 1 change detected
2025-10-10 14:32:31,362 - watchfiles.main - INFO - 1 change detected
2025-10-10 14:32:31,712 - watchfiles.main - INFO - 1 change detected
2025-10-10 14:32:32,062 - watchfiles.main - INFO - 1 change detected
2025-10-10 14:32:32,413 - watchfiles.main - INFO - 1 change detected
2025-10-10 14:32:32,763 - watchfiles.main - INFO - 1 change detected
2025-10-10 14:32:33,114 - watchfiles.main - INFO - 1 change detected
2025-10-10 14:32:33,464 - watchfiles.main - INFO - 1 change detected
2025-10-10 14:32:33,814 - watchfiles.main - INFO - 1 change detected
2025-10-10 14:32:34,165 - watchfiles.main - INFO - 1 change detected
2025-10-10 14:32:34,515 - watchfiles.main - INFO - 1 change detected
2025-10-10 14:32:34,866 - watchfiles.main - INFO - 1 change detected
2025-10-10 14:32:35,216 - watchfiles.main - INFO - 1 change detected
2025-10-10 14:32:35,567 - watchfiles.main - INFO - 1 change detected
2025-10-10 14:32:35,917 - watchfiles.main - INFO - 1 change detected
2025-10-10 14:32:36,267 - watchfiles.main - INFO - 1 change detected
2025-10-10 14:32:36,618 - watchfiles.main - INFO - 1 change detected
2025-10-10 14:32:36,968 - watchfiles.main - INFO - 1 change detected
2025-10-10 14:32:37,319 - watchfiles.main - INFO - 1 change detected
2025-10-10 14:32:37,669 - watchfiles.main - INFO - 1 change detected
2025-10-10 14:32:38,020 - watchfiles.main - INFO - 1 change detected
2025-10-10 14:32:38,370 - watchfiles.main - INFO - 1 change detected
2025-10-10 14:32:38,720 - watchfiles.main - INFO - 1 change detected
2025-10-10 14:32:39,071 - watchfiles.main - INFO - 1 change detected
2025-10-10 14:32:39,421 - watchfiles.main - INFO - 1 change detected
2025-10-10 14:32:39,772 - watchfiles.main - INFO - 1 change detected
2025-10-10 14:32:40,122 - watchfiles.main - INFO - 1 change detected
2025-10-10 14:32:40,473 - watchfiles.main - INFO - 1 change detected
2025-10-10 14:32:40,823 - watchfiles.main - INFO - 1 change detected
2025-10-10 14:32:41,174 - watchfiles.main - INFO - 1 change detected
2025-10-10 14:32:41,524 - watchfiles.main - INFO - 1 change detected
2025-10-10 14:32:41,874 - watchfiles.main - INFO - 1 change detected
2025-10-10 14:32:42,225 - watchfiles.main - INFO - 1 change detected
2025-10-10 14:32:42,575 - watchfiles.main - INFO - 1 change detected
2025-10-10 14:32:42,926 - watchfiles.main - INFO - 1 change detected
2025-10-10 14:32:43,276 - watchfiles.main - INFO - 1 change detected
2025-10-10 14:32:43,627 - watchfiles.main - INFO - 1 change detected
2025-10-10 14:32:43,977 - watchfiles.main - INFO - 1 change detected
2025-10-10 14:32:44,327 - watchfiles.main - INFO - 1 change detected
2025-10-10 14:32:44,678 - watchfiles.main - INFO - 1 change detected
2025-10-10 14:32:45,028 - watchfiles.main - INFO - 1 change detected
2025-10-10 14:32:45,379 - watchfiles.main - INFO - 1 change detected
2025-10-10 14:32:45,729 - watchfiles.main - INFO - 1 change detected
2025-10-10 14:32:46,080 - watchfiles.main - INFO - 1 change detected
2025-10-10 14:32:46,430 - watchfiles.main - INFO - 1 change detected
2025-10-10 14:32:46,780 - watchfiles.main - INFO - 1 change detected
2025-10-10 14:32:47,131 - watchfiles.main - INFO - 1 change detected
2025-10-10 14:32:47,481 - watchfiles.main - INFO - 5 changes detected
WARNING:  WatchFiles detected changes in 'server.py'. Reloading...
INFO:     Shutting down
INFO:     Waiting for application shutdown.
2025-10-10 14:32:47,663 - services.database_service - INFO - Disconnected from MongoDB
2025-10-10 14:32:47,663 - server - INFO - YaCook API shut down
INFO:     Application shutdown complete.
INFO:     Finished server process [14563]
2025-10-10 14:32:48,485 - watchfiles.main - INFO - 1 change detected
/root/.venv/lib/python3.11/site-packages/pydantic/_internal/_config.py:373: UserWarning: Valid config keys have changed in V2:
* 'allow_population_by_field_name' has been renamed to 'validate_by_name'
  warnings.warn(message, UserWarning)
2025-10-10 14:32:48,835 - watchfiles.main - INFO - 1 change detected
2025-10-10 14:32:49,185 - watchfiles.main - INFO - 1 change detected
2025-10-10 14:32:49,536 - watchfiles.main - INFO - 1 change detected
/root/.venv/lib/python3.11/site-packages/pydantic/_internal/_config.py:373: UserWarning: Valid config keys have changed in V2:
* 'allow_population_by_field_name' has been renamed to 'validate_by_name'
  warnings.warn(message, UserWarning)
/root/.venv/lib/python3.11/site-packages/pydantic/_internal/_config.py:373: UserWarning: Valid config keys have changed in V2:
* 'allow_population_by_field_name' has been renamed to 'validate_by_name'
  warnings.warn(message, UserWarning)
INFO:     Started server process [14676]
INFO:     Waiting for application startup.
2025-10-10 14:32:49,785 - services.database_service - INFO - Database indexes created successfully
2025-10-10 14:32:49,785 - services.database_service - INFO - Connected to MongoDB database: yacook_database
2025-10-10 14:32:49,785 - server - INFO - ==================================================
2025-10-10 14:32:49,785 - server - INFO - YaCook API Startup Diagnostics
2025-10-10 14:32:49,785 - server - INFO - ==================================================
2025-10-10 14:32:49,785 - server - INFO - 📄 .env file loaded: True
2025-10-10 14:32:49,785 - server - INFO - 🌐 CORS allowed origins: ['http://localhost:19006', 'http://localhost:3000', 'https://app.yacook.app', 'https://yacook-launch.preview.emergentagent.com', 'https://app.emergent.sh']
2025-10-10 14:32:49,785 - server - INFO - 🔗 CORS origin regex: r'https:\/\/.*\.(preview\.emergentagent\.com|trycloudflare\.com|railway\.app)$'
2025-10-10 14:32:49,785 - server - INFO - 🚀 API base path: /api
2025-10-10 14:32:49,785 - server - INFO - ✅ OPTIONS handler registered for all routes
2025-10-10 14:32:49,785 - server - INFO - YaCook API started successfully
2025-10-10 14:32:49,785 - server - INFO - ==================================================
INFO:     Application startup complete.
2025-10-10 14:32:49,886 - watchfiles.main - INFO - 1 change detected
2025-10-10 14:32:50,237 - watchfiles.main - INFO - 1 change detected
2025-10-10 14:32:50,587 - watchfiles.main - INFO - 1 change detected
2025-10-10 14:32:50,938 - watchfiles.main - INFO - 1 change detected
2025-10-10 14:32:51,288 - watchfiles.main - INFO - 1 change detected
2025-10-10 14:32:51,638 - watchfiles.main - INFO - 1 change detected
2025-10-10 14:32:51,989 - watchfiles.main - INFO - 1 change detected
2025-10-10 14:32:52,339 - watchfiles.main - INFO - 1 change detected
2025-10-10 14:32:52,690 - watchfiles.main - INFO - 1 change detected
2025-10-10 14:32:53,040 - watchfiles.main - INFO - 1 change detected
INFO:     Shutting down
INFO:     Waiting for application shutdown.
2025-10-10 14:32:53,394 - services.database_service - INFO - Disconnected from MongoDB
2025-10-10 14:32:53,394 - server - INFO - YaCook API shut down
INFO:     Application shutdown complete.
INFO:     Finished server process [14676]
INFO:     Stopping reloader process [1428]
