/root/.venv/lib/python3.11/site-packages/pydantic/_internal/_config.py:373: UserWarning: Valid config keys have changed in V2:
* 'allow_population_by_field_name' has been renamed to 'validate_by_name'
  warnings.warn(message, UserWarning)
/root/.venv/lib/python3.11/site-packages/pydantic/_internal/_config.py:373: UserWarning: Valid config keys have changed in V2:
* 'allow_population_by_field_name' has been renamed to 'validate_by_name'
  warnings.warn(message, UserWarning)
/root/.venv/lib/python3.11/site-packages/pydantic/_internal/_config.py:373: UserWarning: Valid config keys have changed in V2:
* 'allow_population_by_field_name' has been renamed to 'validate_by_name'
  warnings.warn(message, UserWarning)
INFO:     Will watch for changes in these directories: ['/app/backend']
INFO:     Uvicorn running on http://0.0.0.0:8001 (Press CTRL+C to quit)
INFO:     Started reloader process [14695] using WatchFiles
/root/.venv/lib/python3.11/site-packages/pydantic/_internal/_config.py:373: UserWarning: Valid config keys have changed in V2:
* 'allow_population_by_field_name' has been renamed to 'validate_by_name'
  warnings.warn(message, UserWarning)
2025-10-10 14:32:58,353 - watchfiles.main - INFO - 1 change detected
2025-10-10 14:32:58,704 - watchfiles.main - INFO - 1 change detected
2025-10-10 14:32:59,054 - watchfiles.main - INFO - 1 change detected
/root/.venv/lib/python3.11/site-packages/pydantic/_internal/_config.py:373: UserWarning: Valid config keys have changed in V2:
* 'allow_population_by_field_name' has been renamed to 'validate_by_name'
  warnings.warn(message, UserWarning)
2025-10-10 14:32:59,405 - watchfiles.main - INFO - 1 change detected
/root/.venv/lib/python3.11/site-packages/pydantic/_internal/_config.py:373: UserWarning: Valid config keys have changed in V2:
* 'allow_population_by_field_name' has been renamed to 'validate_by_name'
  warnings.warn(message, UserWarning)
INFO:     Started server process [14701]
INFO:     Waiting for application startup.
2025-10-10 14:32:59,493 - services.database_service - INFO - Database indexes created successfully
2025-10-10 14:32:59,493 - services.database_service - INFO - Connected to MongoDB database: yacook_database
2025-10-10 14:32:59,493 - server - INFO - ==================================================
2025-10-10 14:32:59,493 - server - INFO - YaCook API Startup Diagnostics
2025-10-10 14:32:59,493 - server - INFO - ==================================================
2025-10-10 14:32:59,493 - server - INFO - 📄 .env file loaded: True
2025-10-10 14:32:59,493 - server - INFO - 🌐 CORS allowed origins: ['http://localhost:19006', 'http://localhost:3000', 'https://app.yacook.app', 'https://yacook-launch.preview.emergentagent.com', 'https://app.emergent.sh']
2025-10-10 14:32:59,493 - server - INFO - 🔗 CORS origin regex: r'https:\/\/.*\.(preview\.emergentagent\.com|trycloudflare\.com|railway\.app)$'
2025-10-10 14:32:59,493 - server - INFO - 🚀 API base path: /api
2025-10-10 14:32:59,493 - server - INFO - ✅ OPTIONS handler registered for all routes
2025-10-10 14:32:59,494 - server - INFO - YaCook API started successfully
2025-10-10 14:32:59,494 - server - INFO - ==================================================
INFO:     Application startup complete.
2025-10-10 14:32:59,755 - watchfiles.main - INFO - 1 change detected
2025-10-10 14:33:00,106 - watchfiles.main - INFO - 1 change detected
2025-10-10 14:33:00,456 - watchfiles.main - INFO - 1 change detected
2025-10-10 14:33:00,807 - watchfiles.main - INFO - 1 change detected
2025-10-10 14:33:01,157 - watchfiles.main - INFO - 1 change detected
2025-10-10 14:33:01,508 - watchfiles.main - INFO - 1 change detected
2025-10-10 14:33:01,858 - watchfiles.main - INFO - 1 change detected
2025-10-10 14:33:02,209 - watchfiles.main - INFO - 1 change detected
2025-10-10 14:33:02,559 - watchfiles.main - INFO - 1 change detected
2025-10-10 14:33:02,909 - watchfiles.main - INFO - 1 change detected
2025-10-10 14:33:03,260 - watchfiles.main - INFO - 1 change detected
2025-10-10 14:33:03,610 - watchfiles.main - INFO - 1 change detected
2025-10-10 14:33:03,961 - watchfiles.main - INFO - 1 change detected
2025-10-10 14:33:04,311 - watchfiles.main - INFO - 1 change detected
2025-10-10 14:33:04,662 - watchfiles.main - INFO - 1 change detected
2025-10-10 14:33:05,012 - watchfiles.main - INFO - 1 change detected
INFO:     127.0.0.1:58316 - "GET /api/health HTTP/1.1" 200 OK
2025-10-10 14:33:05,362 - watchfiles.main - INFO - 1 change detected
2025-10-10 14:33:05,713 - watchfiles.main - INFO - 1 change detected
2025-10-10 14:33:06,063 - watchfiles.main - INFO - 1 change detected
2025-10-10 14:33:06,414 - watchfiles.main - INFO - 1 change detected
2025-10-10 14:33:06,764 - watchfiles.main - INFO - 1 change detected
2025-10-10 14:33:07,115 - watchfiles.main - INFO - 1 change detected
2025-10-10 14:33:07,465 - watchfiles.main - INFO - 1 change detected
2025-10-10 14:33:07,815 - watchfiles.main - INFO - 1 change detected
2025-10-10 14:33:08,166 - watchfiles.main - INFO - 1 change detected
2025-10-10 14:33:08,516 - watchfiles.main - INFO - 1 change detected
2025-10-10 14:33:08,867 - watchfiles.main - INFO - 1 change detected
2025-10-10 14:33:09,217 - watchfiles.main - INFO - 1 change detected
2025-10-10 14:33:09,568 - watchfiles.main - INFO - 1 change detected
2025-10-10 14:33:09,918 - watchfiles.main - INFO - 1 change detected
2025-10-10 14:33:10,269 - watchfiles.main - INFO - 1 change detected
2025-10-10 14:33:10,619 - watchfiles.main - INFO - 1 change detected
2025-10-10 14:33:10,969 - watchfiles.main - INFO - 1 change detected
2025-10-10 14:33:11,320 - watchfiles.main - INFO - 1 change detected
2025-10-10 14:33:11,670 - watchfiles.main - INFO - 1 change detected
2025-10-10 14:33:12,021 - watchfiles.main - INFO - 1 change detected
2025-10-10 14:33:12,371 - watchfiles.main - INFO - 1 change detected
2025-10-10 14:33:12,722 - watchfiles.main - INFO - 1 change detected
2025-10-10 14:33:13,072 - watchfiles.main - INFO - 1 change detected
2025-10-10 14:33:13,423 - watchfiles.main - INFO - 1 change detected
2025-10-10 14:33:13,774 - watchfiles.main - INFO - 1 change detected
2025-10-10 14:33:14,124 - watchfiles.main - INFO - 1 change detected
2025-10-10 14:33:14,474 - watchfiles.main - INFO - 1 change detected
INFO:     127.0.0.1:33808 - "GET /api/conversations HTTP/1.1" 401 Unauthorized
2025-10-10 14:33:14,825 - watchfiles.main - INFO - 1 change detected
2025-10-10 14:33:15,175 - watchfiles.main - INFO - 1 change detected
2025-10-10 14:33:15,526 - watchfiles.main - INFO - 1 change detected
2025-10-10 14:33:15,876 - watchfiles.main - INFO - 1 change detected
2025-10-10 14:33:16,227 - watchfiles.main - INFO - 1 change detected
2025-10-10 14:33:16,577 - watchfiles.main - INFO - 1 change detected
2025-10-10 14:33:16,927 - watchfiles.main - INFO - 1 change detected
2025-10-10 14:33:17,278 - watchfiles.main - INFO - 1 change detected
2025-10-10 14:33:17,628 - watchfiles.main - INFO - 1 change detected
2025-10-10 14:33:17,979 - watchfiles.main - INFO - 1 change detected
2025-10-10 14:33:18,329 - watchfiles.main - INFO - 1 change detected
2025-10-10 14:33:18,680 - watchfiles.main - INFO - 1 change detected
2025-10-10 14:33:19,030 - watchfiles.main - INFO - 1 change detected
2025-10-10 14:33:19,380 - watchfiles.main - INFO - 1 change detected
2025-10-10 14:33:19,731 - watchfiles.main - INFO - 1 change detected
2025-10-10 14:33:20,081 - watchfiles.main - INFO - 1 change detected
2025-10-10 14:33:20,432 - watchfiles.main - INFO - 1 change detected
2025-10-10 14:33:20,782 - watchfiles.main - INFO - 1 change detected
2025-10-10 14:33:21,133 - watchfiles.main - INFO - 1 change detected
2025-10-10 14:33:21,483 - watchfiles.main - INFO - 1 change detected
2025-10-10 14:33:21,833 - watchfiles.main - INFO - 1 change detected
INFO:     127.0.0.1:33816 - "POST /api/auth/login HTTP/1.1" 200 OK
2025-10-10 14:33:22,184 - watchfiles.main - INFO - 1 change detected
2025-10-10 14:33:22,534 - watchfiles.main - INFO - 1 change detected
2025-10-10 14:33:22,885 - watchfiles.main - INFO - 1 change detected
2025-10-10 14:33:23,235 - watchfiles.main - INFO - 1 change detected
2025-10-10 14:33:23,586 - watchfiles.main - INFO - 1 change detected
2025-10-10 14:33:23,936 - watchfiles.main - INFO - 1 change detected
2025-10-10 14:33:24,286 - watchfiles.main - INFO - 1 change detected
2025-10-10 14:33:24,637 - watchfiles.main - INFO - 1 change detected
2025-10-10 14:33:24,987 - watchfiles.main - INFO - 1 change detected
2025-10-10 14:33:25,338 - watchfiles.main - INFO - 1 change detected
2025-10-10 14:33:25,688 - watchfiles.main - INFO - 1 change detected
2025-10-10 14:33:26,039 - watchfiles.main - INFO - 1 change detected
2025-10-10 14:33:26,389 - watchfiles.main - INFO - 1 change detected
2025-10-10 14:33:26,739 - watchfiles.main - INFO - 1 change detected
2025-10-10 14:33:27,090 - watchfiles.main - INFO - 1 change detected
2025-10-10 14:33:27,440 - watchfiles.main - INFO - 1 change detected
2025-10-10 14:33:27,791 - watchfiles.main - INFO - 1 change detected
2025-10-10 14:33:28,141 - watchfiles.main - INFO - 1 change detected
2025-10-10 14:33:28,492 - watchfiles.main - INFO - 1 change detected
INFO:     127.0.0.1:34710 - "POST /api/auth/login HTTP/1.1" 200 OK
2025-10-10 14:33:28,842 - watchfiles.main - INFO - 1 change detected
2025-10-10 14:33:29,193 - watchfiles.main - INFO - 1 change detected
2025-10-10 14:33:29,543 - watchfiles.main - INFO - 1 change detected
2025-10-10 14:33:29,893 - watchfiles.main - INFO - 1 change detected
2025-10-10 14:33:30,244 - watchfiles.main - INFO - 1 change detected
2025-10-10 14:33:30,594 - watchfiles.main - INFO - 1 change detected
2025-10-10 14:33:30,945 - watchfiles.main - INFO - 1 change detected
2025-10-10 14:33:31,295 - watchfiles.main - INFO - 1 change detected
2025-10-10 14:33:31,646 - watchfiles.main - INFO - 1 change detected
2025-10-10 14:33:31,996 - watchfiles.main - INFO - 1 change detected
2025-10-10 14:33:32,346 - watchfiles.main - INFO - 1 change detected
2025-10-10 14:33:32,697 - watchfiles.main - INFO - 1 change detected
2025-10-10 14:33:33,047 - watchfiles.main - INFO - 1 change detected
2025-10-10 14:33:33,398 - watchfiles.main - INFO - 1 change detected
2025-10-10 14:33:33,748 - watchfiles.main - INFO - 1 change detected
2025-10-10 14:33:34,099 - watchfiles.main - INFO - 1 change detected
2025-10-10 14:33:34,449 - watchfiles.main - INFO - 1 change detected
2025-10-10 14:33:34,800 - watchfiles.main - INFO - 1 change detected
2025-10-10 14:33:35,150 - watchfiles.main - INFO - 1 change detected
2025-10-10 14:33:35,500 - watchfiles.main - INFO - 1 change detected
2025-10-10 14:33:35,851 - watchfiles.main - INFO - 1 change detected
2025-10-10 14:33:36,158 - server - ERROR - Error getting conversations: 'user_id'
INFO:     127.0.0.1:52958 - "GET /api/conversations HTTP/1.1" 500 Internal Server Error
2025-10-10 14:33:36,201 - watchfiles.main - INFO - 1 change detected
2025-10-10 14:33:36,552 - watchfiles.main - INFO - 1 change detected
2025-10-10 14:33:36,902 - watchfiles.main - INFO - 1 change detected
2025-10-10 14:33:37,253 - watchfiles.main - INFO - 1 change detected
2025-10-10 14:33:37,603 - watchfiles.main - INFO - 1 change detected
2025-10-10 14:33:37,953 - watchfiles.main - INFO - 1 change detected
2025-10-10 14:33:38,304 - watchfiles.main - INFO - 1 change detected
2025-10-10 14:33:38,654 - watchfiles.main - INFO - 1 change detected
2025-10-10 14:33:39,005 - watchfiles.main - INFO - 1 change detected
2025-10-10 14:33:39,355 - watchfiles.main - INFO - 1 change detected
2025-10-10 14:33:39,706 - watchfiles.main - INFO - 1 change detected
2025-10-10 14:33:40,056 - watchfiles.main - INFO - 1 change detected
2025-10-10 14:33:40,407 - watchfiles.main - INFO - 1 change detected
2025-10-10 14:33:40,757 - watchfiles.main - INFO - 1 change detected
2025-10-10 14:33:41,107 - watchfiles.main - INFO - 1 change detected
2025-10-10 14:33:41,458 - watchfiles.main - INFO - 1 change detected
2025-10-10 14:33:41,808 - watchfiles.main - INFO - 1 change detected
2025-10-10 14:33:42,159 - watchfiles.main - INFO - 1 change detected
2025-10-10 14:33:42,509 - watchfiles.main - INFO - 1 change detected
2025-10-10 14:33:42,860 - watchfiles.main - INFO - 1 change detected
2025-10-10 14:33:43,210 - watchfiles.main - INFO - 1 change detected
2025-10-10 14:33:43,560 - watchfiles.main - INFO - 1 change detected
2025-10-10 14:33:43,911 - watchfiles.main - INFO - 1 change detected
2025-10-10 14:33:44,261 - watchfiles.main - INFO - 1 change detected
2025-10-10 14:33:44,612 - watchfiles.main - INFO - 1 change detected
2025-10-10 14:33:44,962 - watchfiles.main - INFO - 1 change detected
2025-10-10 14:33:45,313 - watchfiles.main - INFO - 1 change detected
2025-10-10 14:33:45,663 - watchfiles.main - INFO - 1 change detected
2025-10-10 14:33:46,013 - watchfiles.main - INFO - 1 change detected
2025-10-10 14:33:46,364 - watchfiles.main - INFO - 1 change detected
2025-10-10 14:33:46,714 - watchfiles.main - INFO - 1 change detected
2025-10-10 14:33:47,065 - watchfiles.main - INFO - 1 change detected
2025-10-10 14:33:47,415 - watchfiles.main - INFO - 1 change detected
2025-10-10 14:33:47,766 - watchfiles.main - INFO - 1 change detected
2025-10-10 14:33:48,116 - watchfiles.main - INFO - 1 change detected
2025-10-10 14:33:48,466 - watchfiles.main - INFO - 1 change detected
2025-10-10 14:33:48,817 - watchfiles.main - INFO - 1 change detected
2025-10-10 14:33:49,167 - watchfiles.main - INFO - 2 changes detected
WARNING:  WatchFiles detected changes in 'server.py'. Reloading...
INFO:     Shutting down
INFO:     Waiting for application shutdown.
2025-10-10 14:33:49,292 - services.database_service - INFO - Disconnected from MongoDB
2025-10-10 14:33:49,292 - server - INFO - YaCook API shut down
INFO:     Application shutdown complete.
INFO:     Finished server process [14701]
2025-10-10 14:33:50,191 - watchfiles.main - INFO - 4 changes detected
/root/.venv/lib/python3.11/site-packages/pydantic/_internal/_config.py:373: UserWarning: Valid config keys have changed in V2:
* 'allow_population_by_field_name' has been renamed to 'validate_by_name'
  warnings.warn(message, UserWarning)
2025-10-10 14:33:50,542 - watchfiles.main - INFO - 1 change detected
2025-10-10 14:33:50,892 - watchfiles.main - INFO - 1 change detected
2025-10-10 14:33:51,243 - watchfiles.main - INFO - 1 change detected
/root/.venv/lib/python3.11/site-packages/pydantic/_internal/_config.py:373: UserWarning: Valid config keys have changed in V2:
* 'allow_population_by_field_name' has been renamed to 'validate_by_name'
  warnings.warn(message, UserWarning)
/root/.venv/lib/python3.11/site-packages/pydantic/_internal/_config.py:373: UserWarning: Valid config keys have changed in V2:
* 'allow_population_by_field_name' has been renamed to 'validate_by_name'
  warnings.warn(message, UserWarning)
INFO:     Started server process [15092]
INFO:     Waiting for application startup.
2025-10-10 14:33:51,496 - services.database_service - INFO - Database indexes created successfully
2025-10-10 14:33:51,496 - services.database_service - INFO - Connected to MongoDB database: yacook_database
2025-10-10 14:33:51,496 - server - INFO - ==================================================
2025-10-10 14:33:51,496 - server - INFO - YaCook API Startup Diagnostics
2025-10-10 14:33:51,496 - server - INFO - ==================================================
2025-10-10 14:33:51,496 - server - INFO - 📄 .env file loaded: True
2025-10-10 14:33:51,496 - server - INFO - 🌐 CORS allowed origins: ['http://localhost:19006', 'http://localhost:3000', 'https://app.yacook.app', 'https://yacook-launch.preview.emergentagent.com', 'https://app.emergent.sh']
2025-10-10 14:33:51,496 - server - INFO - 🔗 CORS origin regex: r'https:\/\/.*\.(preview\.emergentagent\.com|trycloudflare\.com|railway\.app)$'
2025-10-10 14:33:51,496 - server - INFO - 🚀 API base path: /api
2025-10-10 14:33:51,496 - server - INFO - ✅ OPTIONS handler registered for all routes
2025-10-10 14:33:51,496 - server - INFO - YaCook API started successfully
2025-10-10 14:33:51,496 - server - INFO - ==================================================
INFO:     Application startup complete.
2025-10-10 14:33:51,593 - watchfiles.main - INFO - 1 change detected
2025-10-10 14:33:51,944 - watchfiles.main - INFO - 1 change detected
2025-10-10 14:33:52,294 - watchfiles.main - INFO - 1 change detected
2025-10-10 14:33:52,644 - watchfiles.main - INFO - 1 change detected
2025-10-10 14:33:52,995 - watchfiles.main - INFO - 1 change detected
2025-10-10 14:33:53,345 - watchfiles.main - INFO - 1 change detected
2025-10-10 14:33:53,696 - watchfiles.main - INFO - 1 change detected
2025-10-10 14:33:54,046 - watchfiles.main - INFO - 1 change detected
2025-10-10 14:33:54,397 - watchfiles.main - INFO - 1 change detected
2025-10-10 14:33:54,747 - watchfiles.main - INFO - 1 change detected
2025-10-10 14:33:55,098 - watchfiles.main - INFO - 1 change detected
2025-10-10 14:33:55,448 - watchfiles.main - INFO - 1 change detected
2025-10-10 14:33:55,798 - watchfiles.main - INFO - 1 change detected
2025-10-10 14:33:56,149 - watchfiles.main - INFO - 1 change detected
2025-10-10 14:33:56,499 - watchfiles.main - INFO - 1 change detected
2025-10-10 14:33:56,850 - watchfiles.main - INFO - 1 change detected
2025-10-10 14:33:57,200 - watchfiles.main - INFO - 1 change detected
2025-10-10 14:33:57,551 - watchfiles.main - INFO - 1 change detected
2025-10-10 14:33:57,901 - watchfiles.main - INFO - 1 change detected
2025-10-10 14:33:57,932 - server - ERROR - Error getting conversations: 'sub'
INFO:     127.0.0.1:52202 - "GET /api/conversations HTTP/1.1" 500 Internal Server Error
2025-10-10 14:33:58,251 - watchfiles.main - INFO - 1 change detected
2025-10-10 14:33:58,602 - watchfiles.main - INFO - 1 change detected
2025-10-10 14:33:58,952 - watchfiles.main - INFO - 1 change detected
2025-10-10 14:33:59,303 - watchfiles.main - INFO - 1 change detected
2025-10-10 14:33:59,653 - watchfiles.main - INFO - 1 change detected
2025-10-10 14:34:00,004 - watchfiles.main - INFO - 1 change detected
2025-10-10 14:34:00,354 - watchfiles.main - INFO - 1 change detected
2025-10-10 14:34:00,704 - watchfiles.main - INFO - 1 change detected
2025-10-10 14:34:01,055 - watchfiles.main - INFO - 1 change detected
2025-10-10 14:34:01,405 - watchfiles.main - INFO - 1 change detected
2025-10-10 14:34:01,756 - watchfiles.main - INFO - 1 change detected
2025-10-10 14:34:02,106 - watchfiles.main - INFO - 1 change detected
2025-10-10 14:34:02,457 - watchfiles.main - INFO - 1 change detected
2025-10-10 14:34:02,807 - watchfiles.main - INFO - 1 change detected
2025-10-10 14:34:03,158 - watchfiles.main - INFO - 1 change detected
2025-10-10 14:34:03,508 - watchfiles.main - INFO - 1 change detected
2025-10-10 14:34:03,859 - watchfiles.main - INFO - 1 change detected
2025-10-10 14:34:04,209 - watchfiles.main - INFO - 1 change detected
2025-10-10 14:34:04,560 - watchfiles.main - INFO - 1 change detected
2025-10-10 14:34:04,910 - watchfiles.main - INFO - 1 change detected
2025-10-10 14:34:05,260 - watchfiles.main - INFO - 1 change detected
2025-10-10 14:34:05,611 - watchfiles.main - INFO - 1 change detected
2025-10-10 14:34:05,961 - watchfiles.main - INFO - 1 change detected
2025-10-10 14:34:06,312 - watchfiles.main - INFO - 1 change detected
2025-10-10 14:34:06,662 - watchfiles.main - INFO - 1 change detected
2025-10-10 14:34:07,013 - watchfiles.main - INFO - 1 change detected
2025-10-10 14:34:07,363 - watchfiles.main - INFO - 1 change detected
2025-10-10 14:34:07,713 - watchfiles.main - INFO - 1 change detected
2025-10-10 14:34:08,064 - watchfiles.main - INFO - 1 change detected
2025-10-10 14:34:08,414 - watchfiles.main - INFO - 1 change detected
2025-10-10 14:34:08,765 - watchfiles.main - INFO - 1 change detected
2025-10-10 14:34:09,115 - watchfiles.main - INFO - 1 change detected
2025-10-10 14:34:09,466 - watchfiles.main - INFO - 1 change detected
2025-10-10 14:34:09,816 - watchfiles.main - INFO - 1 change detected
2025-10-10 14:34:10,166 - watchfiles.main - INFO - 1 change detected
2025-10-10 14:34:10,517 - watchfiles.main - INFO - 1 change detected
2025-10-10 14:34:10,867 - watchfiles.main - INFO - 1 change detected
2025-10-10 14:34:11,218 - watchfiles.main - INFO - 1 change detected
2025-10-10 14:34:11,568 - watchfiles.main - INFO - 1 change detected
2025-10-10 14:34:11,919 - watchfiles.main - INFO - 1 change detected
2025-10-10 14:34:12,269 - watchfiles.main - INFO - 1 change detected
2025-10-10 14:34:12,619 - watchfiles.main - INFO - 1 change detected
2025-10-10 14:34:12,970 - watchfiles.main - INFO - 1 change detected
2025-10-10 14:34:13,320 - watchfiles.main - INFO - 1 change detected
2025-10-10 14:34:13,671 - watchfiles.main - INFO - 1 change detected
2025-10-10 14:34:14,021 - watchfiles.main - INFO - 1 change detected
2025-10-10 14:34:14,372 - watchfiles.main - INFO - 1 change detected
2025-10-10 14:34:14,722 - watchfiles.main - INFO - 1 change detected
2025-10-10 14:34:15,073 - watchfiles.main - INFO - 1 change detected
2025-10-10 14:34:15,423 - watchfiles.main - INFO - 1 change detected
2025-10-10 14:34:15,773 - watchfiles.main - INFO - 1 change detected
2025-10-10 14:34:16,124 - watchfiles.main - INFO - 1 change detected
2025-10-10 14:34:16,474 - watchfiles.main - INFO - 1 change detected
2025-10-10 14:34:16,825 - watchfiles.main - INFO - 1 change detected
2025-10-10 14:34:17,175 - watchfiles.main - INFO - 1 change detected
2025-10-10 14:34:17,526 - watchfiles.main - INFO - 1 change detected
2025-10-10 14:34:17,876 - watchfiles.main - INFO - 1 change detected
2025-10-10 14:34:18,226 - watchfiles.main - INFO - 1 change detected
2025-10-10 14:34:18,577 - watchfiles.main - INFO - 1 change detected
2025-10-10 14:34:18,927 - watchfiles.main - INFO - 1 change detected
2025-10-10 14:34:19,278 - watchfiles.main - INFO - 1 change detected
2025-10-10 14:34:19,628 - watchfiles.main - INFO - 1 change detected
2025-10-10 14:34:19,979 - watchfiles.main - INFO - 1 change detected
2025-10-10 14:34:20,329 - watchfiles.main - INFO - 1 change detected
INFO:     127.0.0.1:57832 - "GET /api/notifications/unread-count HTTP/1.1" 200 OK
2025-10-10 14:34:20,679 - watchfiles.main - INFO - 1 change detected
2025-10-10 14:34:21,030 - watchfiles.main - INFO - 1 change detected
2025-10-10 14:34:21,380 - watchfiles.main - INFO - 1 change detected
2025-10-10 14:34:21,731 - watchfiles.main - INFO - 1 change detected
2025-10-10 14:34:22,081 - watchfiles.main - INFO - 1 change detected
2025-10-10 14:34:22,432 - watchfiles.main - INFO - 1 change detected
2025-10-10 14:34:22,782 - watchfiles.main - INFO - 1 change detected
2025-10-10 14:34:23,133 - watchfiles.main - INFO - 1 change detected
2025-10-10 14:34:23,483 - watchfiles.main - INFO - 1 change detected
2025-10-10 14:34:23,833 - watchfiles.main - INFO - 1 change detected
2025-10-10 14:34:24,184 - watchfiles.main - INFO - 1 change detected
2025-10-10 14:34:24,534 - watchfiles.main - INFO - 1 change detected
2025-10-10 14:34:24,885 - watchfiles.main - INFO - 1 change detected
2025-10-10 14:34:25,235 - watchfiles.main - INFO - 1 change detected
2025-10-10 14:34:25,586 - watchfiles.main - INFO - 1 change detected
2025-10-10 14:34:25,936 - watchfiles.main - INFO - 1 change detected
INFO:     127.0.0.1:59128 - "GET /api/notifications HTTP/1.1" 200 OK
2025-10-10 14:34:26,286 - watchfiles.main - INFO - 1 change detected
2025-10-10 14:34:26,637 - watchfiles.main - INFO - 1 change detected
2025-10-10 14:34:26,987 - watchfiles.main - INFO - 1 change detected
2025-10-10 14:34:27,338 - watchfiles.main - INFO - 1 change detected
2025-10-10 14:34:27,688 - watchfiles.main - INFO - 1 change detected
2025-10-10 14:34:28,039 - watchfiles.main - INFO - 1 change detected
2025-10-10 14:34:28,389 - watchfiles.main - INFO - 1 change detected
2025-10-10 14:34:28,739 - watchfiles.main - INFO - 1 change detected
2025-10-10 14:34:29,090 - watchfiles.main - INFO - 1 change detected
2025-10-10 14:34:29,440 - watchfiles.main - INFO - 1 change detected
2025-10-10 14:34:29,791 - watchfiles.main - INFO - 1 change detected
2025-10-10 14:34:30,141 - watchfiles.main - INFO - 1 change detected
2025-10-10 14:34:30,492 - watchfiles.main - INFO - 1 change detected
2025-10-10 14:34:30,842 - watchfiles.main - INFO - 1 change detected
2025-10-10 14:34:31,192 - watchfiles.main - INFO - 1 change detected
2025-10-10 14:34:31,543 - watchfiles.main - INFO - 1 change detected
2025-10-10 14:34:31,893 - watchfiles.main - INFO - 1 change detected
2025-10-10 14:34:32,244 - watchfiles.main - INFO - 1 change detected
2025-10-10 14:34:32,594 - watchfiles.main - INFO - 1 change detected
2025-10-10 14:34:32,945 - watchfiles.main - INFO - 1 change detected
2025-10-10 14:34:33,295 - watchfiles.main - INFO - 1 change detected
2025-10-10 14:34:33,645 - watchfiles.main - INFO - 1 change detected
2025-10-10 14:34:33,996 - watchfiles.main - INFO - 1 change detected
2025-10-10 14:34:34,346 - watchfiles.main - INFO - 1 change detected
2025-10-10 14:34:34,697 - watchfiles.main - INFO - 1 change detected
2025-10-10 14:34:35,047 - watchfiles.main - INFO - 1 change detected
2025-10-10 14:34:35,398 - watchfiles.main - INFO - 1 change detected
2025-10-10 14:34:35,748 - watchfiles.main - INFO - 1 change detected
2025-10-10 14:34:36,098 - watchfiles.main - INFO - 1 change detected
2025-10-10 14:34:36,449 - watchfiles.main - INFO - 1 change detected
2025-10-10 14:34:36,799 - watchfiles.main - INFO - 1 change detected
2025-10-10 14:34:37,150 - watchfiles.main - INFO - 1 change detected
2025-10-10 14:34:37,500 - watchfiles.main - INFO - 1 change detected
2025-10-10 14:34:37,851 - watchfiles.main - INFO - 1 change detected
2025-10-10 14:34:38,201 - watchfiles.main - INFO - 1 change detected
2025-10-10 14:34:38,551 - watchfiles.main - INFO - 1 change detected
2025-10-10 14:34:38,902 - watchfiles.main - INFO - 1 change detected
2025-10-10 14:34:39,252 - watchfiles.main - INFO - 1 change detected
2025-10-10 14:34:39,603 - watchfiles.main - INFO - 1 change detected
2025-10-10 14:34:39,953 - watchfiles.main - INFO - 1 change detected
2025-10-10 14:34:40,304 - watchfiles.main - INFO - 1 change detected
2025-10-10 14:34:40,654 - watchfiles.main - INFO - 1 change detected
2025-10-10 14:34:41,004 - watchfiles.main - INFO - 1 change detected
2025-10-10 14:34:41,355 - watchfiles.main - INFO - 1 change detected
2025-10-10 14:34:41,705 - watchfiles.main - INFO - 1 change detected
2025-10-10 14:34:42,056 - watchfiles.main - INFO - 1 change detected
2025-10-10 14:34:42,406 - watchfiles.main - INFO - 1 change detected
2025-10-10 14:34:42,757 - watchfiles.main - INFO - 1 change detected
2025-10-10 14:34:43,107 - watchfiles.main - INFO - 1 change detected
2025-10-10 14:34:43,458 - watchfiles.main - INFO - 1 change detected
2025-10-10 14:34:43,808 - watchfiles.main - INFO - 1 change detected
2025-10-10 14:34:44,158 - watchfiles.main - INFO - 1 change detected
2025-10-10 14:34:44,509 - watchfiles.main - INFO - 1 change detected
2025-10-10 14:34:44,859 - watchfiles.main - INFO - 1 change detected
2025-10-10 14:34:45,210 - watchfiles.main - INFO - 1 change detected
2025-10-10 14:34:45,560 - watchfiles.main - INFO - 1 change detected
2025-10-10 14:34:45,910 - watchfiles.main - INFO - 1 change detected
2025-10-10 14:34:46,261 - watchfiles.main - INFO - 1 change detected
2025-10-10 14:34:46,611 - watchfiles.main - INFO - 1 change detected
2025-10-10 14:34:46,962 - watchfiles.main - INFO - 1 change detected
2025-10-10 14:34:47,312 - watchfiles.main - INFO - 1 change detected
2025-10-10 14:34:47,663 - watchfiles.main - INFO - 1 change detected
2025-10-10 14:34:48,013 - watchfiles.main - INFO - 1 change detected
2025-10-10 14:34:48,363 - watchfiles.main - INFO - 1 change detected
2025-10-10 14:34:48,714 - watchfiles.main - INFO - 1 change detected
2025-10-10 14:34:49,064 - watchfiles.main - INFO - 1 change detected
2025-10-10 14:34:49,415 - watchfiles.main - INFO - 1 change detected
2025-10-10 14:34:49,765 - watchfiles.main - INFO - 1 change detected
2025-10-10 14:34:50,116 - watchfiles.main - INFO - 1 change detected
2025-10-10 14:34:50,466 - watchfiles.main - INFO - 1 change detected
2025-10-10 14:34:50,816 - watchfiles.main - INFO - 1 change detected
2025-10-10 14:34:51,167 - watchfiles.main - INFO - 1 change detected
2025-10-10 14:34:51,517 - watchfiles.main - INFO - 1 change detected
2025-10-10 14:34:51,868 - watchfiles.main - INFO - 1 change detected
2025-10-10 14:34:52,218 - watchfiles.main - INFO - 1 change detected
2025-10-10 14:34:52,569 - watchfiles.main - INFO - 1 change detected
2025-10-10 14:34:52,919 - watchfiles.main - INFO - 1 change detected
2025-10-10 14:34:53,269 - watchfiles.main - INFO - 1 change detected
2025-10-10 14:34:53,620 - watchfiles.main - INFO - 1 change detected
2025-10-10 14:34:53,970 - watchfiles.main - INFO - 1 change detected
2025-10-10 14:34:54,321 - watchfiles.main - INFO - 1 change detected
2025-10-10 14:34:54,671 - watchfiles.main - INFO - 1 change detected
2025-10-10 14:34:55,022 - watchfiles.main - INFO - 1 change detected
INFO:     127.0.0.1:58862 - "GET /api/shopping-list HTTP/1.1" 200 OK
2025-10-10 14:34:55,372 - watchfiles.main - INFO - 1 change detected
2025-10-10 14:34:55,722 - watchfiles.main - INFO - 1 change detected
2025-10-10 14:34:56,073 - watchfiles.main - INFO - 1 change detected
2025-10-10 14:34:56,423 - watchfiles.main - INFO - 1 change detected
2025-10-10 14:34:56,774 - watchfiles.main - INFO - 1 change detected
2025-10-10 14:34:57,124 - watchfiles.main - INFO - 1 change detected
2025-10-10 14:34:57,475 - watchfiles.main - INFO - 1 change detected
2025-10-10 14:34:57,825 - watchfiles.main - INFO - 1 change detected
2025-10-10 14:34:58,175 - watchfiles.main - INFO - 1 change detected
2025-10-10 14:34:58,526 - watchfiles.main - INFO - 1 change detected
2025-10-10 14:34:58,876 - watchfiles.main - INFO - 1 change detected
2025-10-10 14:34:59,227 - watchfiles.main - INFO - 1 change detected
2025-10-10 14:34:59,577 - watchfiles.main - INFO - 1 change detected
2025-10-10 14:34:59,928 - watchfiles.main - INFO - 1 change detected
2025-10-10 14:35:00,278 - watchfiles.main - INFO - 1 change detected
2025-10-10 14:35:00,629 - watchfiles.main - INFO - 1 change detected
2025-10-10 14:35:00,979 - watchfiles.main - INFO - 1 change detected
2025-10-10 14:35:01,330 - watchfiles.main - INFO - 1 change detected
2025-10-10 14:35:01,680 - watchfiles.main - INFO - 1 change detected
2025-10-10 14:35:02,030 - watchfiles.main - INFO - 1 change detected
2025-10-10 14:35:02,381 - watchfiles.main - INFO - 1 change detected
INFO:     127.0.0.1:58878 - "POST /api/shopping-list/items HTTP/1.1" 200 OK
2025-10-10 14:35:02,731 - watchfiles.main - INFO - 1 change detected
2025-10-10 14:35:03,082 - watchfiles.main - INFO - 1 change detected
2025-10-10 14:35:03,432 - watchfiles.main - INFO - 1 change detected
2025-10-10 14:35:03,783 - watchfiles.main - INFO - 1 change detected
2025-10-10 14:35:04,133 - watchfiles.main - INFO - 1 change detected
2025-10-10 14:35:04,484 - watchfiles.main - INFO - 1 change detected
2025-10-10 14:35:04,834 - watchfiles.main - INFO - 1 change detected
2025-10-10 14:35:05,184 - watchfiles.main - INFO - 1 change detected
2025-10-10 14:35:05,535 - watchfiles.main - INFO - 1 change detected
2025-10-10 14:35:05,885 - watchfiles.main - INFO - 1 change detected
2025-10-10 14:35:06,236 - watchfiles.main - INFO - 1 change detected
2025-10-10 14:35:06,586 - watchfiles.main - INFO - 1 change detected
2025-10-10 14:35:06,937 - watchfiles.main - INFO - 1 change detected
2025-10-10 14:35:07,287 - watchfiles.main - INFO - 1 change detected
2025-10-10 14:35:07,637 - watchfiles.main - INFO - 1 change detected
2025-10-10 14:35:07,988 - watchfiles.main - INFO - 1 change detected
2025-10-10 14:35:08,338 - watchfiles.main - INFO - 1 change detected
2025-10-10 14:35:08,689 - watchfiles.main - INFO - 1 change detected
2025-10-10 14:35:09,039 - watchfiles.main - INFO - 1 change detected
2025-10-10 14:35:09,390 - watchfiles.main - INFO - 1 change detected
2025-10-10 14:35:09,740 - watchfiles.main - INFO - 1 change detected
2025-10-10 14:35:10,091 - watchfiles.main - INFO - 1 change detected
2025-10-10 14:35:10,441 - watchfiles.main - INFO - 1 change detected
2025-10-10 14:35:10,791 - watchfiles.main - INFO - 1 change detected
2025-10-10 14:35:11,142 - watchfiles.main - INFO - 1 change detected
2025-10-10 14:35:11,492 - watchfiles.main - INFO - 1 change detected
INFO:     127.0.0.1:48500 - "GET /api/shopping-list HTTP/1.1" 200 OK
2025-10-10 14:35:11,843 - watchfiles.main - INFO - 1 change detected
2025-10-10 14:35:12,193 - watchfiles.main - INFO - 1 change detected
2025-10-10 14:35:12,544 - watchfiles.main - INFO - 1 change detected
2025-10-10 14:35:12,894 - watchfiles.main - INFO - 1 change detected
2025-10-10 14:35:13,245 - watchfiles.main - INFO - 1 change detected
2025-10-10 14:35:13,595 - watchfiles.main - INFO - 1 change detected
2025-10-10 14:35:13,945 - watchfiles.main - INFO - 1 change detected
2025-10-10 14:35:14,296 - watchfiles.main - INFO - 1 change detected
2025-10-10 14:35:14,646 - watchfiles.main - INFO - 1 change detected
2025-10-10 14:35:14,997 - watchfiles.main - INFO - 1 change detected
2025-10-10 14:35:15,347 - watchfiles.main - INFO - 1 change detected
2025-10-10 14:35:15,698 - watchfiles.main - INFO - 1 change detected
2025-10-10 14:35:16,048 - watchfiles.main - INFO - 1 change detected
2025-10-10 14:35:16,399 - watchfiles.main - INFO - 1 change detected
2025-10-10 14:35:16,749 - watchfiles.main - INFO - 1 change detected
2025-10-10 14:35:17,099 - watchfiles.main - INFO - 1 change detected
2025-10-10 14:35:17,450 - watchfiles.main - INFO - 1 change detected
2025-10-10 14:35:17,800 - watchfiles.main - INFO - 1 change detected
2025-10-10 14:35:18,151 - watchfiles.main - INFO - 1 change detected
2025-10-10 14:35:18,501 - watchfiles.main - INFO - 1 change detected
2025-10-10 14:35:18,852 - watchfiles.main - INFO - 1 change detected
2025-10-10 14:35:19,202 - watchfiles.main - INFO - 1 change detected
INFO:     127.0.0.1:35812 - "PUT /api/shopping-list/items/68e919967c42043761c69154 HTTP/1.1" 200 OK
2025-10-10 14:35:19,553 - watchfiles.main - INFO - 1 change detected
2025-10-10 14:35:19,903 - watchfiles.main - INFO - 1 change detected
2025-10-10 14:35:20,253 - watchfiles.main - INFO - 1 change detected
2025-10-10 14:35:20,604 - watchfiles.main - INFO - 1 change detected
2025-10-10 14:35:20,954 - watchfiles.main - INFO - 1 change detected
2025-10-10 14:35:21,305 - watchfiles.main - INFO - 1 change detected
2025-10-10 14:35:21,655 - watchfiles.main - INFO - 1 change detected
2025-10-10 14:35:22,006 - watchfiles.main - INFO - 1 change detected
2025-10-10 14:35:22,356 - watchfiles.main - INFO - 1 change detected
2025-10-10 14:35:22,706 - watchfiles.main - INFO - 1 change detected
2025-10-10 14:35:23,057 - watchfiles.main - INFO - 1 change detected
2025-10-10 14:35:23,407 - watchfiles.main - INFO - 1 change detected
2025-10-10 14:35:23,758 - watchfiles.main - INFO - 1 change detected
2025-10-10 14:35:24,108 - watchfiles.main - INFO - 1 change detected
2025-10-10 14:35:24,459 - watchfiles.main - INFO - 1 change detected
2025-10-10 14:35:24,809 - watchfiles.main - INFO - 1 change detected
2025-10-10 14:35:25,160 - watchfiles.main - INFO - 1 change detected
2025-10-10 14:35:25,510 - watchfiles.main - INFO - 1 change detected
2025-10-10 14:35:25,860 - watchfiles.main - INFO - 1 change detected
2025-10-10 14:35:26,211 - watchfiles.main - INFO - 1 change detected
2025-10-10 14:35:26,561 - watchfiles.main - INFO - 1 change detected
2025-10-10 14:35:26,912 - watchfiles.main - INFO - 1 change detected
2025-10-10 14:35:27,262 - watchfiles.main - INFO - 1 change detected
2025-10-10 14:35:27,613 - watchfiles.main - INFO - 1 change detected
2025-10-10 14:35:27,963 - watchfiles.main - INFO - 1 change detected
2025-10-10 14:35:28,313 - watchfiles.main - INFO - 1 change detected
2025-10-10 14:35:28,664 - watchfiles.main - INFO - 1 change detected
2025-10-10 14:35:29,014 - watchfiles.main - INFO - 1 change detected
2025-10-10 14:35:29,365 - watchfiles.main - INFO - 1 change detected
2025-10-10 14:35:29,715 - watchfiles.main - INFO - 1 change detected
2025-10-10 14:35:30,066 - watchfiles.main - INFO - 1 change detected
2025-10-10 14:35:30,416 - watchfiles.main - INFO - 1 change detected
2025-10-10 14:35:30,767 - watchfiles.main - INFO - 1 change detected
2025-10-10 14:35:31,117 - watchfiles.main - INFO - 1 change detected
2025-10-10 14:35:31,468 - watchfiles.main - INFO - 1 change detected
2025-10-10 14:35:31,818 - watchfiles.main - INFO - 1 change detected
2025-10-10 14:35:32,168 - watchfiles.main - INFO - 1 change detected
2025-10-10 14:35:32,519 - watchfiles.main - INFO - 1 change detected
2025-10-10 14:35:32,869 - watchfiles.main - INFO - 1 change detected
2025-10-10 14:35:33,220 - watchfiles.main - INFO - 1 change detected
2025-10-10 14:35:33,570 - watchfiles.main - INFO - 1 change detected
2025-10-10 14:35:33,921 - watchfiles.main - INFO - 1 change detected
2025-10-10 14:35:34,271 - watchfiles.main - INFO - 1 change detected
2025-10-10 14:35:34,621 - watchfiles.main - INFO - 1 change detected
2025-10-10 14:35:34,972 - watchfiles.main - INFO - 1 change detected
2025-10-10 14:35:35,322 - watchfiles.main - INFO - 1 change detected
2025-10-10 14:35:35,673 - watchfiles.main - INFO - 1 change detected
2025-10-10 14:35:36,023 - watchfiles.main - INFO - 1 change detected
2025-10-10 14:35:36,373 - watchfiles.main - INFO - 1 change detected
2025-10-10 14:35:36,724 - watchfiles.main - INFO - 1 change detected
2025-10-10 14:35:37,074 - watchfiles.main - INFO - 1 change detected
2025-10-10 14:35:37,425 - watchfiles.main - INFO - 1 change detected
2025-10-10 14:35:37,775 - watchfiles.main - INFO - 1 change detected
2025-10-10 14:35:38,126 - watchfiles.main - INFO - 1 change detected
2025-10-10 14:35:38,476 - watchfiles.main - INFO - 1 change detected
2025-10-10 14:35:38,826 - watchfiles.main - INFO - 1 change detected
2025-10-10 14:35:39,177 - watchfiles.main - INFO - 1 change detected
2025-10-10 14:35:39,527 - watchfiles.main - INFO - 1 change detected
2025-10-10 14:35:39,878 - watchfiles.main - INFO - 1 change detected
2025-10-10 14:35:40,228 - watchfiles.main - INFO - 1 change detected
2025-10-10 14:35:40,579 - watchfiles.main - INFO - 1 change detected
2025-10-10 14:35:40,929 - watchfiles.main - INFO - 1 change detected
2025-10-10 14:35:41,279 - watchfiles.main - INFO - 1 change detected
2025-10-10 14:35:41,630 - watchfiles.main - INFO - 1 change detected
2025-10-10 14:35:41,980 - watchfiles.main - INFO - 1 change detected
2025-10-10 14:35:42,331 - watchfiles.main - INFO - 1 change detected
2025-10-10 14:35:42,681 - watchfiles.main - INFO - 1 change detected
2025-10-10 14:35:43,032 - watchfiles.main - INFO - 1 change detected
2025-10-10 14:35:43,382 - watchfiles.main - INFO - 1 change detected
2025-10-10 14:35:43,732 - watchfiles.main - INFO - 1 change detected
2025-10-10 14:35:44,083 - watchfiles.main - INFO - 1 change detected
2025-10-10 14:35:44,433 - watchfiles.main - INFO - 1 change detected
2025-10-10 14:35:44,784 - watchfiles.main - INFO - 1 change detected
2025-10-10 14:35:45,134 - watchfiles.main - INFO - 1 change detected
2025-10-10 14:35:45,485 - watchfiles.main - INFO - 1 change detected
2025-10-10 14:35:45,835 - watchfiles.main - INFO - 1 change detected
2025-10-10 14:35:46,185 - watchfiles.main - INFO - 1 change detected
2025-10-10 14:35:46,536 - watchfiles.main - INFO - 1 change detected
2025-10-10 14:35:46,886 - watchfiles.main - INFO - 1 change detected
2025-10-10 14:35:47,237 - watchfiles.main - INFO - 1 change detected
2025-10-10 14:35:47,587 - watchfiles.main - INFO - 1 change detected
2025-10-10 14:35:47,938 - watchfiles.main - INFO - 1 change detected
2025-10-10 14:35:48,288 - watchfiles.main - INFO - 1 change detected
2025-10-10 14:35:48,638 - watchfiles.main - INFO - 1 change detected
2025-10-10 14:35:48,989 - watchfiles.main - INFO - 1 change detected
2025-10-10 14:35:49,339 - watchfiles.main - INFO - 1 change detected
2025-10-10 14:35:49,690 - watchfiles.main - INFO - 1 change detected
2025-10-10 14:35:50,040 - watchfiles.main - INFO - 1 change detected
2025-10-10 14:35:50,391 - watchfiles.main - INFO - 1 change detected
2025-10-10 14:35:50,741 - watchfiles.main - INFO - 1 change detected
2025-10-10 14:35:51,091 - watchfiles.main - INFO - 1 change detected
2025-10-10 14:35:51,442 - watchfiles.main - INFO - 1 change detected
2025-10-10 14:35:51,792 - watchfiles.main - INFO - 1 change detected
2025-10-10 14:35:52,143 - watchfiles.main - INFO - 1 change detected
2025-10-10 14:35:52,493 - watchfiles.main - INFO - 1 change detected
2025-10-10 14:35:52,844 - watchfiles.main - INFO - 1 change detected
2025-10-10 14:35:53,194 - watchfiles.main - INFO - 1 change detected
2025-10-10 14:35:53,544 - watchfiles.main - INFO - 1 change detected
2025-10-10 14:35:53,895 - watchfiles.main - INFO - 1 change detected
2025-10-10 14:35:54,245 - watchfiles.main - INFO - 1 change detected
2025-10-10 14:35:54,596 - watchfiles.main - INFO - 1 change detected
2025-10-10 14:35:54,946 - watchfiles.main - INFO - 1 change detected
2025-10-10 14:35:55,297 - watchfiles.main - INFO - 1 change detected
2025-10-10 14:35:55,647 - watchfiles.main - INFO - 1 change detected
2025-10-10 14:35:55,998 - watchfiles.main - INFO - 1 change detected
2025-10-10 14:35:56,348 - watchfiles.main - INFO - 1 change detected
2025-10-10 14:35:56,698 - watchfiles.main - INFO - 1 change detected
2025-10-10 14:35:57,049 - watchfiles.main - INFO - 1 change detected
2025-10-10 14:35:57,399 - watchfiles.main - INFO - 1 change detected
2025-10-10 14:35:57,750 - watchfiles.main - INFO - 1 change detected
2025-10-10 14:35:58,100 - watchfiles.main - INFO - 1 change detected
2025-10-10 14:35:58,451 - watchfiles.main - INFO - 1 change detected
2025-10-10 14:35:58,801 - watchfiles.main - INFO - 1 change detected
2025-10-10 14:35:59,151 - watchfiles.main - INFO - 1 change detected
2025-10-10 14:35:59,502 - watchfiles.main - INFO - 1 change detected
2025-10-10 14:35:59,852 - watchfiles.main - INFO - 1 change detected
2025-10-10 14:36:00,203 - watchfiles.main - INFO - 1 change detected
2025-10-10 14:36:00,553 - watchfiles.main - INFO - 1 change detected
2025-10-10 14:36:00,904 - watchfiles.main - INFO - 1 change detected
2025-10-10 14:36:01,254 - watchfiles.main - INFO - 1 change detected
2025-10-10 14:36:01,604 - watchfiles.main - INFO - 1 change detected
2025-10-10 14:36:01,955 - watchfiles.main - INFO - 1 change detected
2025-10-10 14:36:02,305 - watchfiles.main - INFO - 1 change detected
2025-10-10 14:36:02,656 - watchfiles.main - INFO - 1 change detected
2025-10-10 14:36:03,006 - watchfiles.main - INFO - 1 change detected
2025-10-10 14:36:03,357 - watchfiles.main - INFO - 1 change detected
2025-10-10 14:36:03,707 - watchfiles.main - INFO - 1 change detected
2025-10-10 14:36:04,057 - watchfiles.main - INFO - 1 change detected
2025-10-10 14:36:04,408 - watchfiles.main - INFO - 1 change detected
2025-10-10 14:36:04,778 - watchfiles.main - INFO - 1 change detected
2025-10-10 14:36:05,128 - watchfiles.main - INFO - 1 change detected
2025-10-10 14:36:05,478 - watchfiles.main - INFO - 1 change detected
2025-10-10 14:36:05,829 - watchfiles.main - INFO - 1 change detected
2025-10-10 14:36:06,179 - watchfiles.main - INFO - 1 change detected
2025-10-10 14:36:06,530 - watchfiles.main - INFO - 1 change detected
2025-10-10 14:36:06,880 - watchfiles.main - INFO - 1 change detected
2025-10-10 14:36:07,231 - watchfiles.main - INFO - 1 change detected
2025-10-10 14:36:07,581 - watchfiles.main - INFO - 1 change detected
2025-10-10 14:36:07,932 - watchfiles.main - INFO - 1 change detected
2025-10-10 14:36:08,282 - watchfiles.main - INFO - 1 change detected
2025-10-10 14:36:08,632 - watchfiles.main - INFO - 1 change detected
2025-10-10 14:36:08,983 - watchfiles.main - INFO - 1 change detected
2025-10-10 14:36:09,333 - watchfiles.main - INFO - 1 change detected
2025-10-10 14:36:09,684 - watchfiles.main - INFO - 1 change detected
2025-10-10 14:36:10,034 - watchfiles.main - INFO - 1 change detected
2025-10-10 14:36:10,385 - watchfiles.main - INFO - 1 change detected
2025-10-10 14:36:10,735 - watchfiles.main - INFO - 1 change detected
2025-10-10 14:36:11,085 - watchfiles.main - INFO - 1 change detected
2025-10-10 14:36:11,436 - watchfiles.main - INFO - 1 change detected
2025-10-10 14:36:11,786 - watchfiles.main - INFO - 1 change detected
2025-10-10 14:36:12,212 - watchfiles.main - INFO - 1 change detected
2025-10-10 14:36:12,563 - watchfiles.main - INFO - 1 change detected
2025-10-10 14:36:12,913 - watchfiles.main - INFO - 1 change detected
2025-10-10 14:36:13,263 - watchfiles.main - INFO - 1 change detected
2025-10-10 14:36:13,614 - watchfiles.main - INFO - 1 change detected
2025-10-10 14:36:13,964 - watchfiles.main - INFO - 1 change detected
2025-10-10 14:36:14,315 - watchfiles.main - INFO - 1 change detected
2025-10-10 14:36:14,665 - watchfiles.main - INFO - 1 change detected
2025-10-10 14:36:15,016 - watchfiles.main - INFO - 1 change detected
2025-10-10 14:36:15,366 - watchfiles.main - INFO - 1 change detected
2025-10-10 14:36:15,716 - watchfiles.main - INFO - 1 change detected
2025-10-10 14:36:16,067 - watchfiles.main - INFO - 1 change detected
2025-10-10 14:36:16,635 - watchfiles.main - INFO - 1 change detected
2025-10-10 14:36:16,986 - watchfiles.main - INFO - 1 change detected
2025-10-10 14:36:17,336 - watchfiles.main - INFO - 1 change detected
2025-10-10 14:36:17,686 - watchfiles.main - INFO - 1 change detected
2025-10-10 14:36:18,037 - watchfiles.main - INFO - 1 change detected
2025-10-10 14:36:18,387 - watchfiles.main - INFO - 1 change detected
2025-10-10 14:36:18,738 - watchfiles.main - INFO - 1 change detected
2025-10-10 14:36:19,088 - watchfiles.main - INFO - 1 change detected
2025-10-10 14:36:19,439 - watchfiles.main - INFO - 1 change detected
2025-10-10 14:36:19,789 - watchfiles.main - INFO - 1 change detected
2025-10-10 14:36:20,140 - watchfiles.main - INFO - 1 change detected
2025-10-10 14:36:20,490 - watchfiles.main - INFO - 1 change detected
2025-10-10 14:36:20,840 - watchfiles.main - INFO - 1 change detected
2025-10-10 14:36:21,191 - watchfiles.main - INFO - 1 change detected
2025-10-10 14:36:21,541 - watchfiles.main - INFO - 1 change detected
2025-10-10 14:36:21,892 - watchfiles.main - INFO - 1 change detected
2025-10-10 14:36:22,242 - watchfiles.main - INFO - 1 change detected
2025-10-10 14:36:22,593 - watchfiles.main - INFO - 1 change detected
2025-10-10 14:36:22,943 - watchfiles.main - INFO - 1 change detected
2025-10-10 14:36:23,294 - watchfiles.main - INFO - 1 change detected
2025-10-10 14:36:23,644 - watchfiles.main - INFO - 1 change detected
2025-10-10 14:36:23,995 - watchfiles.main - INFO - 1 change detected
2025-10-10 14:36:24,345 - watchfiles.main - INFO - 1 change detected
2025-10-10 14:36:24,695 - watchfiles.main - INFO - 1 change detected
2025-10-10 14:36:25,046 - watchfiles.main - INFO - 1 change detected
2025-10-10 14:36:25,397 - watchfiles.main - INFO - 1 change detected
2025-10-10 14:36:25,747 - watchfiles.main - INFO - 1 change detected
2025-10-10 14:36:26,097 - watchfiles.main - INFO - 1 change detected
2025-10-10 14:36:26,461 - watchfiles.main - INFO - 1 change detected
2025-10-10 14:36:26,812 - watchfiles.main - INFO - 1 change detected
2025-10-10 14:36:27,162 - watchfiles.main - INFO - 1 change detected
2025-10-10 14:36:27,513 - watchfiles.main - INFO - 1 change detected
2025-10-10 14:36:27,863 - watchfiles.main - INFO - 1 change detected
2025-10-10 14:36:28,214 - watchfiles.main - INFO - 1 change detected
2025-10-10 14:36:28,564 - watchfiles.main - INFO - 1 change detected
2025-10-10 14:36:28,915 - watchfiles.main - INFO - 1 change detected
2025-10-10 14:36:29,265 - watchfiles.main - INFO - 1 change detected
2025-10-10 14:36:29,616 - watchfiles.main - INFO - 1 change detected
2025-10-10 14:36:29,966 - watchfiles.main - INFO - 1 change detected
2025-10-10 14:36:30,316 - watchfiles.main - INFO - 1 change detected
2025-10-10 14:36:30,667 - watchfiles.main - INFO - 1 change detected
2025-10-10 14:36:31,018 - watchfiles.main - INFO - 1 change detected
2025-10-10 14:36:31,369 - watchfiles.main - INFO - 1 change detected
2025-10-10 14:36:31,719 - watchfiles.main - INFO - 1 change detected
2025-10-10 14:36:32,070 - watchfiles.main - INFO - 1 change detected
2025-10-10 14:36:32,420 - watchfiles.main - INFO - 1 change detected
2025-10-10 14:36:32,771 - watchfiles.main - INFO - 1 change detected
2025-10-10 14:36:33,121 - watchfiles.main - INFO - 1 change detected
2025-10-10 14:36:33,471 - watchfiles.main - INFO - 1 change detected
2025-10-10 14:36:33,822 - watchfiles.main - INFO - 1 change detected
2025-10-10 14:36:34,172 - watchfiles.main - INFO - 1 change detected
2025-10-10 14:36:34,523 - watchfiles.main - INFO - 1 change detected
2025-10-10 14:36:34,873 - watchfiles.main - INFO - 1 change detected
2025-10-10 14:36:35,224 - watchfiles.main - INFO - 1 change detected
2025-10-10 14:36:35,574 - watchfiles.main - INFO - 1 change detected
2025-10-10 14:36:35,925 - watchfiles.main - INFO - 1 change detected
2025-10-10 14:36:36,275 - watchfiles.main - INFO - 1 change detected
2025-10-10 14:36:36,626 - watchfiles.main - INFO - 1 change detected
2025-10-10 14:36:36,976 - watchfiles.main - INFO - 1 change detected
2025-10-10 14:36:37,326 - watchfiles.main - INFO - 1 change detected
2025-10-10 14:36:37,677 - watchfiles.main - INFO - 1 change detected
2025-10-10 14:36:38,027 - watchfiles.main - INFO - 1 change detected
2025-10-10 14:36:38,378 - watchfiles.main - INFO - 1 change detected
2025-10-10 14:36:38,728 - watchfiles.main - INFO - 1 change detected
2025-10-10 14:36:39,079 - watchfiles.main - INFO - 1 change detected
2025-10-10 14:36:39,429 - watchfiles.main - INFO - 1 change detected
2025-10-10 14:36:39,780 - watchfiles.main - INFO - 1 change detected
2025-10-10 14:36:40,130 - watchfiles.main - INFO - 1 change detected
2025-10-10 14:36:40,481 - watchfiles.main - INFO - 1 change detected
2025-10-10 14:36:40,831 - watchfiles.main - INFO - 1 change detected
2025-10-10 14:36:41,182 - watchfiles.main - INFO - 1 change detected
2025-10-10 14:36:41,532 - watchfiles.main - INFO - 1 change detected
2025-10-10 14:36:41,883 - watchfiles.main - INFO - 1 change detected
2025-10-10 14:36:42,233 - watchfiles.main - INFO - 1 change detected
2025-10-10 14:36:42,583 - watchfiles.main - INFO - 1 change detected
2025-10-10 14:36:42,934 - watchfiles.main - INFO - 1 change detected
2025-10-10 14:36:43,284 - watchfiles.main - INFO - 1 change detected
2025-10-10 14:36:43,635 - watchfiles.main - INFO - 1 change detected
2025-10-10 14:36:43,985 - watchfiles.main - INFO - 1 change detected
2025-10-10 14:36:44,336 - watchfiles.main - INFO - 1 change detected
2025-10-10 14:36:44,686 - watchfiles.main - INFO - 1 change detected
2025-10-10 14:36:45,037 - watchfiles.main - INFO - 1 change detected
2025-10-10 14:36:45,387 - watchfiles.main - INFO - 1 change detected
2025-10-10 14:36:45,738 - watchfiles.main - INFO - 1 change detected
2025-10-10 14:36:46,088 - watchfiles.main - INFO - 1 change detected
2025-10-10 14:36:46,439 - watchfiles.main - INFO - 1 change detected
2025-10-10 14:36:46,789 - watchfiles.main - INFO - 1 change detected
2025-10-10 14:36:47,140 - watchfiles.main - INFO - 1 change detected
2025-10-10 14:36:47,490 - watchfiles.main - INFO - 1 change detected
2025-10-10 14:36:47,841 - watchfiles.main - INFO - 1 change detected
2025-10-10 14:36:48,191 - watchfiles.main - INFO - 1 change detected
2025-10-10 14:36:48,541 - watchfiles.main - INFO - 1 change detected
2025-10-10 14:36:48,892 - watchfiles.main - INFO - 1 change detected
2025-10-10 14:36:49,242 - watchfiles.main - INFO - 1 change detected
2025-10-10 14:36:49,593 - watchfiles.main - INFO - 1 change detected
2025-10-10 14:36:49,943 - watchfiles.main - INFO - 1 change detected
2025-10-10 14:36:50,294 - watchfiles.main - INFO - 1 change detected
2025-10-10 14:36:50,645 - watchfiles.main - INFO - 1 change detected
2025-10-10 14:36:50,995 - watchfiles.main - INFO - 1 change detected
2025-10-10 14:36:51,346 - watchfiles.main - INFO - 1 change detected
2025-10-10 14:36:51,696 - watchfiles.main - INFO - 1 change detected
2025-10-10 14:36:52,047 - watchfiles.main - INFO - 1 change detected
2025-10-10 14:36:52,397 - watchfiles.main - INFO - 1 change detected
2025-10-10 14:36:52,748 - watchfiles.main - INFO - 1 change detected
2025-10-10 14:36:53,098 - watchfiles.main - INFO - 1 change detected
2025-10-10 14:36:53,449 - watchfiles.main - INFO - 1 change detected
2025-10-10 14:36:53,799 - watchfiles.main - INFO - 1 change detected
2025-10-10 14:36:54,149 - watchfiles.main - INFO - 1 change detected
2025-10-10 14:36:54,500 - watchfiles.main - INFO - 1 change detected
2025-10-10 14:36:54,850 - watchfiles.main - INFO - 1 change detected
2025-10-10 14:36:55,201 - watchfiles.main - INFO - 1 change detected
2025-10-10 14:36:55,551 - watchfiles.main - INFO - 1 change detected
2025-10-10 14:36:55,902 - watchfiles.main - INFO - 1 change detected
2025-10-10 14:36:56,252 - watchfiles.main - INFO - 1 change detected
2025-10-10 14:36:56,603 - watchfiles.main - INFO - 1 change detected
2025-10-10 14:36:56,953 - watchfiles.main - INFO - 1 change detected
2025-10-10 14:36:57,304 - watchfiles.main - INFO - 1 change detected
2025-10-10 14:36:57,654 - watchfiles.main - INFO - 1 change detected
2025-10-10 14:36:58,006 - watchfiles.main - INFO - 1 change detected
2025-10-10 14:36:58,357 - watchfiles.main - INFO - 1 change detected
2025-10-10 14:36:58,707 - watchfiles.main - INFO - 1 change detected
2025-10-10 14:36:59,058 - watchfiles.main - INFO - 1 change detected
2025-10-10 14:36:59,408 - watchfiles.main - INFO - 1 change detected
2025-10-10 14:36:59,759 - watchfiles.main - INFO - 1 change detected
2025-10-10 14:37:00,109 - watchfiles.main - INFO - 1 change detected
2025-10-10 14:37:00,459 - watchfiles.main - INFO - 1 change detected
2025-10-10 14:37:00,810 - watchfiles.main - INFO - 1 change detected
2025-10-10 14:37:01,160 - watchfiles.main - INFO - 1 change detected
2025-10-10 14:37:01,511 - watchfiles.main - INFO - 1 change detected
2025-10-10 14:37:01,861 - watchfiles.main - INFO - 1 change detected
2025-10-10 14:37:02,212 - watchfiles.main - INFO - 1 change detected
2025-10-10 14:37:02,562 - watchfiles.main - INFO - 1 change detected
2025-10-10 14:37:02,913 - watchfiles.main - INFO - 1 change detected
2025-10-10 14:37:03,263 - watchfiles.main - INFO - 1 change detected
2025-10-10 14:37:03,613 - watchfiles.main - INFO - 1 change detected
2025-10-10 14:37:03,964 - watchfiles.main - INFO - 1 change detected
2025-10-10 14:37:04,314 - watchfiles.main - INFO - 1 change detected
2025-10-10 14:37:04,665 - watchfiles.main - INFO - 1 change detected
2025-10-10 14:37:05,015 - watchfiles.main - INFO - 1 change detected
2025-10-10 14:37:05,366 - watchfiles.main - INFO - 1 change detected
2025-10-10 14:37:05,716 - watchfiles.main - INFO - 1 change detected
2025-10-10 14:37:06,067 - watchfiles.main - INFO - 1 change detected
2025-10-10 14:37:06,417 - watchfiles.main - INFO - 1 change detected
2025-10-10 14:37:06,767 - watchfiles.main - INFO - 1 change detected
2025-10-10 14:37:07,118 - watchfiles.main - INFO - 1 change detected
2025-10-10 14:37:07,468 - watchfiles.main - INFO - 1 change detected
2025-10-10 14:37:07,819 - watchfiles.main - INFO - 1 change detected
2025-10-10 14:37:08,169 - watchfiles.main - INFO - 1 change detected
2025-10-10 14:37:08,520 - watchfiles.main - INFO - 1 change detected
2025-10-10 14:37:08,870 - watchfiles.main - INFO - 1 change detected
2025-10-10 14:37:09,220 - watchfiles.main - INFO - 1 change detected
2025-10-10 14:37:09,571 - watchfiles.main - INFO - 1 change detected
2025-10-10 14:37:09,921 - watchfiles.main - INFO - 1 change detected
2025-10-10 14:37:10,272 - watchfiles.main - INFO - 1 change detected
2025-10-10 14:37:10,622 - watchfiles.main - INFO - 1 change detected
2025-10-10 14:37:10,973 - watchfiles.main - INFO - 1 change detected
2025-10-10 14:37:11,323 - watchfiles.main - INFO - 1 change detected
2025-10-10 14:37:11,674 - watchfiles.main - INFO - 1 change detected
2025-10-10 14:37:12,024 - watchfiles.main - INFO - 1 change detected
2025-10-10 14:37:12,375 - watchfiles.main - INFO - 1 change detected
2025-10-10 14:37:12,725 - watchfiles.main - INFO - 1 change detected
2025-10-10 14:37:13,075 - watchfiles.main - INFO - 1 change detected
2025-10-10 14:37:13,426 - watchfiles.main - INFO - 1 change detected
2025-10-10 14:37:13,776 - watchfiles.main - INFO - 1 change detected
2025-10-10 14:37:14,127 - watchfiles.main - INFO - 1 change detected
2025-10-10 14:37:14,477 - watchfiles.main - INFO - 1 change detected
2025-10-10 14:37:14,828 - watchfiles.main - INFO - 1 change detected
2025-10-10 14:37:15,178 - watchfiles.main - INFO - 1 change detected
2025-10-10 14:37:15,528 - watchfiles.main - INFO - 1 change detected
2025-10-10 14:37:15,879 - watchfiles.main - INFO - 1 change detected
2025-10-10 14:37:16,229 - watchfiles.main - INFO - 1 change detected
2025-10-10 14:37:16,580 - watchfiles.main - INFO - 1 change detected
2025-10-10 14:37:16,930 - watchfiles.main - INFO - 1 change detected
2025-10-10 14:37:17,281 - watchfiles.main - INFO - 1 change detected
2025-10-10 14:37:17,631 - watchfiles.main - INFO - 1 change detected
2025-10-10 14:37:17,981 - watchfiles.main - INFO - 1 change detected
2025-10-10 14:37:18,332 - watchfiles.main - INFO - 1 change detected
2025-10-10 14:37:18,682 - watchfiles.main - INFO - 1 change detected
2025-10-10 14:37:19,033 - watchfiles.main - INFO - 1 change detected
2025-10-10 14:37:19,383 - watchfiles.main - INFO - 1 change detected
2025-10-10 14:37:19,734 - watchfiles.main - INFO - 1 change detected
2025-10-10 14:37:20,084 - watchfiles.main - INFO - 1 change detected
2025-10-10 14:37:20,434 - watchfiles.main - INFO - 1 change detected
2025-10-10 14:37:20,785 - watchfiles.main - INFO - 1 change detected
2025-10-10 14:37:21,135 - watchfiles.main - INFO - 1 change detected
2025-10-10 14:37:21,486 - watchfiles.main - INFO - 1 change detected
2025-10-10 14:37:21,836 - watchfiles.main - INFO - 1 change detected
2025-10-10 14:37:22,187 - watchfiles.main - INFO - 1 change detected
2025-10-10 14:37:22,537 - watchfiles.main - INFO - 1 change detected
2025-10-10 14:37:22,888 - watchfiles.main - INFO - 1 change detected
2025-10-10 14:37:23,238 - watchfiles.main - INFO - 1 change detected
2025-10-10 14:37:23,588 - watchfiles.main - INFO - 1 change detected
2025-10-10 14:37:23,939 - watchfiles.main - INFO - 1 change detected
2025-10-10 14:37:24,289 - watchfiles.main - INFO - 1 change detected
2025-10-10 14:37:24,640 - watchfiles.main - INFO - 1 change detected
2025-10-10 14:37:24,990 - watchfiles.main - INFO - 1 change detected
2025-10-10 14:37:25,341 - watchfiles.main - INFO - 1 change detected
2025-10-10 14:37:25,691 - watchfiles.main - INFO - 1 change detected
2025-10-10 14:37:26,042 - watchfiles.main - INFO - 1 change detected
2025-10-10 14:37:26,392 - watchfiles.main - INFO - 1 change detected
2025-10-10 14:37:26,742 - watchfiles.main - INFO - 1 change detected
2025-10-10 14:37:27,093 - watchfiles.main - INFO - 1 change detected
2025-10-10 14:37:27,443 - watchfiles.main - INFO - 1 change detected
2025-10-10 14:37:27,794 - watchfiles.main - INFO - 1 change detected
2025-10-10 14:37:28,144 - watchfiles.main - INFO - 1 change detected
2025-10-10 14:37:28,495 - watchfiles.main - INFO - 1 change detected
2025-10-10 14:37:28,845 - watchfiles.main - INFO - 1 change detected
2025-10-10 14:37:29,195 - watchfiles.main - INFO - 1 change detected
2025-10-10 14:37:29,546 - watchfiles.main - INFO - 1 change detected
2025-10-10 14:37:29,896 - watchfiles.main - INFO - 1 change detected
2025-10-10 14:37:30,247 - watchfiles.main - INFO - 1 change detected
2025-10-10 14:37:30,597 - watchfiles.main - INFO - 1 change detected
2025-10-10 14:37:30,948 - watchfiles.main - INFO - 1 change detected
2025-10-10 14:37:31,298 - watchfiles.main - INFO - 1 change detected
2025-10-10 14:37:31,648 - watchfiles.main - INFO - 1 change detected
2025-10-10 14:37:31,999 - watchfiles.main - INFO - 1 change detected
2025-10-10 14:37:32,349 - watchfiles.main - INFO - 1 change detected
2025-10-10 14:37:32,700 - watchfiles.main - INFO - 1 change detected
2025-10-10 14:37:33,052 - watchfiles.main - INFO - 1 change detected
2025-10-10 14:37:33,402 - watchfiles.main - INFO - 1 change detected
2025-10-10 14:37:33,753 - watchfiles.main - INFO - 1 change detected
2025-10-10 14:37:34,103 - watchfiles.main - INFO - 1 change detected
2025-10-10 14:37:34,453 - watchfiles.main - INFO - 1 change detected
2025-10-10 14:37:34,804 - watchfiles.main - INFO - 1 change detected
2025-10-10 14:37:35,154 - watchfiles.main - INFO - 1 change detected
2025-10-10 14:37:35,505 - watchfiles.main - INFO - 1 change detected
2025-10-10 14:37:35,855 - watchfiles.main - INFO - 1 change detected
2025-10-10 14:37:36,206 - watchfiles.main - INFO - 1 change detected
2025-10-10 14:37:36,556 - watchfiles.main - INFO - 1 change detected
2025-10-10 14:37:36,906 - watchfiles.main - INFO - 1 change detected
2025-10-10 14:37:37,257 - watchfiles.main - INFO - 1 change detected
2025-10-10 14:37:37,607 - watchfiles.main - INFO - 1 change detected
2025-10-10 14:37:37,958 - watchfiles.main - INFO - 1 change detected
2025-10-10 14:37:38,308 - watchfiles.main - INFO - 1 change detected
2025-10-10 14:37:38,659 - watchfiles.main - INFO - 1 change detected
2025-10-10 14:37:39,009 - watchfiles.main - INFO - 1 change detected
2025-10-10 14:37:39,360 - watchfiles.main - INFO - 1 change detected
2025-10-10 14:37:39,710 - watchfiles.main - INFO - 1 change detected
2025-10-10 14:37:40,060 - watchfiles.main - INFO - 1 change detected
2025-10-10 14:37:40,411 - watchfiles.main - INFO - 1 change detected
2025-10-10 14:37:40,761 - watchfiles.main - INFO - 1 change detected
2025-10-10 14:37:41,112 - watchfiles.main - INFO - 1 change detected
2025-10-10 14:37:41,462 - watchfiles.main - INFO - 1 change detected
2025-10-10 14:37:41,813 - watchfiles.main - INFO - 1 change detected
2025-10-10 14:37:42,163 - watchfiles.main - INFO - 1 change detected
2025-10-10 14:37:42,514 - watchfiles.main - INFO - 1 change detected
2025-10-10 14:37:42,864 - watchfiles.main - INFO - 1 change detected
2025-10-10 14:37:43,214 - watchfiles.main - INFO - 1 change detected
2025-10-10 14:37:43,565 - watchfiles.main - INFO - 1 change detected
2025-10-10 14:37:43,915 - watchfiles.main - INFO - 1 change detected
2025-10-10 14:37:44,266 - watchfiles.main - INFO - 1 change detected
2025-10-10 14:37:44,616 - watchfiles.main - INFO - 1 change detected
2025-10-10 14:37:44,967 - watchfiles.main - INFO - 1 change detected
2025-10-10 14:37:45,317 - watchfiles.main - INFO - 1 change detected
2025-10-10 14:37:45,667 - watchfiles.main - INFO - 1 change detected
2025-10-10 14:37:46,018 - watchfiles.main - INFO - 1 change detected
2025-10-10 14:37:46,368 - watchfiles.main - INFO - 1 change detected
2025-10-10 14:37:46,719 - watchfiles.main - INFO - 1 change detected
2025-10-10 14:37:47,069 - watchfiles.main - INFO - 1 change detected
2025-10-10 14:37:47,420 - watchfiles.main - INFO - 1 change detected
2025-10-10 14:37:47,770 - watchfiles.main - INFO - 1 change detected
2025-10-10 14:37:48,120 - watchfiles.main - INFO - 1 change detected
2025-10-10 14:37:48,471 - watchfiles.main - INFO - 1 change detected
2025-10-10 14:37:48,821 - watchfiles.main - INFO - 1 change detected
2025-10-10 14:37:49,172 - watchfiles.main - INFO - 1 change detected
2025-10-10 14:37:49,522 - watchfiles.main - INFO - 1 change detected
2025-10-10 14:37:49,873 - watchfiles.main - INFO - 1 change detected
2025-10-10 14:37:50,223 - watchfiles.main - INFO - 1 change detected
2025-10-10 14:37:50,574 - watchfiles.main - INFO - 1 change detected
2025-10-10 14:37:50,924 - watchfiles.main - INFO - 1 change detected
2025-10-10 14:37:51,274 - watchfiles.main - INFO - 1 change detected
2025-10-10 14:37:51,626 - watchfiles.main - INFO - 1 change detected
2025-10-10 14:37:51,977 - watchfiles.main - INFO - 1 change detected
2025-10-10 14:37:52,327 - watchfiles.main - INFO - 1 change detected
2025-10-10 14:37:52,677 - watchfiles.main - INFO - 1 change detected
2025-10-10 14:37:53,028 - watchfiles.main - INFO - 1 change detected
2025-10-10 14:37:53,378 - watchfiles.main - INFO - 1 change detected
2025-10-10 14:37:53,729 - watchfiles.main - INFO - 1 change detected
2025-10-10 14:37:54,079 - watchfiles.main - INFO - 1 change detected
2025-10-10 14:37:54,430 - watchfiles.main - INFO - 1 change detected
2025-10-10 14:37:54,780 - watchfiles.main - INFO - 1 change detected
2025-10-10 14:37:55,131 - watchfiles.main - INFO - 1 change detected
2025-10-10 14:37:55,481 - watchfiles.main - INFO - 1 change detected
2025-10-10 14:37:55,831 - watchfiles.main - INFO - 1 change detected
2025-10-10 14:37:56,182 - watchfiles.main - INFO - 1 change detected
2025-10-10 14:37:56,532 - watchfiles.main - INFO - 1 change detected
2025-10-10 14:37:56,883 - watchfiles.main - INFO - 1 change detected
2025-10-10 14:37:57,233 - watchfiles.main - INFO - 1 change detected
2025-10-10 14:37:57,584 - watchfiles.main - INFO - 1 change detected
2025-10-10 14:37:57,934 - watchfiles.main - INFO - 1 change detected
2025-10-10 14:37:58,285 - watchfiles.main - INFO - 1 change detected
2025-10-10 14:37:58,635 - watchfiles.main - INFO - 1 change detected
2025-10-10 14:37:58,986 - watchfiles.main - INFO - 1 change detected
2025-10-10 14:37:59,336 - watchfiles.main - INFO - 1 change detected
2025-10-10 14:37:59,686 - watchfiles.main - INFO - 1 change detected
2025-10-10 14:38:00,037 - watchfiles.main - INFO - 1 change detected
2025-10-10 14:38:00,387 - watchfiles.main - INFO - 1 change detected
2025-10-10 14:38:00,738 - watchfiles.main - INFO - 1 change detected
2025-10-10 14:38:01,088 - watchfiles.main - INFO - 1 change detected
2025-10-10 14:38:01,439 - watchfiles.main - INFO - 1 change detected
2025-10-10 14:38:01,789 - watchfiles.main - INFO - 1 change detected
2025-10-10 14:38:02,139 - watchfiles.main - INFO - 1 change detected
2025-10-10 14:38:02,490 - watchfiles.main - INFO - 1 change detected
2025-10-10 14:38:02,840 - watchfiles.main - INFO - 1 change detected
2025-10-10 14:38:03,191 - watchfiles.main - INFO - 1 change detected
2025-10-10 14:38:03,541 - watchfiles.main - INFO - 1 change detected
2025-10-10 14:38:03,892 - watchfiles.main - INFO - 1 change detected
2025-10-10 14:38:04,242 - watchfiles.main - INFO - 1 change detected
2025-10-10 14:38:04,592 - watchfiles.main - INFO - 1 change detected
2025-10-10 14:38:04,943 - watchfiles.main - INFO - 1 change detected
2025-10-10 14:38:05,293 - watchfiles.main - INFO - 1 change detected
2025-10-10 14:38:05,644 - watchfiles.main - INFO - 1 change detected
2025-10-10 14:38:05,994 - watchfiles.main - INFO - 1 change detected
2025-10-10 14:38:06,345 - watchfiles.main - INFO - 1 change detected
2025-10-10 14:38:06,695 - watchfiles.main - INFO - 1 change detected
2025-10-10 14:38:07,045 - watchfiles.main - INFO - 1 change detected
2025-10-10 14:38:07,396 - watchfiles.main - INFO - 1 change detected
2025-10-10 14:38:07,746 - watchfiles.main - INFO - 1 change detected
2025-10-10 14:38:08,097 - watchfiles.main - INFO - 1 change detected
2025-10-10 14:38:08,447 - watchfiles.main - INFO - 1 change detected
2025-10-10 14:38:08,798 - watchfiles.main - INFO - 1 change detected
2025-10-10 14:38:09,148 - watchfiles.main - INFO - 1 change detected
2025-10-10 14:38:09,498 - watchfiles.main - INFO - 1 change detected
2025-10-10 14:38:09,849 - watchfiles.main - INFO - 1 change detected
2025-10-10 14:38:10,199 - watchfiles.main - INFO - 1 change detected
2025-10-10 14:38:10,550 - watchfiles.main - INFO - 1 change detected
2025-10-10 14:38:10,900 - watchfiles.main - INFO - 1 change detected
2025-10-10 14:38:11,251 - watchfiles.main - INFO - 1 change detected
2025-10-10 14:38:11,601 - watchfiles.main - INFO - 1 change detected
2025-10-10 14:38:11,951 - watchfiles.main - INFO - 1 change detected
2025-10-10 14:38:12,302 - watchfiles.main - INFO - 1 change detected
2025-10-10 14:38:12,652 - watchfiles.main - INFO - 1 change detected
2025-10-10 14:38:13,003 - watchfiles.main - INFO - 1 change detected
2025-10-10 14:38:13,353 - watchfiles.main - INFO - 1 change detected
2025-10-10 14:38:13,704 - watchfiles.main - INFO - 1 change detected
2025-10-10 14:38:14,054 - watchfiles.main - INFO - 1 change detected
2025-10-10 14:38:14,404 - watchfiles.main - INFO - 1 change detected
2025-10-10 14:38:14,755 - watchfiles.main - INFO - 1 change detected
2025-10-10 14:38:15,105 - watchfiles.main - INFO - 1 change detected
2025-10-10 14:38:15,456 - watchfiles.main - INFO - 1 change detected
2025-10-10 14:38:15,806 - watchfiles.main - INFO - 1 change detected
2025-10-10 14:38:16,157 - watchfiles.main - INFO - 1 change detected
2025-10-10 14:38:16,507 - watchfiles.main - INFO - 1 change detected
2025-10-10 14:38:16,857 - watchfiles.main - INFO - 1 change detected
2025-10-10 14:38:17,208 - watchfiles.main - INFO - 1 change detected
2025-10-10 14:38:17,558 - watchfiles.main - INFO - 1 change detected
2025-10-10 14:38:17,909 - watchfiles.main - INFO - 1 change detected
2025-10-10 14:38:18,259 - watchfiles.main - INFO - 1 change detected
2025-10-10 14:38:18,610 - watchfiles.main - INFO - 1 change detected
2025-10-10 14:38:18,960 - watchfiles.main - INFO - 1 change detected
2025-10-10 14:38:19,310 - watchfiles.main - INFO - 1 change detected
2025-10-10 14:38:19,661 - watchfiles.main - INFO - 1 change detected
2025-10-10 14:38:20,011 - watchfiles.main - INFO - 1 change detected
2025-10-10 14:38:20,362 - watchfiles.main - INFO - 1 change detected
2025-10-10 14:38:20,712 - watchfiles.main - INFO - 1 change detected
2025-10-10 14:38:21,063 - watchfiles.main - INFO - 1 change detected
2025-10-10 14:38:21,413 - watchfiles.main - INFO - 1 change detected
2025-10-10 14:38:21,764 - watchfiles.main - INFO - 1 change detected
2025-10-10 14:38:22,114 - watchfiles.main - INFO - 1 change detected
2025-10-10 14:38:22,464 - watchfiles.main - INFO - 1 change detected
2025-10-10 14:38:22,815 - watchfiles.main - INFO - 1 change detected
2025-10-10 14:38:23,165 - watchfiles.main - INFO - 1 change detected
2025-10-10 14:38:23,516 - watchfiles.main - INFO - 1 change detected
2025-10-10 14:38:23,866 - watchfiles.main - INFO - 1 change detected
2025-10-10 14:38:24,217 - watchfiles.main - INFO - 1 change detected
2025-10-10 14:38:24,567 - watchfiles.main - INFO - 1 change detected
2025-10-10 14:38:24,918 - watchfiles.main - INFO - 1 change detected
2025-10-10 14:38:25,268 - watchfiles.main - INFO - 1 change detected
2025-10-10 14:38:25,619 - watchfiles.main - INFO - 1 change detected
2025-10-10 14:38:25,969 - watchfiles.main - INFO - 1 change detected
2025-10-10 14:38:26,319 - watchfiles.main - INFO - 1 change detected
2025-10-10 14:38:26,670 - watchfiles.main - INFO - 1 change detected
2025-10-10 14:38:27,020 - watchfiles.main - INFO - 1 change detected
2025-10-10 14:38:27,371 - watchfiles.main - INFO - 1 change detected
2025-10-10 14:38:27,721 - watchfiles.main - INFO - 1 change detected
2025-10-10 14:38:28,072 - watchfiles.main - INFO - 1 change detected
2025-10-10 14:38:28,422 - watchfiles.main - INFO - 1 change detected
2025-10-10 14:38:28,773 - watchfiles.main - INFO - 1 change detected
2025-10-10 14:38:29,123 - watchfiles.main - INFO - 1 change detected
2025-10-10 14:38:29,473 - watchfiles.main - INFO - 1 change detected
2025-10-10 14:38:29,824 - watchfiles.main - INFO - 1 change detected
2025-10-10 14:38:30,174 - watchfiles.main - INFO - 1 change detected
2025-10-10 14:38:30,525 - watchfiles.main - INFO - 1 change detected
2025-10-10 14:38:30,875 - watchfiles.main - INFO - 1 change detected
2025-10-10 14:38:31,226 - watchfiles.main - INFO - 1 change detected
2025-10-10 14:38:31,576 - watchfiles.main - INFO - 1 change detected
2025-10-10 14:38:31,927 - watchfiles.main - INFO - 1 change detected
2025-10-10 14:38:32,277 - watchfiles.main - INFO - 1 change detected
2025-10-10 14:38:32,628 - watchfiles.main - INFO - 1 change detected
2025-10-10 14:38:32,978 - watchfiles.main - INFO - 1 change detected
2025-10-10 14:38:33,328 - watchfiles.main - INFO - 1 change detected
2025-10-10 14:38:33,679 - watchfiles.main - INFO - 1 change detected
2025-10-10 14:38:34,029 - watchfiles.main - INFO - 1 change detected
2025-10-10 14:38:34,380 - watchfiles.main - INFO - 1 change detected
2025-10-10 14:38:34,730 - watchfiles.main - INFO - 1 change detected
2025-10-10 14:38:35,081 - watchfiles.main - INFO - 1 change detected
2025-10-10 14:38:35,431 - watchfiles.main - INFO - 1 change detected
2025-10-10 14:38:35,781 - watchfiles.main - INFO - 1 change detected
2025-10-10 14:38:36,132 - watchfiles.main - INFO - 1 change detected
2025-10-10 14:38:36,482 - watchfiles.main - INFO - 1 change detected
2025-10-10 14:38:36,833 - watchfiles.main - INFO - 1 change detected
2025-10-10 14:38:37,183 - watchfiles.main - INFO - 1 change detected
2025-10-10 14:38:37,534 - watchfiles.main - INFO - 1 change detected
2025-10-10 14:38:37,884 - watchfiles.main - INFO - 1 change detected
2025-10-10 14:38:38,235 - watchfiles.main - INFO - 1 change detected
2025-10-10 14:38:38,585 - watchfiles.main - INFO - 1 change detected
2025-10-10 14:38:38,935 - watchfiles.main - INFO - 1 change detected
2025-10-10 14:38:39,286 - watchfiles.main - INFO - 1 change detected
2025-10-10 14:38:39,636 - watchfiles.main - INFO - 1 change detected
2025-10-10 14:38:39,987 - watchfiles.main - INFO - 1 change detected
2025-10-10 14:38:40,337 - watchfiles.main - INFO - 1 change detected
2025-10-10 14:38:40,688 - watchfiles.main - INFO - 1 change detected
2025-10-10 14:38:41,038 - watchfiles.main - INFO - 1 change detected
2025-10-10 14:38:41,389 - watchfiles.main - INFO - 1 change detected
2025-10-10 14:38:41,739 - watchfiles.main - INFO - 1 change detected
2025-10-10 14:38:42,089 - watchfiles.main - INFO - 1 change detected
2025-10-10 14:38:42,440 - watchfiles.main - INFO - 1 change detected
2025-10-10 14:38:42,790 - watchfiles.main - INFO - 1 change detected
2025-10-10 14:38:43,141 - watchfiles.main - INFO - 1 change detected
2025-10-10 14:38:43,491 - watchfiles.main - INFO - 1 change detected
2025-10-10 14:38:43,842 - watchfiles.main - INFO - 1 change detected
2025-10-10 14:38:44,192 - watchfiles.main - INFO - 1 change detected
2025-10-10 14:38:44,542 - watchfiles.main - INFO - 1 change detected
2025-10-10 14:38:44,893 - watchfiles.main - INFO - 1 change detected
2025-10-10 14:38:45,243 - watchfiles.main - INFO - 1 change detected
2025-10-10 14:38:45,594 - watchfiles.main - INFO - 1 change detected
2025-10-10 14:38:45,944 - watchfiles.main - INFO - 1 change detected
2025-10-10 14:38:46,295 - watchfiles.main - INFO - 1 change detected
2025-10-10 14:38:46,645 - watchfiles.main - INFO - 1 change detected
2025-10-10 14:38:46,996 - watchfiles.main - INFO - 1 change detected
2025-10-10 14:38:47,346 - watchfiles.main - INFO - 1 change detected
2025-10-10 14:38:47,696 - watchfiles.main - INFO - 1 change detected
2025-10-10 14:38:48,047 - watchfiles.main - INFO - 1 change detected
2025-10-10 14:38:48,397 - watchfiles.main - INFO - 1 change detected
2025-10-10 14:38:48,748 - watchfiles.main - INFO - 1 change detected
2025-10-10 14:38:49,098 - watchfiles.main - INFO - 1 change detected
2025-10-10 14:38:49,449 - watchfiles.main - INFO - 1 change detected
2025-10-10 14:38:49,799 - watchfiles.main - INFO - 1 change detected
2025-10-10 14:38:50,150 - watchfiles.main - INFO - 1 change detected
2025-10-10 14:38:50,500 - watchfiles.main - INFO - 1 change detected
2025-10-10 14:38:50,851 - watchfiles.main - INFO - 1 change detected
2025-10-10 14:38:51,201 - watchfiles.main - INFO - 1 change detected
2025-10-10 14:38:51,552 - watchfiles.main - INFO - 1 change detected
2025-10-10 14:38:51,902 - watchfiles.main - INFO - 1 change detected
2025-10-10 14:38:52,252 - watchfiles.main - INFO - 1 change detected
2025-10-10 14:38:52,603 - watchfiles.main - INFO - 1 change detected
2025-10-10 14:38:52,953 - watchfiles.main - INFO - 1 change detected
2025-10-10 14:38:53,304 - watchfiles.main - INFO - 1 change detected
2025-10-10 14:38:53,654 - watchfiles.main - INFO - 1 change detected
2025-10-10 14:38:54,005 - watchfiles.main - INFO - 1 change detected
2025-10-10 14:38:54,355 - watchfiles.main - INFO - 1 change detected
2025-10-10 14:38:54,705 - watchfiles.main - INFO - 1 change detected
2025-10-10 14:38:55,056 - watchfiles.main - INFO - 1 change detected
2025-10-10 14:38:55,406 - watchfiles.main - INFO - 1 change detected
2025-10-10 14:38:55,757 - watchfiles.main - INFO - 1 change detected
2025-10-10 14:38:56,107 - watchfiles.main - INFO - 1 change detected
2025-10-10 14:38:56,458 - watchfiles.main - INFO - 1 change detected
2025-10-10 14:38:56,808 - watchfiles.main - INFO - 1 change detected
2025-10-10 14:38:57,159 - watchfiles.main - INFO - 1 change detected
2025-10-10 14:38:57,509 - watchfiles.main - INFO - 1 change detected
2025-10-10 14:38:57,859 - watchfiles.main - INFO - 1 change detected
2025-10-10 14:38:58,210 - watchfiles.main - INFO - 1 change detected
2025-10-10 14:38:58,560 - watchfiles.main - INFO - 1 change detected
2025-10-10 14:38:58,911 - watchfiles.main - INFO - 1 change detected
2025-10-10 14:38:59,261 - watchfiles.main - INFO - 1 change detected
2025-10-10 14:38:59,612 - watchfiles.main - INFO - 1 change detected
2025-10-10 14:38:59,962 - watchfiles.main - INFO - 1 change detected
2025-10-10 14:39:00,313 - watchfiles.main - INFO - 1 change detected
2025-10-10 14:39:00,663 - watchfiles.main - INFO - 1 change detected
2025-10-10 14:39:01,013 - watchfiles.main - INFO - 1 change detected
2025-10-10 14:39:01,364 - watchfiles.main - INFO - 1 change detected
2025-10-10 14:39:01,714 - watchfiles.main - INFO - 1 change detected
2025-10-10 14:39:02,065 - watchfiles.main - INFO - 1 change detected
2025-10-10 14:39:02,415 - watchfiles.main - INFO - 1 change detected
2025-10-10 14:39:02,766 - watchfiles.main - INFO - 1 change detected
2025-10-10 14:39:03,116 - watchfiles.main - INFO - 1 change detected
2025-10-10 14:39:03,466 - watchfiles.main - INFO - 1 change detected
2025-10-10 14:39:03,817 - watchfiles.main - INFO - 1 change detected
2025-10-10 14:39:04,167 - watchfiles.main - INFO - 1 change detected
2025-10-10 14:39:04,518 - watchfiles.main - INFO - 1 change detected
2025-10-10 14:39:04,868 - watchfiles.main - INFO - 1 change detected
2025-10-10 14:39:05,219 - watchfiles.main - INFO - 1 change detected
2025-10-10 14:39:05,569 - watchfiles.main - INFO - 1 change detected
2025-10-10 14:39:05,919 - watchfiles.main - INFO - 1 change detected
2025-10-10 14:39:06,270 - watchfiles.main - INFO - 1 change detected
2025-10-10 14:39:06,620 - watchfiles.main - INFO - 1 change detected
2025-10-10 14:39:06,971 - watchfiles.main - INFO - 1 change detected
2025-10-10 14:39:07,321 - watchfiles.main - INFO - 1 change detected
2025-10-10 14:39:07,672 - watchfiles.main - INFO - 1 change detected
2025-10-10 14:39:08,022 - watchfiles.main - INFO - 1 change detected
2025-10-10 14:39:08,372 - watchfiles.main - INFO - 1 change detected
2025-10-10 14:39:08,723 - watchfiles.main - INFO - 1 change detected
2025-10-10 14:39:09,073 - watchfiles.main - INFO - 1 change detected
2025-10-10 14:39:09,424 - watchfiles.main - INFO - 1 change detected
2025-10-10 14:39:09,774 - watchfiles.main - INFO - 1 change detected
2025-10-10 14:39:10,125 - watchfiles.main - INFO - 1 change detected
2025-10-10 14:39:10,475 - watchfiles.main - INFO - 1 change detected
2025-10-10 14:39:10,826 - watchfiles.main - INFO - 1 change detected
2025-10-10 14:39:11,176 - watchfiles.main - INFO - 1 change detected
2025-10-10 14:39:11,526 - watchfiles.main - INFO - 1 change detected
2025-10-10 14:39:11,877 - watchfiles.main - INFO - 1 change detected
2025-10-10 14:39:12,227 - watchfiles.main - INFO - 1 change detected
2025-10-10 14:39:12,578 - watchfiles.main - INFO - 1 change detected
2025-10-10 14:39:12,928 - watchfiles.main - INFO - 1 change detected
2025-10-10 14:39:13,279 - watchfiles.main - INFO - 1 change detected
2025-10-10 14:39:13,629 - watchfiles.main - INFO - 1 change detected
2025-10-10 14:39:13,979 - watchfiles.main - INFO - 1 change detected
2025-10-10 14:39:14,330 - watchfiles.main - INFO - 1 change detected
2025-10-10 14:39:14,680 - watchfiles.main - INFO - 1 change detected
2025-10-10 14:39:15,031 - watchfiles.main - INFO - 1 change detected
2025-10-10 14:39:15,381 - watchfiles.main - INFO - 1 change detected
2025-10-10 14:39:15,732 - watchfiles.main - INFO - 1 change detected
2025-10-10 14:39:16,082 - watchfiles.main - INFO - 1 change detected
2025-10-10 14:39:16,432 - watchfiles.main - INFO - 1 change detected
2025-10-10 14:39:16,783 - watchfiles.main - INFO - 1 change detected
2025-10-10 14:39:17,133 - watchfiles.main - INFO - 1 change detected
2025-10-10 14:39:17,484 - watchfiles.main - INFO - 1 change detected
2025-10-10 14:39:17,834 - watchfiles.main - INFO - 1 change detected
2025-10-10 14:39:18,185 - watchfiles.main - INFO - 1 change detected
2025-10-10 14:39:18,535 - watchfiles.main - INFO - 1 change detected
2025-10-10 14:39:18,885 - watchfiles.main - INFO - 1 change detected
2025-10-10 14:39:19,236 - watchfiles.main - INFO - 1 change detected
2025-10-10 14:39:19,586 - watchfiles.main - INFO - 1 change detected
2025-10-10 14:39:19,937 - watchfiles.main - INFO - 1 change detected
2025-10-10 14:39:20,287 - watchfiles.main - INFO - 1 change detected
2025-10-10 14:39:20,638 - watchfiles.main - INFO - 1 change detected
2025-10-10 14:39:20,988 - watchfiles.main - INFO - 1 change detected
2025-10-10 14:39:21,339 - watchfiles.main - INFO - 1 change detected
2025-10-10 14:39:21,689 - watchfiles.main - INFO - 1 change detected
2025-10-10 14:39:22,039 - watchfiles.main - INFO - 1 change detected
2025-10-10 14:39:22,390 - watchfiles.main - INFO - 1 change detected
2025-10-10 14:39:22,740 - watchfiles.main - INFO - 1 change detected
2025-10-10 14:39:23,091 - watchfiles.main - INFO - 1 change detected
2025-10-10 14:39:23,441 - watchfiles.main - INFO - 1 change detected
2025-10-10 14:39:23,792 - watchfiles.main - INFO - 1 change detected
2025-10-10 14:39:24,142 - watchfiles.main - INFO - 1 change detected
2025-10-10 14:39:24,492 - watchfiles.main - INFO - 1 change detected
2025-10-10 14:39:24,843 - watchfiles.main - INFO - 1 change detected
2025-10-10 14:39:25,193 - watchfiles.main - INFO - 1 change detected
2025-10-10 14:39:25,544 - watchfiles.main - INFO - 1 change detected
2025-10-10 14:39:25,894 - watchfiles.main - INFO - 1 change detected
2025-10-10 14:39:26,245 - watchfiles.main - INFO - 1 change detected
2025-10-10 14:39:26,595 - watchfiles.main - INFO - 1 change detected
2025-10-10 14:39:26,945 - watchfiles.main - INFO - 1 change detected
2025-10-10 14:39:27,296 - watchfiles.main - INFO - 1 change detected
2025-10-10 14:39:27,646 - watchfiles.main - INFO - 1 change detected
2025-10-10 14:39:27,997 - watchfiles.main - INFO - 1 change detected
2025-10-10 14:39:28,347 - watchfiles.main - INFO - 1 change detected
2025-10-10 14:39:28,698 - watchfiles.main - INFO - 1 change detected
2025-10-10 14:39:29,048 - watchfiles.main - INFO - 1 change detected
2025-10-10 14:39:29,398 - watchfiles.main - INFO - 1 change detected
2025-10-10 14:39:29,749 - watchfiles.main - INFO - 1 change detected
2025-10-10 14:39:30,099 - watchfiles.main - INFO - 1 change detected
2025-10-10 14:39:30,450 - watchfiles.main - INFO - 1 change detected
2025-10-10 14:39:30,800 - watchfiles.main - INFO - 1 change detected
2025-10-10 14:39:31,151 - watchfiles.main - INFO - 1 change detected
2025-10-10 14:39:31,501 - watchfiles.main - INFO - 1 change detected
2025-10-10 14:39:31,852 - watchfiles.main - INFO - 1 change detected
2025-10-10 14:39:32,202 - watchfiles.main - INFO - 1 change detected
2025-10-10 14:39:32,552 - watchfiles.main - INFO - 1 change detected
2025-10-10 14:39:32,903 - watchfiles.main - INFO - 1 change detected
2025-10-10 14:39:33,253 - watchfiles.main - INFO - 1 change detected
2025-10-10 14:39:33,604 - watchfiles.main - INFO - 1 change detected
2025-10-10 14:39:33,954 - watchfiles.main - INFO - 1 change detected
2025-10-10 14:39:34,305 - watchfiles.main - INFO - 1 change detected
2025-10-10 14:39:34,655 - watchfiles.main - INFO - 1 change detected
2025-10-10 14:39:35,006 - watchfiles.main - INFO - 1 change detected
2025-10-10 14:39:35,356 - watchfiles.main - INFO - 1 change detected
2025-10-10 14:39:35,706 - watchfiles.main - INFO - 1 change detected
2025-10-10 14:39:36,057 - watchfiles.main - INFO - 1 change detected
2025-10-10 14:39:36,407 - watchfiles.main - INFO - 1 change detected
2025-10-10 14:39:36,758 - watchfiles.main - INFO - 1 change detected
2025-10-10 14:39:37,108 - watchfiles.main - INFO - 1 change detected
2025-10-10 14:39:37,460 - watchfiles.main - INFO - 1 change detected
2025-10-10 14:39:37,810 - watchfiles.main - INFO - 1 change detected
2025-10-10 14:39:38,161 - watchfiles.main - INFO - 1 change detected
2025-10-10 14:39:38,511 - watchfiles.main - INFO - 1 change detected
2025-10-10 14:39:38,862 - watchfiles.main - INFO - 1 change detected
2025-10-10 14:39:39,212 - watchfiles.main - INFO - 1 change detected
2025-10-10 14:39:39,563 - watchfiles.main - INFO - 1 change detected
2025-10-10 14:39:39,913 - watchfiles.main - INFO - 1 change detected
2025-10-10 14:39:40,264 - watchfiles.main - INFO - 1 change detected
2025-10-10 14:39:40,614 - watchfiles.main - INFO - 1 change detected
2025-10-10 14:39:40,964 - watchfiles.main - INFO - 1 change detected
2025-10-10 14:39:41,315 - watchfiles.main - INFO - 1 change detected
2025-10-10 14:39:41,665 - watchfiles.main - INFO - 1 change detected
2025-10-10 14:39:42,016 - watchfiles.main - INFO - 1 change detected
2025-10-10 14:39:42,366 - watchfiles.main - INFO - 1 change detected
2025-10-10 14:39:42,717 - watchfiles.main - INFO - 1 change detected
2025-10-10 14:39:43,067 - watchfiles.main - INFO - 1 change detected
2025-10-10 14:39:43,418 - watchfiles.main - INFO - 1 change detected
2025-10-10 14:39:43,768 - watchfiles.main - INFO - 1 change detected
2025-10-10 14:39:44,119 - watchfiles.main - INFO - 1 change detected
2025-10-10 14:39:44,469 - watchfiles.main - INFO - 1 change detected
2025-10-10 14:39:44,819 - watchfiles.main - INFO - 1 change detected
2025-10-10 14:39:45,170 - watchfiles.main - INFO - 1 change detected
2025-10-10 14:39:45,520 - watchfiles.main - INFO - 1 change detected
2025-10-10 14:39:45,871 - watchfiles.main - INFO - 1 change detected
2025-10-10 14:39:46,221 - watchfiles.main - INFO - 1 change detected
2025-10-10 14:39:46,572 - watchfiles.main - INFO - 1 change detected
2025-10-10 14:39:46,922 - watchfiles.main - INFO - 1 change detected
2025-10-10 14:39:47,272 - watchfiles.main - INFO - 1 change detected
2025-10-10 14:39:47,623 - watchfiles.main - INFO - 1 change detected
2025-10-10 14:39:47,973 - watchfiles.main - INFO - 1 change detected
2025-10-10 14:39:48,324 - watchfiles.main - INFO - 1 change detected
2025-10-10 14:39:48,674 - watchfiles.main - INFO - 1 change detected
2025-10-10 14:39:49,025 - watchfiles.main - INFO - 1 change detected
2025-10-10 14:39:49,375 - watchfiles.main - INFO - 1 change detected
2025-10-10 14:39:49,725 - watchfiles.main - INFO - 1 change detected
2025-10-10 14:39:50,076 - watchfiles.main - INFO - 1 change detected
2025-10-10 14:39:50,426 - watchfiles.main - INFO - 1 change detected
2025-10-10 14:39:50,777 - watchfiles.main - INFO - 1 change detected
2025-10-10 14:39:51,127 - watchfiles.main - INFO - 1 change detected
2025-10-10 14:39:51,478 - watchfiles.main - INFO - 1 change detected
2025-10-10 14:39:51,828 - watchfiles.main - INFO - 1 change detected
2025-10-10 14:39:52,179 - watchfiles.main - INFO - 1 change detected
2025-10-10 14:39:52,529 - watchfiles.main - INFO - 1 change detected
2025-10-10 14:39:52,879 - watchfiles.main - INFO - 1 change detected
2025-10-10 14:39:53,230 - watchfiles.main - INFO - 1 change detected
2025-10-10 14:39:53,580 - watchfiles.main - INFO - 1 change detected
2025-10-10 14:39:53,931 - watchfiles.main - INFO - 1 change detected
2025-10-10 14:39:54,281 - watchfiles.main - INFO - 1 change detected
2025-10-10 14:39:54,632 - watchfiles.main - INFO - 1 change detected
2025-10-10 14:39:54,982 - watchfiles.main - INFO - 1 change detected
2025-10-10 14:39:55,332 - watchfiles.main - INFO - 1 change detected
2025-10-10 14:39:55,683 - watchfiles.main - INFO - 1 change detected
2025-10-10 14:39:56,033 - watchfiles.main - INFO - 1 change detected
2025-10-10 14:39:56,384 - watchfiles.main - INFO - 1 change detected
2025-10-10 14:39:56,734 - watchfiles.main - INFO - 1 change detected
2025-10-10 14:39:57,085 - watchfiles.main - INFO - 1 change detected
2025-10-10 14:39:57,435 - watchfiles.main - INFO - 1 change detected
2025-10-10 14:39:57,786 - watchfiles.main - INFO - 1 change detected
2025-10-10 14:39:58,136 - watchfiles.main - INFO - 1 change detected
2025-10-10 14:39:58,486 - watchfiles.main - INFO - 1 change detected
2025-10-10 14:39:58,837 - watchfiles.main - INFO - 1 change detected
2025-10-10 14:39:59,187 - watchfiles.main - INFO - 1 change detected
2025-10-10 14:39:59,538 - watchfiles.main - INFO - 1 change detected
2025-10-10 14:39:59,888 - watchfiles.main - INFO - 1 change detected
2025-10-10 14:40:00,239 - watchfiles.main - INFO - 1 change detected
2025-10-10 14:40:00,589 - watchfiles.main - INFO - 1 change detected
2025-10-10 14:40:00,940 - watchfiles.main - INFO - 1 change detected
2025-10-10 14:40:01,290 - watchfiles.main - INFO - 1 change detected
2025-10-10 14:40:01,640 - watchfiles.main - INFO - 1 change detected
2025-10-10 14:40:01,991 - watchfiles.main - INFO - 1 change detected
2025-10-10 14:40:02,341 - watchfiles.main - INFO - 1 change detected
2025-10-10 14:40:02,692 - watchfiles.main - INFO - 1 change detected
2025-10-10 14:40:03,042 - watchfiles.main - INFO - 1 change detected
2025-10-10 14:40:03,393 - watchfiles.main - INFO - 1 change detected
2025-10-10 14:40:03,743 - watchfiles.main - INFO - 1 change detected
2025-10-10 14:40:04,093 - watchfiles.main - INFO - 1 change detected
2025-10-10 14:40:04,444 - watchfiles.main - INFO - 1 change detected
2025-10-10 14:40:04,794 - watchfiles.main - INFO - 1 change detected
2025-10-10 14:40:05,145 - watchfiles.main - INFO - 1 change detected
2025-10-10 14:40:05,495 - watchfiles.main - INFO - 1 change detected
2025-10-10 14:40:05,846 - watchfiles.main - INFO - 1 change detected
2025-10-10 14:40:06,196 - watchfiles.main - INFO - 1 change detected
2025-10-10 14:40:06,547 - watchfiles.main - INFO - 1 change detected
2025-10-10 14:40:06,897 - watchfiles.main - INFO - 1 change detected
2025-10-10 14:40:07,247 - watchfiles.main - INFO - 1 change detected
2025-10-10 14:40:07,598 - watchfiles.main - INFO - 1 change detected
2025-10-10 14:40:07,948 - watchfiles.main - INFO - 1 change detected
2025-10-10 14:40:08,299 - watchfiles.main - INFO - 1 change detected
2025-10-10 14:40:08,649 - watchfiles.main - INFO - 1 change detected
2025-10-10 14:40:09,000 - watchfiles.main - INFO - 1 change detected
2025-10-10 14:40:09,350 - watchfiles.main - INFO - 1 change detected
2025-10-10 14:40:09,700 - watchfiles.main - INFO - 1 change detected
2025-10-10 14:40:10,051 - watchfiles.main - INFO - 1 change detected
2025-10-10 14:40:10,401 - watchfiles.main - INFO - 1 change detected
2025-10-10 14:40:10,752 - watchfiles.main - INFO - 1 change detected
2025-10-10 14:40:11,102 - watchfiles.main - INFO - 1 change detected
2025-10-10 14:40:11,453 - watchfiles.main - INFO - 1 change detected
2025-10-10 14:40:11,803 - watchfiles.main - INFO - 1 change detected
2025-10-10 14:40:12,154 - watchfiles.main - INFO - 1 change detected
2025-10-10 14:40:12,504 - watchfiles.main - INFO - 1 change detected
2025-10-10 14:40:12,855 - watchfiles.main - INFO - 1 change detected
2025-10-10 14:40:13,205 - watchfiles.main - INFO - 1 change detected
2025-10-10 14:40:13,555 - watchfiles.main - INFO - 1 change detected
2025-10-10 14:40:13,906 - watchfiles.main - INFO - 1 change detected
2025-10-10 14:40:14,256 - watchfiles.main - INFO - 1 change detected
2025-10-10 14:40:14,607 - watchfiles.main - INFO - 1 change detected
2025-10-10 14:40:14,957 - watchfiles.main - INFO - 1 change detected
2025-10-10 14:40:15,308 - watchfiles.main - INFO - 1 change detected
2025-10-10 14:40:15,658 - watchfiles.main - INFO - 1 change detected
2025-10-10 14:40:16,008 - watchfiles.main - INFO - 1 change detected
2025-10-10 14:40:16,359 - watchfiles.main - INFO - 1 change detected
2025-10-10 14:40:16,709 - watchfiles.main - INFO - 1 change detected
2025-10-10 14:40:17,060 - watchfiles.main - INFO - 1 change detected
2025-10-10 14:40:17,410 - watchfiles.main - INFO - 1 change detected
2025-10-10 14:40:17,761 - watchfiles.main - INFO - 1 change detected
2025-10-10 14:40:18,111 - watchfiles.main - INFO - 1 change detected
2025-10-10 14:40:18,462 - watchfiles.main - INFO - 1 change detected
2025-10-10 14:40:18,812 - watchfiles.main - INFO - 1 change detected
2025-10-10 14:40:19,163 - watchfiles.main - INFO - 1 change detected
2025-10-10 14:40:19,513 - watchfiles.main - INFO - 1 change detected
2025-10-10 14:40:19,863 - watchfiles.main - INFO - 1 change detected
2025-10-10 14:40:20,214 - watchfiles.main - INFO - 1 change detected
2025-10-10 14:40:20,564 - watchfiles.main - INFO - 1 change detected
2025-10-10 14:40:20,915 - watchfiles.main - INFO - 1 change detected
2025-10-10 14:40:21,265 - watchfiles.main - INFO - 1 change detected
2025-10-10 14:40:21,616 - watchfiles.main - INFO - 1 change detected
2025-10-10 14:40:21,966 - watchfiles.main - INFO - 1 change detected
2025-10-10 14:40:22,317 - watchfiles.main - INFO - 1 change detected
2025-10-10 14:40:22,667 - watchfiles.main - INFO - 1 change detected
2025-10-10 14:40:23,017 - watchfiles.main - INFO - 1 change detected
2025-10-10 14:40:23,368 - watchfiles.main - INFO - 1 change detected
2025-10-10 14:40:23,718 - watchfiles.main - INFO - 1 change detected
2025-10-10 14:40:24,069 - watchfiles.main - INFO - 1 change detected
2025-10-10 14:40:24,419 - watchfiles.main - INFO - 1 change detected
2025-10-10 14:40:24,770 - watchfiles.main - INFO - 1 change detected
2025-10-10 14:40:25,120 - watchfiles.main - INFO - 1 change detected
2025-10-10 14:40:25,471 - watchfiles.main - INFO - 1 change detected
2025-10-10 14:40:25,821 - watchfiles.main - INFO - 1 change detected
2025-10-10 14:40:26,171 - watchfiles.main - INFO - 1 change detected
2025-10-10 14:40:26,522 - watchfiles.main - INFO - 1 change detected
2025-10-10 14:40:26,872 - watchfiles.main - INFO - 1 change detected
2025-10-10 14:40:27,223 - watchfiles.main - INFO - 1 change detected
2025-10-10 14:40:27,573 - watchfiles.main - INFO - 1 change detected
2025-10-10 14:40:27,924 - watchfiles.main - INFO - 1 change detected
2025-10-10 14:40:28,274 - watchfiles.main - INFO - 1 change detected
2025-10-10 14:40:28,624 - watchfiles.main - INFO - 1 change detected
2025-10-10 14:40:28,975 - watchfiles.main - INFO - 1 change detected
2025-10-10 14:40:29,325 - watchfiles.main - INFO - 1 change detected
2025-10-10 14:40:29,676 - watchfiles.main - INFO - 1 change detected
2025-10-10 14:40:30,026 - watchfiles.main - INFO - 1 change detected
2025-10-10 14:40:30,377 - watchfiles.main - INFO - 1 change detected
2025-10-10 14:40:30,727 - watchfiles.main - INFO - 1 change detected
2025-10-10 14:40:31,078 - watchfiles.main - INFO - 1 change detected
2025-10-10 14:40:31,428 - watchfiles.main - INFO - 1 change detected
2025-10-10 14:40:31,778 - watchfiles.main - INFO - 1 change detected
2025-10-10 14:40:32,129 - watchfiles.main - INFO - 1 change detected
2025-10-10 14:40:32,479 - watchfiles.main - INFO - 1 change detected
2025-10-10 14:40:32,830 - watchfiles.main - INFO - 1 change detected
2025-10-10 14:40:33,180 - watchfiles.main - INFO - 1 change detected
2025-10-10 14:40:33,531 - watchfiles.main - INFO - 1 change detected
2025-10-10 14:40:33,881 - watchfiles.main - INFO - 1 change detected
2025-10-10 14:40:34,232 - watchfiles.main - INFO - 1 change detected
2025-10-10 14:40:34,582 - watchfiles.main - INFO - 1 change detected
2025-10-10 14:40:34,932 - watchfiles.main - INFO - 1 change detected
2025-10-10 14:40:35,283 - watchfiles.main - INFO - 1 change detected
2025-10-10 14:40:35,633 - watchfiles.main - INFO - 1 change detected
2025-10-10 14:40:35,984 - watchfiles.main - INFO - 1 change detected
2025-10-10 14:40:36,334 - watchfiles.main - INFO - 1 change detected
2025-10-10 14:40:36,685 - watchfiles.main - INFO - 1 change detected
2025-10-10 14:40:37,035 - watchfiles.main - INFO - 1 change detected
2025-10-10 14:40:37,385 - watchfiles.main - INFO - 1 change detected
2025-10-10 14:40:37,736 - watchfiles.main - INFO - 1 change detected
2025-10-10 14:40:38,086 - watchfiles.main - INFO - 1 change detected
2025-10-10 14:40:38,437 - watchfiles.main - INFO - 1 change detected
2025-10-10 14:40:38,787 - watchfiles.main - INFO - 1 change detected
2025-10-10 14:40:39,138 - watchfiles.main - INFO - 1 change detected
2025-10-10 14:40:39,488 - watchfiles.main - INFO - 1 change detected
2025-10-10 14:40:39,839 - watchfiles.main - INFO - 1 change detected
2025-10-10 14:40:40,189 - watchfiles.main - INFO - 1 change detected
2025-10-10 14:40:40,539 - watchfiles.main - INFO - 1 change detected
2025-10-10 14:40:40,890 - watchfiles.main - INFO - 1 change detected
2025-10-10 14:40:41,240 - watchfiles.main - INFO - 1 change detected
2025-10-10 14:40:41,591 - watchfiles.main - INFO - 1 change detected
2025-10-10 14:40:41,941 - watchfiles.main - INFO - 1 change detected
2025-10-10 14:40:42,292 - watchfiles.main - INFO - 1 change detected
2025-10-10 14:40:42,642 - watchfiles.main - INFO - 1 change detected
2025-10-10 14:40:42,992 - watchfiles.main - INFO - 1 change detected
2025-10-10 14:40:43,343 - watchfiles.main - INFO - 1 change detected
2025-10-10 14:40:43,693 - watchfiles.main - INFO - 1 change detected
2025-10-10 14:40:44,044 - watchfiles.main - INFO - 1 change detected
2025-10-10 14:40:44,394 - watchfiles.main - INFO - 1 change detected
2025-10-10 14:40:44,745 - watchfiles.main - INFO - 1 change detected
2025-10-10 14:40:45,095 - watchfiles.main - INFO - 1 change detected
2025-10-10 14:40:45,445 - watchfiles.main - INFO - 1 change detected
2025-10-10 14:40:45,796 - watchfiles.main - INFO - 1 change detected
2025-10-10 14:40:46,146 - watchfiles.main - INFO - 1 change detected
2025-10-10 14:40:46,497 - watchfiles.main - INFO - 1 change detected
2025-10-10 14:40:46,847 - watchfiles.main - INFO - 1 change detected
2025-10-10 14:40:47,198 - watchfiles.main - INFO - 1 change detected
2025-10-10 14:40:47,548 - watchfiles.main - INFO - 1 change detected
2025-10-10 14:40:47,898 - watchfiles.main - INFO - 1 change detected
2025-10-10 14:40:48,249 - watchfiles.main - INFO - 1 change detected
2025-10-10 14:40:48,599 - watchfiles.main - INFO - 1 change detected
2025-10-10 14:40:48,950 - watchfiles.main - INFO - 1 change detected
2025-10-10 14:40:49,300 - watchfiles.main - INFO - 1 change detected
2025-10-10 14:40:49,651 - watchfiles.main - INFO - 1 change detected
2025-10-10 14:40:50,002 - watchfiles.main - INFO - 1 change detected
2025-10-10 14:40:50,352 - watchfiles.main - INFO - 1 change detected
2025-10-10 14:40:50,702 - watchfiles.main - INFO - 1 change detected
2025-10-10 14:40:51,053 - watchfiles.main - INFO - 1 change detected
2025-10-10 14:40:51,403 - watchfiles.main - INFO - 1 change detected
2025-10-10 14:40:51,754 - watchfiles.main - INFO - 1 change detected
2025-10-10 14:40:52,104 - watchfiles.main - INFO - 1 change detected
2025-10-10 14:40:52,455 - watchfiles.main - INFO - 1 change detected
2025-10-10 14:40:52,805 - watchfiles.main - INFO - 1 change detected
2025-10-10 14:40:53,155 - watchfiles.main - INFO - 1 change detected
2025-10-10 14:40:53,506 - watchfiles.main - INFO - 1 change detected
2025-10-10 14:40:53,856 - watchfiles.main - INFO - 1 change detected
2025-10-10 14:40:54,207 - watchfiles.main - INFO - 1 change detected
2025-10-10 14:40:54,557 - watchfiles.main - INFO - 1 change detected
2025-10-10 14:40:54,908 - watchfiles.main - INFO - 1 change detected
2025-10-10 14:40:55,258 - watchfiles.main - INFO - 1 change detected
2025-10-10 14:40:55,608 - watchfiles.main - INFO - 1 change detected
2025-10-10 14:40:55,959 - watchfiles.main - INFO - 1 change detected
2025-10-10 14:40:56,309 - watchfiles.main - INFO - 1 change detected
2025-10-10 14:40:56,660 - watchfiles.main - INFO - 1 change detected
2025-10-10 14:40:57,010 - watchfiles.main - INFO - 1 change detected
2025-10-10 14:40:57,361 - watchfiles.main - INFO - 1 change detected
2025-10-10 14:40:57,711 - watchfiles.main - INFO - 1 change detected
2025-10-10 14:40:58,062 - watchfiles.main - INFO - 1 change detected
2025-10-10 14:40:58,412 - watchfiles.main - INFO - 1 change detected
2025-10-10 14:40:58,762 - watchfiles.main - INFO - 1 change detected
2025-10-10 14:40:59,113 - watchfiles.main - INFO - 1 change detected
2025-10-10 14:40:59,463 - watchfiles.main - INFO - 1 change detected
2025-10-10 14:40:59,814 - watchfiles.main - INFO - 1 change detected
2025-10-10 14:41:00,164 - watchfiles.main - INFO - 1 change detected
2025-10-10 14:41:00,515 - watchfiles.main - INFO - 1 change detected
2025-10-10 14:41:00,865 - watchfiles.main - INFO - 1 change detected
2025-10-10 14:41:01,216 - watchfiles.main - INFO - 1 change detected
2025-10-10 14:41:01,566 - watchfiles.main - INFO - 1 change detected
2025-10-10 14:41:01,916 - watchfiles.main - INFO - 1 change detected
2025-10-10 14:41:02,267 - watchfiles.main - INFO - 1 change detected
2025-10-10 14:41:02,617 - watchfiles.main - INFO - 1 change detected
2025-10-10 14:41:02,968 - watchfiles.main - INFO - 1 change detected
2025-10-10 14:41:03,318 - watchfiles.main - INFO - 1 change detected
2025-10-10 14:41:03,669 - watchfiles.main - INFO - 1 change detected
2025-10-10 14:41:04,019 - watchfiles.main - INFO - 1 change detected
2025-10-10 14:41:04,370 - watchfiles.main - INFO - 1 change detected
2025-10-10 14:41:04,720 - watchfiles.main - INFO - 1 change detected
2025-10-10 14:41:05,070 - watchfiles.main - INFO - 1 change detected
2025-10-10 14:41:05,421 - watchfiles.main - INFO - 1 change detected
2025-10-10 14:41:05,771 - watchfiles.main - INFO - 1 change detected
2025-10-10 14:41:06,122 - watchfiles.main - INFO - 1 change detected
2025-10-10 14:41:06,472 - watchfiles.main - INFO - 1 change detected
2025-10-10 14:41:06,823 - watchfiles.main - INFO - 1 change detected
2025-10-10 14:41:07,173 - watchfiles.main - INFO - 1 change detected
2025-10-10 14:41:07,523 - watchfiles.main - INFO - 1 change detected
2025-10-10 14:41:07,874 - watchfiles.main - INFO - 1 change detected
2025-10-10 14:41:08,224 - watchfiles.main - INFO - 1 change detected
2025-10-10 14:41:08,575 - watchfiles.main - INFO - 1 change detected
2025-10-10 14:41:08,925 - watchfiles.main - INFO - 1 change detected
2025-10-10 14:41:09,276 - watchfiles.main - INFO - 1 change detected
2025-10-10 14:41:09,626 - watchfiles.main - INFO - 1 change detected
2025-10-10 14:41:09,976 - watchfiles.main - INFO - 1 change detected
2025-10-10 14:41:10,327 - watchfiles.main - INFO - 1 change detected
2025-10-10 14:41:10,677 - watchfiles.main - INFO - 1 change detected
2025-10-10 14:41:11,028 - watchfiles.main - INFO - 1 change detected
2025-10-10 14:41:11,378 - watchfiles.main - INFO - 1 change detected
2025-10-10 14:41:11,729 - watchfiles.main - INFO - 1 change detected
2025-10-10 14:41:12,079 - watchfiles.main - INFO - 1 change detected
2025-10-10 14:41:12,430 - watchfiles.main - INFO - 1 change detected
2025-10-10 14:41:12,780 - watchfiles.main - INFO - 1 change detected
2025-10-10 14:41:13,130 - watchfiles.main - INFO - 1 change detected
2025-10-10 14:41:13,481 - watchfiles.main - INFO - 1 change detected
2025-10-10 14:41:13,831 - watchfiles.main - INFO - 1 change detected
2025-10-10 14:41:14,182 - watchfiles.main - INFO - 1 change detected
2025-10-10 14:41:14,532 - watchfiles.main - INFO - 1 change detected
2025-10-10 14:41:14,882 - watchfiles.main - INFO - 1 change detected
2025-10-10 14:41:15,233 - watchfiles.main - INFO - 1 change detected
2025-10-10 14:41:15,583 - watchfiles.main - INFO - 1 change detected
2025-10-10 14:41:15,934 - watchfiles.main - INFO - 1 change detected
2025-10-10 14:41:16,284 - watchfiles.main - INFO - 1 change detected
2025-10-10 14:41:16,635 - watchfiles.main - INFO - 1 change detected
2025-10-10 14:41:16,985 - watchfiles.main - INFO - 1 change detected
2025-10-10 14:41:17,335 - watchfiles.main - INFO - 1 change detected
2025-10-10 14:41:17,686 - watchfiles.main - INFO - 1 change detected
2025-10-10 14:41:18,036 - watchfiles.main - INFO - 1 change detected
2025-10-10 14:41:18,662 - watchfiles.main - INFO - 1 change detected
2025-10-10 14:41:19,013 - watchfiles.main - INFO - 1 change detected
2025-10-10 14:41:19,363 - watchfiles.main - INFO - 1 change detected
2025-10-10 14:41:19,714 - watchfiles.main - INFO - 1 change detected
2025-10-10 14:41:20,064 - watchfiles.main - INFO - 1 change detected
2025-10-10 14:41:20,414 - watchfiles.main - INFO - 1 change detected
2025-10-10 14:41:20,765 - watchfiles.main - INFO - 1 change detected
2025-10-10 14:41:21,115 - watchfiles.main - INFO - 1 change detected
2025-10-10 14:41:21,466 - watchfiles.main - INFO - 1 change detected
2025-10-10 14:41:21,816 - watchfiles.main - INFO - 1 change detected
2025-10-10 14:41:22,167 - watchfiles.main - INFO - 1 change detected
2025-10-10 14:41:22,517 - watchfiles.main - INFO - 1 change detected
2025-10-10 14:41:22,868 - watchfiles.main - INFO - 1 change detected
2025-10-10 14:41:23,218 - watchfiles.main - INFO - 1 change detected
2025-10-10 14:41:23,569 - watchfiles.main - INFO - 1 change detected
2025-10-10 14:41:23,919 - watchfiles.main - INFO - 1 change detected
2025-10-10 14:41:24,269 - watchfiles.main - INFO - 1 change detected
2025-10-10 14:41:24,620 - watchfiles.main - INFO - 1 change detected
2025-10-10 14:41:24,970 - watchfiles.main - INFO - 1 change detected
2025-10-10 14:41:25,321 - watchfiles.main - INFO - 1 change detected
2025-10-10 14:41:25,671 - watchfiles.main - INFO - 1 change detected
2025-10-10 14:41:26,022 - watchfiles.main - INFO - 1 change detected
2025-10-10 14:41:26,372 - watchfiles.main - INFO - 1 change detected
2025-10-10 14:41:26,723 - watchfiles.main - INFO - 1 change detected
2025-10-10 14:41:27,073 - watchfiles.main - INFO - 1 change detected
2025-10-10 14:41:27,423 - watchfiles.main - INFO - 1 change detected
2025-10-10 14:41:27,774 - watchfiles.main - INFO - 1 change detected
2025-10-10 14:41:28,124 - watchfiles.main - INFO - 1 change detected
2025-10-10 14:41:28,475 - watchfiles.main - INFO - 1 change detected
2025-10-10 14:41:28,825 - watchfiles.main - INFO - 1 change detected
2025-10-10 14:41:29,176 - watchfiles.main - INFO - 1 change detected
2025-10-10 14:41:29,526 - watchfiles.main - INFO - 1 change detected
2025-10-10 14:41:29,877 - watchfiles.main - INFO - 1 change detected
2025-10-10 14:41:30,227 - watchfiles.main - INFO - 1 change detected
2025-10-10 14:41:30,577 - watchfiles.main - INFO - 1 change detected
2025-10-10 14:41:30,928 - watchfiles.main - INFO - 1 change detected
2025-10-10 14:41:31,278 - watchfiles.main - INFO - 1 change detected
2025-10-10 14:41:31,629 - watchfiles.main - INFO - 1 change detected
2025-10-10 14:41:31,979 - watchfiles.main - INFO - 1 change detected
2025-10-10 14:41:32,330 - watchfiles.main - INFO - 1 change detected
2025-10-10 14:41:32,680 - watchfiles.main - INFO - 1 change detected
2025-10-10 14:41:33,030 - watchfiles.main - INFO - 1 change detected
2025-10-10 14:41:33,381 - watchfiles.main - INFO - 1 change detected
2025-10-10 14:41:33,732 - watchfiles.main - INFO - 1 change detected
2025-10-10 14:41:34,082 - watchfiles.main - INFO - 1 change detected
2025-10-10 14:41:34,432 - watchfiles.main - INFO - 1 change detected
2025-10-10 14:41:34,783 - watchfiles.main - INFO - 1 change detected
2025-10-10 14:41:35,133 - watchfiles.main - INFO - 1 change detected
2025-10-10 14:41:35,484 - watchfiles.main - INFO - 1 change detected
2025-10-10 14:41:35,834 - watchfiles.main - INFO - 1 change detected
2025-10-10 14:41:36,185 - watchfiles.main - INFO - 1 change detected
2025-10-10 14:41:36,535 - watchfiles.main - INFO - 1 change detected
2025-10-10 14:41:36,886 - watchfiles.main - INFO - 1 change detected
2025-10-10 14:41:37,236 - watchfiles.main - INFO - 1 change detected
2025-10-10 14:41:37,586 - watchfiles.main - INFO - 1 change detected
2025-10-10 14:41:37,937 - watchfiles.main - INFO - 1 change detected
2025-10-10 14:41:38,287 - watchfiles.main - INFO - 1 change detected
2025-10-10 14:41:38,638 - watchfiles.main - INFO - 1 change detected
2025-10-10 14:41:38,988 - watchfiles.main - INFO - 1 change detected
2025-10-10 14:41:39,339 - watchfiles.main - INFO - 1 change detected
2025-10-10 14:41:39,689 - watchfiles.main - INFO - 1 change detected
2025-10-10 14:41:40,040 - watchfiles.main - INFO - 1 change detected
2025-10-10 14:41:40,390 - watchfiles.main - INFO - 1 change detected
2025-10-10 14:41:40,741 - watchfiles.main - INFO - 1 change detected
2025-10-10 14:41:41,091 - watchfiles.main - INFO - 1 change detected
2025-10-10 14:41:41,441 - watchfiles.main - INFO - 1 change detected
2025-10-10 14:41:41,792 - watchfiles.main - INFO - 1 change detected
2025-10-10 14:41:42,142 - watchfiles.main - INFO - 1 change detected
2025-10-10 14:41:42,493 - watchfiles.main - INFO - 1 change detected
2025-10-10 14:41:42,843 - watchfiles.main - INFO - 1 change detected
2025-10-10 14:41:43,194 - watchfiles.main - INFO - 1 change detected
2025-10-10 14:41:43,544 - watchfiles.main - INFO - 1 change detected
2025-10-10 14:41:43,895 - watchfiles.main - INFO - 1 change detected
2025-10-10 14:41:44,245 - watchfiles.main - INFO - 1 change detected
2025-10-10 14:41:44,596 - watchfiles.main - INFO - 1 change detected
2025-10-10 14:41:44,946 - watchfiles.main - INFO - 1 change detected
2025-10-10 14:41:45,296 - watchfiles.main - INFO - 1 change detected
2025-10-10 14:41:45,647 - watchfiles.main - INFO - 1 change detected
2025-10-10 14:41:45,997 - watchfiles.main - INFO - 1 change detected
2025-10-10 14:41:46,348 - watchfiles.main - INFO - 1 change detected
2025-10-10 14:41:46,698 - watchfiles.main - INFO - 1 change detected
2025-10-10 14:41:47,049 - watchfiles.main - INFO - 1 change detected
2025-10-10 14:41:47,399 - watchfiles.main - INFO - 1 change detected
2025-10-10 14:41:47,749 - watchfiles.main - INFO - 1 change detected
2025-10-10 14:41:48,103 - watchfiles.main - INFO - 1 change detected
2025-10-10 14:41:48,454 - watchfiles.main - INFO - 1 change detected
2025-10-10 14:41:48,804 - watchfiles.main - INFO - 1 change detected
2025-10-10 14:41:49,155 - watchfiles.main - INFO - 1 change detected
2025-10-10 14:41:49,505 - watchfiles.main - INFO - 1 change detected
2025-10-10 14:41:49,856 - watchfiles.main - INFO - 1 change detected
2025-10-10 14:41:50,206 - watchfiles.main - INFO - 1 change detected
2025-10-10 14:41:50,557 - watchfiles.main - INFO - 1 change detected
2025-10-10 14:41:50,907 - watchfiles.main - INFO - 1 change detected
2025-10-10 14:41:51,373 - watchfiles.main - INFO - 1 change detected
2025-10-10 14:41:51,723 - watchfiles.main - INFO - 1 change detected
2025-10-10 14:41:52,073 - watchfiles.main - INFO - 1 change detected
2025-10-10 14:41:52,424 - watchfiles.main - INFO - 1 change detected
2025-10-10 14:41:52,774 - watchfiles.main - INFO - 1 change detected
2025-10-10 14:41:53,125 - watchfiles.main - INFO - 1 change detected
2025-10-10 14:41:53,475 - watchfiles.main - INFO - 1 change detected
2025-10-10 14:41:53,826 - watchfiles.main - INFO - 1 change detected
2025-10-10 14:41:54,176 - watchfiles.main - INFO - 1 change detected
2025-10-10 14:41:54,526 - watchfiles.main - INFO - 1 change detected
2025-10-10 14:41:54,877 - watchfiles.main - INFO - 1 change detected
2025-10-10 14:41:55,227 - watchfiles.main - INFO - 1 change detected
2025-10-10 14:41:55,578 - watchfiles.main - INFO - 1 change detected
2025-10-10 14:41:55,928 - watchfiles.main - INFO - 1 change detected
2025-10-10 14:41:56,279 - watchfiles.main - INFO - 1 change detected
2025-10-10 14:41:56,629 - watchfiles.main - INFO - 1 change detected
2025-10-10 14:41:56,980 - watchfiles.main - INFO - 1 change detected
2025-10-10 14:41:57,330 - watchfiles.main - INFO - 1 change detected
2025-10-10 14:41:57,680 - watchfiles.main - INFO - 1 change detected
2025-10-10 14:41:58,031 - watchfiles.main - INFO - 1 change detected
2025-10-10 14:41:58,381 - watchfiles.main - INFO - 1 change detected
2025-10-10 14:41:58,732 - watchfiles.main - INFO - 1 change detected
2025-10-10 14:41:59,082 - watchfiles.main - INFO - 1 change detected
2025-10-10 14:41:59,433 - watchfiles.main - INFO - 1 change detected
2025-10-10 14:41:59,783 - watchfiles.main - INFO - 1 change detected
2025-10-10 14:42:00,134 - watchfiles.main - INFO - 1 change detected
2025-10-10 14:42:00,484 - watchfiles.main - INFO - 1 change detected
2025-10-10 14:42:00,835 - watchfiles.main - INFO - 1 change detected
2025-10-10 14:42:01,185 - watchfiles.main - INFO - 1 change detected
2025-10-10 14:42:01,536 - watchfiles.main - INFO - 1 change detected
2025-10-10 14:42:01,886 - watchfiles.main - INFO - 1 change detected
2025-10-10 14:42:02,237 - watchfiles.main - INFO - 1 change detected
2025-10-10 14:42:02,587 - watchfiles.main - INFO - 1 change detected
2025-10-10 14:42:02,937 - watchfiles.main - INFO - 1 change detected
2025-10-10 14:42:03,288 - watchfiles.main - INFO - 1 change detected
2025-10-10 14:42:03,638 - watchfiles.main - INFO - 1 change detected
2025-10-10 14:42:03,989 - watchfiles.main - INFO - 1 change detected
2025-10-10 14:42:04,339 - watchfiles.main - INFO - 1 change detected
2025-10-10 14:42:04,690 - watchfiles.main - INFO - 1 change detected
2025-10-10 14:42:05,040 - watchfiles.main - INFO - 1 change detected
2025-10-10 14:42:05,391 - watchfiles.main - INFO - 1 change detected
2025-10-10 14:42:05,741 - watchfiles.main - INFO - 1 change detected
2025-10-10 14:42:06,092 - watchfiles.main - INFO - 1 change detected
2025-10-10 14:42:06,510 - watchfiles.main - INFO - 1 change detected
2025-10-10 14:42:06,861 - watchfiles.main - INFO - 1 change detected
2025-10-10 14:42:07,211 - watchfiles.main - INFO - 1 change detected
2025-10-10 14:42:07,562 - watchfiles.main - INFO - 1 change detected
2025-10-10 14:42:07,912 - watchfiles.main - INFO - 1 change detected
2025-10-10 14:42:08,263 - watchfiles.main - INFO - 1 change detected
2025-10-10 14:42:08,613 - watchfiles.main - INFO - 1 change detected
2025-10-10 14:42:08,964 - watchfiles.main - INFO - 1 change detected
2025-10-10 14:42:09,314 - watchfiles.main - INFO - 1 change detected
2025-10-10 14:42:09,665 - watchfiles.main - INFO - 1 change detected
2025-10-10 14:42:10,015 - watchfiles.main - INFO - 1 change detected
2025-10-10 14:42:10,365 - watchfiles.main - INFO - 1 change detected
2025-10-10 14:42:10,716 - watchfiles.main - INFO - 1 change detected
2025-10-10 14:42:11,066 - watchfiles.main - INFO - 1 change detected
2025-10-10 14:42:11,417 - watchfiles.main - INFO - 1 change detected
2025-10-10 14:42:11,767 - watchfiles.main - INFO - 1 change detected
2025-10-10 14:42:12,118 - watchfiles.main - INFO - 1 change detected
2025-10-10 14:42:12,468 - watchfiles.main - INFO - 1 change detected
2025-10-10 14:42:12,819 - watchfiles.main - INFO - 1 change detected
2025-10-10 14:42:13,169 - watchfiles.main - INFO - 1 change detected
2025-10-10 14:42:13,520 - watchfiles.main - INFO - 1 change detected
2025-10-10 14:42:13,870 - watchfiles.main - INFO - 1 change detected
2025-10-10 14:42:14,221 - watchfiles.main - INFO - 1 change detected
2025-10-10 14:42:14,571 - watchfiles.main - INFO - 1 change detected
2025-10-10 14:42:14,922 - watchfiles.main - INFO - 1 change detected
2025-10-10 14:42:15,272 - watchfiles.main - INFO - 1 change detected
2025-10-10 14:42:15,623 - watchfiles.main - INFO - 1 change detected
2025-10-10 14:42:15,973 - watchfiles.main - INFO - 1 change detected
2025-10-10 14:42:16,323 - watchfiles.main - INFO - 1 change detected
2025-10-10 14:42:16,674 - watchfiles.main - INFO - 1 change detected
2025-10-10 14:42:17,024 - watchfiles.main - INFO - 1 change detected
2025-10-10 14:42:17,375 - watchfiles.main - INFO - 1 change detected
2025-10-10 14:42:17,725 - watchfiles.main - INFO - 1 change detected
2025-10-10 14:42:18,076 - watchfiles.main - INFO - 1 change detected
2025-10-10 14:42:18,426 - watchfiles.main - INFO - 1 change detected
2025-10-10 14:42:18,777 - watchfiles.main - INFO - 1 change detected
2025-10-10 14:42:19,127 - watchfiles.main - INFO - 1 change detected
2025-10-10 14:42:19,478 - watchfiles.main - INFO - 1 change detected
2025-10-10 14:42:19,828 - watchfiles.main - INFO - 1 change detected
2025-10-10 14:42:20,178 - watchfiles.main - INFO - 1 change detected
2025-10-10 14:42:20,529 - watchfiles.main - INFO - 1 change detected
2025-10-10 14:42:20,879 - watchfiles.main - INFO - 1 change detected
2025-10-10 14:42:21,230 - watchfiles.main - INFO - 1 change detected
2025-10-10 14:42:21,580 - watchfiles.main - INFO - 1 change detected
2025-10-10 14:42:21,931 - watchfiles.main - INFO - 1 change detected
2025-10-10 14:42:22,281 - watchfiles.main - INFO - 1 change detected
2025-10-10 14:42:22,632 - watchfiles.main - INFO - 1 change detected
2025-10-10 14:42:22,982 - watchfiles.main - INFO - 1 change detected
2025-10-10 14:42:23,333 - watchfiles.main - INFO - 1 change detected
2025-10-10 14:42:23,683 - watchfiles.main - INFO - 1 change detected
2025-10-10 14:42:24,033 - watchfiles.main - INFO - 1 change detected
2025-10-10 14:42:24,384 - watchfiles.main - INFO - 1 change detected
2025-10-10 14:42:24,734 - watchfiles.main - INFO - 1 change detected
2025-10-10 14:42:25,085 - watchfiles.main - INFO - 1 change detected
2025-10-10 14:42:25,435 - watchfiles.main - INFO - 1 change detected
2025-10-10 14:42:25,786 - watchfiles.main - INFO - 1 change detected
2025-10-10 14:42:26,136 - watchfiles.main - INFO - 1 change detected
2025-10-10 14:42:26,487 - watchfiles.main - INFO - 1 change detected
2025-10-10 14:42:26,837 - watchfiles.main - INFO - 1 change detected
2025-10-10 14:42:27,187 - watchfiles.main - INFO - 1 change detected
2025-10-10 14:42:27,538 - watchfiles.main - INFO - 1 change detected
2025-10-10 14:42:27,888 - watchfiles.main - INFO - 1 change detected
2025-10-10 14:42:28,239 - watchfiles.main - INFO - 1 change detected
2025-10-10 14:42:28,589 - watchfiles.main - INFO - 1 change detected
2025-10-10 14:42:28,940 - watchfiles.main - INFO - 1 change detected
2025-10-10 14:42:29,290 - watchfiles.main - INFO - 1 change detected
2025-10-10 14:42:29,640 - watchfiles.main - INFO - 1 change detected
2025-10-10 14:42:29,991 - watchfiles.main - INFO - 1 change detected
2025-10-10 14:42:30,341 - watchfiles.main - INFO - 1 change detected
2025-10-10 14:42:30,692 - watchfiles.main - INFO - 1 change detected
2025-10-10 14:42:31,042 - watchfiles.main - INFO - 1 change detected
2025-10-10 14:42:31,393 - watchfiles.main - INFO - 1 change detected
2025-10-10 14:42:31,743 - watchfiles.main - INFO - 1 change detected
2025-10-10 14:42:32,094 - watchfiles.main - INFO - 1 change detected
2025-10-10 14:42:32,444 - watchfiles.main - INFO - 1 change detected
2025-10-10 14:42:32,794 - watchfiles.main - INFO - 1 change detected
2025-10-10 14:42:33,145 - watchfiles.main - INFO - 1 change detected
2025-10-10 14:42:33,495 - watchfiles.main - INFO - 1 change detected
2025-10-10 14:42:33,846 - watchfiles.main - INFO - 1 change detected
2025-10-10 14:42:34,196 - watchfiles.main - INFO - 1 change detected
2025-10-10 14:42:34,547 - watchfiles.main - INFO - 1 change detected
2025-10-10 14:42:34,897 - watchfiles.main - INFO - 1 change detected
2025-10-10 14:42:35,248 - watchfiles.main - INFO - 1 change detected
2025-10-10 14:42:35,598 - watchfiles.main - INFO - 1 change detected
2025-10-10 14:42:35,948 - watchfiles.main - INFO - 1 change detected
2025-10-10 14:42:36,299 - watchfiles.main - INFO - 1 change detected
2025-10-10 14:42:36,649 - watchfiles.main - INFO - 1 change detected
2025-10-10 14:42:37,000 - watchfiles.main - INFO - 1 change detected
2025-10-10 14:42:37,350 - watchfiles.main - INFO - 1 change detected
2025-10-10 14:42:37,701 - watchfiles.main - INFO - 1 change detected
2025-10-10 14:42:38,052 - watchfiles.main - INFO - 1 change detected
2025-10-10 14:42:38,402 - watchfiles.main - INFO - 1 change detected
2025-10-10 14:42:38,753 - watchfiles.main - INFO - 1 change detected
2025-10-10 14:42:39,103 - watchfiles.main - INFO - 1 change detected
2025-10-10 14:42:39,454 - watchfiles.main - INFO - 1 change detected
2025-10-10 14:42:39,804 - watchfiles.main - INFO - 1 change detected
2025-10-10 14:42:40,156 - watchfiles.main - INFO - 1 change detected
2025-10-10 14:42:40,506 - watchfiles.main - INFO - 1 change detected
2025-10-10 14:42:40,857 - watchfiles.main - INFO - 1 change detected
2025-10-10 14:42:41,207 - watchfiles.main - INFO - 1 change detected
2025-10-10 14:42:41,557 - watchfiles.main - INFO - 1 change detected
2025-10-10 14:42:41,908 - watchfiles.main - INFO - 1 change detected
2025-10-10 14:42:42,258 - watchfiles.main - INFO - 1 change detected
2025-10-10 14:42:42,609 - watchfiles.main - INFO - 1 change detected
2025-10-10 14:42:42,959 - watchfiles.main - INFO - 1 change detected
2025-10-10 14:42:43,310 - watchfiles.main - INFO - 1 change detected
2025-10-10 14:42:43,660 - watchfiles.main - INFO - 1 change detected
2025-10-10 14:42:44,011 - watchfiles.main - INFO - 1 change detected
2025-10-10 14:42:44,361 - watchfiles.main - INFO - 1 change detected
2025-10-10 14:42:44,711 - watchfiles.main - INFO - 1 change detected
2025-10-10 14:42:45,062 - watchfiles.main - INFO - 1 change detected
2025-10-10 14:42:45,412 - watchfiles.main - INFO - 1 change detected
2025-10-10 14:42:45,763 - watchfiles.main - INFO - 1 change detected
2025-10-10 14:42:46,113 - watchfiles.main - INFO - 1 change detected
2025-10-10 14:42:46,464 - watchfiles.main - INFO - 1 change detected
2025-10-10 14:42:46,814 - watchfiles.main - INFO - 1 change detected
2025-10-10 14:42:47,164 - watchfiles.main - INFO - 1 change detected
2025-10-10 14:42:47,515 - watchfiles.main - INFO - 1 change detected
2025-10-10 14:42:47,865 - watchfiles.main - INFO - 1 change detected
2025-10-10 14:42:48,216 - watchfiles.main - INFO - 1 change detected
2025-10-10 14:42:48,566 - watchfiles.main - INFO - 1 change detected
2025-10-10 14:42:48,917 - watchfiles.main - INFO - 1 change detected
2025-10-10 14:42:49,267 - watchfiles.main - INFO - 1 change detected
2025-10-10 14:42:49,618 - watchfiles.main - INFO - 1 change detected
2025-10-10 14:42:49,968 - watchfiles.main - INFO - 1 change detected
2025-10-10 14:42:50,318 - watchfiles.main - INFO - 1 change detected
2025-10-10 14:42:50,669 - watchfiles.main - INFO - 1 change detected
2025-10-10 14:42:51,019 - watchfiles.main - INFO - 1 change detected
2025-10-10 14:42:51,370 - watchfiles.main - INFO - 1 change detected
2025-10-10 14:42:51,720 - watchfiles.main - INFO - 1 change detected
2025-10-10 14:42:52,071 - watchfiles.main - INFO - 1 change detected
2025-10-10 14:42:52,421 - watchfiles.main - INFO - 1 change detected
2025-10-10 14:42:52,772 - watchfiles.main - INFO - 1 change detected
2025-10-10 14:42:53,122 - watchfiles.main - INFO - 1 change detected
2025-10-10 14:42:53,472 - watchfiles.main - INFO - 1 change detected
2025-10-10 14:42:53,823 - watchfiles.main - INFO - 1 change detected
2025-10-10 14:42:54,173 - watchfiles.main - INFO - 1 change detected
2025-10-10 14:42:54,524 - watchfiles.main - INFO - 1 change detected
2025-10-10 14:42:54,874 - watchfiles.main - INFO - 1 change detected
2025-10-10 14:42:55,225 - watchfiles.main - INFO - 1 change detected
2025-10-10 14:42:55,575 - watchfiles.main - INFO - 1 change detected
2025-10-10 14:42:55,925 - watchfiles.main - INFO - 1 change detected
2025-10-10 14:42:56,276 - watchfiles.main - INFO - 1 change detected
2025-10-10 14:42:56,626 - watchfiles.main - INFO - 1 change detected
2025-10-10 14:42:56,977 - watchfiles.main - INFO - 1 change detected
2025-10-10 14:42:57,327 - watchfiles.main - INFO - 1 change detected
2025-10-10 14:42:57,678 - watchfiles.main - INFO - 1 change detected
2025-10-10 14:42:58,028 - watchfiles.main - INFO - 1 change detected
2025-10-10 14:42:58,378 - watchfiles.main - INFO - 1 change detected
2025-10-10 14:42:58,729 - watchfiles.main - INFO - 1 change detected
2025-10-10 14:42:59,079 - watchfiles.main - INFO - 1 change detected
2025-10-10 14:42:59,430 - watchfiles.main - INFO - 1 change detected
2025-10-10 14:42:59,780 - watchfiles.main - INFO - 1 change detected
2025-10-10 14:43:00,131 - watchfiles.main - INFO - 1 change detected
2025-10-10 14:43:00,481 - watchfiles.main - INFO - 1 change detected
2025-10-10 14:43:00,832 - watchfiles.main - INFO - 1 change detected
2025-10-10 14:43:01,182 - watchfiles.main - INFO - 1 change detected
2025-10-10 14:43:01,532 - watchfiles.main - INFO - 1 change detected
2025-10-10 14:43:01,883 - watchfiles.main - INFO - 1 change detected
2025-10-10 14:43:02,233 - watchfiles.main - INFO - 1 change detected
2025-10-10 14:43:02,584 - watchfiles.main - INFO - 1 change detected
2025-10-10 14:43:02,934 - watchfiles.main - INFO - 1 change detected
2025-10-10 14:43:03,285 - watchfiles.main - INFO - 1 change detected
2025-10-10 14:43:03,635 - watchfiles.main - INFO - 1 change detected
2025-10-10 14:43:03,985 - watchfiles.main - INFO - 1 change detected
2025-10-10 14:43:04,336 - watchfiles.main - INFO - 1 change detected
2025-10-10 14:43:04,686 - watchfiles.main - INFO - 1 change detected
2025-10-10 14:43:05,037 - watchfiles.main - INFO - 1 change detected
2025-10-10 14:43:05,387 - watchfiles.main - INFO - 1 change detected
2025-10-10 14:43:05,738 - watchfiles.main - INFO - 1 change detected
2025-10-10 14:43:06,088 - watchfiles.main - INFO - 1 change detected
2025-10-10 14:43:06,439 - watchfiles.main - INFO - 1 change detected
2025-10-10 14:43:06,789 - watchfiles.main - INFO - 1 change detected
2025-10-10 14:43:07,139 - watchfiles.main - INFO - 1 change detected
2025-10-10 14:43:07,490 - watchfiles.main - INFO - 1 change detected
2025-10-10 14:43:07,840 - watchfiles.main - INFO - 1 change detected
2025-10-10 14:43:08,191 - watchfiles.main - INFO - 1 change detected
2025-10-10 14:43:08,541 - watchfiles.main - INFO - 1 change detected
2025-10-10 14:43:08,892 - watchfiles.main - INFO - 1 change detected
2025-10-10 14:43:09,242 - watchfiles.main - INFO - 1 change detected
2025-10-10 14:43:09,593 - watchfiles.main - INFO - 1 change detected
2025-10-10 14:43:09,943 - watchfiles.main - INFO - 1 change detected
2025-10-10 14:43:10,293 - watchfiles.main - INFO - 1 change detected
2025-10-10 14:43:10,644 - watchfiles.main - INFO - 1 change detected
2025-10-10 14:43:10,994 - watchfiles.main - INFO - 1 change detected
2025-10-10 14:43:11,345 - watchfiles.main - INFO - 1 change detected
2025-10-10 14:43:11,695 - watchfiles.main - INFO - 1 change detected
2025-10-10 14:43:12,046 - watchfiles.main - INFO - 1 change detected
2025-10-10 14:43:12,396 - watchfiles.main - INFO - 1 change detected
2025-10-10 14:43:12,746 - watchfiles.main - INFO - 1 change detected
2025-10-10 14:43:13,097 - watchfiles.main - INFO - 1 change detected
2025-10-10 14:43:13,447 - watchfiles.main - INFO - 1 change detected
2025-10-10 14:43:13,798 - watchfiles.main - INFO - 1 change detected
2025-10-10 14:43:14,148 - watchfiles.main - INFO - 1 change detected
2025-10-10 14:43:14,499 - watchfiles.main - INFO - 1 change detected
2025-10-10 14:43:14,849 - watchfiles.main - INFO - 1 change detected
2025-10-10 14:43:15,200 - watchfiles.main - INFO - 1 change detected
2025-10-10 14:43:15,550 - watchfiles.main - INFO - 1 change detected
2025-10-10 14:43:15,900 - watchfiles.main - INFO - 1 change detected
2025-10-10 14:43:16,251 - watchfiles.main - INFO - 1 change detected
2025-10-10 14:43:16,601 - watchfiles.main - INFO - 1 change detected
2025-10-10 14:43:16,952 - watchfiles.main - INFO - 1 change detected
2025-10-10 14:43:17,302 - watchfiles.main - INFO - 1 change detected
2025-10-10 14:43:17,653 - watchfiles.main - INFO - 1 change detected
2025-10-10 14:43:18,003 - watchfiles.main - INFO - 1 change detected
2025-10-10 14:43:18,353 - watchfiles.main - INFO - 1 change detected
2025-10-10 14:43:18,704 - watchfiles.main - INFO - 1 change detected
2025-10-10 14:43:19,054 - watchfiles.main - INFO - 1 change detected
2025-10-10 14:43:19,405 - watchfiles.main - INFO - 1 change detected
2025-10-10 14:43:19,755 - watchfiles.main - INFO - 1 change detected
2025-10-10 14:43:20,106 - watchfiles.main - INFO - 1 change detected
2025-10-10 14:43:20,456 - watchfiles.main - INFO - 1 change detected
2025-10-10 14:43:20,806 - watchfiles.main - INFO - 1 change detected
2025-10-10 14:43:21,157 - watchfiles.main - INFO - 1 change detected
2025-10-10 14:43:21,507 - watchfiles.main - INFO - 1 change detected
2025-10-10 14:43:21,858 - watchfiles.main - INFO - 1 change detected
2025-10-10 14:43:22,208 - watchfiles.main - INFO - 1 change detected
2025-10-10 14:43:22,559 - watchfiles.main - INFO - 1 change detected
2025-10-10 14:43:22,909 - watchfiles.main - INFO - 1 change detected
2025-10-10 14:43:23,259 - watchfiles.main - INFO - 1 change detected
2025-10-10 14:43:23,610 - watchfiles.main - INFO - 1 change detected
2025-10-10 14:43:23,960 - watchfiles.main - INFO - 1 change detected
2025-10-10 14:43:24,311 - watchfiles.main - INFO - 1 change detected
2025-10-10 14:43:24,661 - watchfiles.main - INFO - 1 change detected
2025-10-10 14:43:25,012 - watchfiles.main - INFO - 1 change detected
2025-10-10 14:43:25,362 - watchfiles.main - INFO - 1 change detected
2025-10-10 14:43:25,712 - watchfiles.main - INFO - 1 change detected
2025-10-10 14:43:26,063 - watchfiles.main - INFO - 1 change detected
2025-10-10 14:43:26,413 - watchfiles.main - INFO - 1 change detected
2025-10-10 14:43:26,764 - watchfiles.main - INFO - 1 change detected
2025-10-10 14:43:27,114 - watchfiles.main - INFO - 1 change detected
2025-10-10 14:43:27,465 - watchfiles.main - INFO - 1 change detected
2025-10-10 14:43:27,815 - watchfiles.main - INFO - 1 change detected
2025-10-10 14:43:28,165 - watchfiles.main - INFO - 1 change detected
2025-10-10 14:43:28,516 - watchfiles.main - INFO - 1 change detected
2025-10-10 14:43:28,866 - watchfiles.main - INFO - 1 change detected
2025-10-10 14:43:29,217 - watchfiles.main - INFO - 1 change detected
2025-10-10 14:43:29,567 - watchfiles.main - INFO - 1 change detected
2025-10-10 14:43:29,918 - watchfiles.main - INFO - 1 change detected
2025-10-10 14:43:30,268 - watchfiles.main - INFO - 1 change detected
2025-10-10 14:43:30,619 - watchfiles.main - INFO - 1 change detected
2025-10-10 14:43:30,969 - watchfiles.main - INFO - 1 change detected
2025-10-10 14:43:31,319 - watchfiles.main - INFO - 1 change detected
2025-10-10 14:43:31,670 - watchfiles.main - INFO - 1 change detected
2025-10-10 14:43:32,020 - watchfiles.main - INFO - 1 change detected
2025-10-10 14:43:32,371 - watchfiles.main - INFO - 1 change detected
2025-10-10 14:43:32,721 - watchfiles.main - INFO - 1 change detected
2025-10-10 14:43:33,072 - watchfiles.main - INFO - 1 change detected
2025-10-10 14:43:33,422 - watchfiles.main - INFO - 1 change detected
2025-10-10 14:43:33,773 - watchfiles.main - INFO - 1 change detected
2025-10-10 14:43:34,123 - watchfiles.main - INFO - 1 change detected
2025-10-10 14:43:34,473 - watchfiles.main - INFO - 1 change detected
2025-10-10 14:43:34,824 - watchfiles.main - INFO - 1 change detected
2025-10-10 14:43:35,174 - watchfiles.main - INFO - 1 change detected
2025-10-10 14:43:35,525 - watchfiles.main - INFO - 1 change detected
2025-10-10 14:43:35,875 - watchfiles.main - INFO - 1 change detected
2025-10-10 14:43:36,226 - watchfiles.main - INFO - 1 change detected
2025-10-10 14:43:36,576 - watchfiles.main - INFO - 1 change detected
2025-10-10 14:43:36,926 - watchfiles.main - INFO - 1 change detected
2025-10-10 14:43:37,277 - watchfiles.main - INFO - 1 change detected
2025-10-10 14:43:37,627 - watchfiles.main - INFO - 1 change detected
2025-10-10 14:43:37,978 - watchfiles.main - INFO - 1 change detected
2025-10-10 14:43:38,328 - watchfiles.main - INFO - 1 change detected
2025-10-10 14:43:38,679 - watchfiles.main - INFO - 1 change detected
2025-10-10 14:43:39,029 - watchfiles.main - INFO - 1 change detected
2025-10-10 14:43:39,379 - watchfiles.main - INFO - 1 change detected
2025-10-10 14:43:39,730 - watchfiles.main - INFO - 1 change detected
2025-10-10 14:43:40,080 - watchfiles.main - INFO - 1 change detected
2025-10-10 14:43:40,431 - watchfiles.main - INFO - 1 change detected
2025-10-10 14:43:40,781 - watchfiles.main - INFO - 1 change detected
2025-10-10 14:43:41,132 - watchfiles.main - INFO - 1 change detected
2025-10-10 14:43:41,482 - watchfiles.main - INFO - 1 change detected
2025-10-10 14:43:41,832 - watchfiles.main - INFO - 1 change detected
2025-10-10 14:43:42,183 - watchfiles.main - INFO - 1 change detected
2025-10-10 14:43:42,533 - watchfiles.main - INFO - 1 change detected
2025-10-10 14:43:42,884 - watchfiles.main - INFO - 1 change detected
2025-10-10 14:43:43,234 - watchfiles.main - INFO - 1 change detected
2025-10-10 14:43:43,585 - watchfiles.main - INFO - 1 change detected
2025-10-10 14:43:43,935 - watchfiles.main - INFO - 1 change detected
2025-10-10 14:43:44,286 - watchfiles.main - INFO - 1 change detected
2025-10-10 14:43:44,636 - watchfiles.main - INFO - 1 change detected
2025-10-10 14:43:44,986 - watchfiles.main - INFO - 1 change detected
2025-10-10 14:43:45,337 - watchfiles.main - INFO - 1 change detected
2025-10-10 14:43:45,687 - watchfiles.main - INFO - 1 change detected
2025-10-10 14:43:46,038 - watchfiles.main - INFO - 1 change detected
2025-10-10 14:43:46,388 - watchfiles.main - INFO - 1 change detected
2025-10-10 14:43:46,739 - watchfiles.main - INFO - 1 change detected
2025-10-10 14:43:47,089 - watchfiles.main - INFO - 1 change detected
2025-10-10 14:43:47,439 - watchfiles.main - INFO - 1 change detected
2025-10-10 14:43:47,790 - watchfiles.main - INFO - 1 change detected
2025-10-10 14:43:48,140 - watchfiles.main - INFO - 1 change detected
2025-10-10 14:43:48,491 - watchfiles.main - INFO - 1 change detected
2025-10-10 14:43:48,841 - watchfiles.main - INFO - 1 change detected
2025-10-10 14:43:49,192 - watchfiles.main - INFO - 1 change detected
2025-10-10 14:43:49,542 - watchfiles.main - INFO - 1 change detected
2025-10-10 14:43:49,893 - watchfiles.main - INFO - 1 change detected
2025-10-10 14:43:50,243 - watchfiles.main - INFO - 1 change detected
2025-10-10 14:43:50,593 - watchfiles.main - INFO - 1 change detected
2025-10-10 14:43:50,944 - watchfiles.main - INFO - 1 change detected
2025-10-10 14:43:51,294 - watchfiles.main - INFO - 1 change detected
2025-10-10 14:43:51,645 - watchfiles.main - INFO - 1 change detected
2025-10-10 14:43:51,995 - watchfiles.main - INFO - 1 change detected
2025-10-10 14:43:52,346 - watchfiles.main - INFO - 1 change detected
2025-10-10 14:43:52,696 - watchfiles.main - INFO - 1 change detected
2025-10-10 14:43:53,047 - watchfiles.main - INFO - 1 change detected
2025-10-10 14:43:53,397 - watchfiles.main - INFO - 1 change detected
2025-10-10 14:43:53,747 - watchfiles.main - INFO - 1 change detected
2025-10-10 14:43:54,098 - watchfiles.main - INFO - 1 change detected
2025-10-10 14:43:54,448 - watchfiles.main - INFO - 1 change detected
2025-10-10 14:43:54,799 - watchfiles.main - INFO - 1 change detected
2025-10-10 14:43:55,149 - watchfiles.main - INFO - 1 change detected
2025-10-10 14:43:55,500 - watchfiles.main - INFO - 1 change detected
2025-10-10 14:43:55,850 - watchfiles.main - INFO - 1 change detected
2025-10-10 14:43:56,200 - watchfiles.main - INFO - 1 change detected
2025-10-10 14:43:56,551 - watchfiles.main - INFO - 1 change detected
2025-10-10 14:43:56,901 - watchfiles.main - INFO - 1 change detected
2025-10-10 14:43:57,252 - watchfiles.main - INFO - 1 change detected
2025-10-10 14:43:57,602 - watchfiles.main - INFO - 1 change detected
2025-10-10 14:43:57,953 - watchfiles.main - INFO - 1 change detected
2025-10-10 14:43:58,303 - watchfiles.main - INFO - 1 change detected
2025-10-10 14:43:58,654 - watchfiles.main - INFO - 1 change detected
2025-10-10 14:43:59,004 - watchfiles.main - INFO - 1 change detected
2025-10-10 14:43:59,354 - watchfiles.main - INFO - 1 change detected
2025-10-10 14:43:59,705 - watchfiles.main - INFO - 1 change detected
2025-10-10 14:44:00,055 - watchfiles.main - INFO - 1 change detected
2025-10-10 14:44:00,406 - watchfiles.main - INFO - 1 change detected
2025-10-10 14:44:00,756 - watchfiles.main - INFO - 1 change detected
2025-10-10 14:44:01,107 - watchfiles.main - INFO - 1 change detected
2025-10-10 14:44:01,457 - watchfiles.main - INFO - 1 change detected
2025-10-10 14:44:01,808 - watchfiles.main - INFO - 1 change detected
2025-10-10 14:44:02,158 - watchfiles.main - INFO - 1 change detected
2025-10-10 14:44:02,509 - watchfiles.main - INFO - 1 change detected
2025-10-10 14:44:02,859 - watchfiles.main - INFO - 1 change detected
2025-10-10 14:44:03,209 - watchfiles.main - INFO - 1 change detected
2025-10-10 14:44:03,560 - watchfiles.main - INFO - 1 change detected
2025-10-10 14:44:03,910 - watchfiles.main - INFO - 1 change detected
2025-10-10 14:44:04,261 - watchfiles.main - INFO - 1 change detected
2025-10-10 14:44:04,611 - watchfiles.main - INFO - 1 change detected
2025-10-10 14:44:04,962 - watchfiles.main - INFO - 1 change detected
2025-10-10 14:44:05,312 - watchfiles.main - INFO - 1 change detected
2025-10-10 14:44:05,662 - watchfiles.main - INFO - 1 change detected
2025-10-10 14:44:06,013 - watchfiles.main - INFO - 1 change detected
2025-10-10 14:44:06,363 - watchfiles.main - INFO - 1 change detected
2025-10-10 14:44:06,714 - watchfiles.main - INFO - 1 change detected
2025-10-10 14:44:07,064 - watchfiles.main - INFO - 1 change detected
2025-10-10 14:44:07,415 - watchfiles.main - INFO - 1 change detected
2025-10-10 14:44:07,765 - watchfiles.main - INFO - 1 change detected
2025-10-10 14:44:08,115 - watchfiles.main - INFO - 1 change detected
2025-10-10 14:44:08,466 - watchfiles.main - INFO - 1 change detected
2025-10-10 14:44:08,816 - watchfiles.main - INFO - 1 change detected
2025-10-10 14:44:09,167 - watchfiles.main - INFO - 1 change detected
2025-10-10 14:44:09,517 - watchfiles.main - INFO - 1 change detected
2025-10-10 14:44:09,868 - watchfiles.main - INFO - 1 change detected
2025-10-10 14:44:10,218 - watchfiles.main - INFO - 1 change detected
2025-10-10 14:44:10,569 - watchfiles.main - INFO - 1 change detected
2025-10-10 14:44:10,919 - watchfiles.main - INFO - 1 change detected
2025-10-10 14:44:11,269 - watchfiles.main - INFO - 1 change detected
2025-10-10 14:44:11,620 - watchfiles.main - INFO - 1 change detected
2025-10-10 14:44:11,970 - watchfiles.main - INFO - 1 change detected
2025-10-10 14:44:12,321 - watchfiles.main - INFO - 1 change detected
2025-10-10 14:44:12,671 - watchfiles.main - INFO - 1 change detected
2025-10-10 14:44:13,022 - watchfiles.main - INFO - 1 change detected
2025-10-10 14:44:13,372 - watchfiles.main - INFO - 1 change detected
2025-10-10 14:44:13,722 - watchfiles.main - INFO - 1 change detected
2025-10-10 14:44:14,073 - watchfiles.main - INFO - 1 change detected
2025-10-10 14:44:14,423 - watchfiles.main - INFO - 1 change detected
2025-10-10 14:44:14,774 - watchfiles.main - INFO - 1 change detected
2025-10-10 14:44:15,124 - watchfiles.main - INFO - 1 change detected
2025-10-10 14:44:15,475 - watchfiles.main - INFO - 1 change detected
2025-10-10 14:44:15,825 - watchfiles.main - INFO - 1 change detected
2025-10-10 14:44:16,175 - watchfiles.main - INFO - 1 change detected
2025-10-10 14:44:16,526 - watchfiles.main - INFO - 1 change detected
2025-10-10 14:44:16,876 - watchfiles.main - INFO - 1 change detected
2025-10-10 14:44:17,227 - watchfiles.main - INFO - 1 change detected
2025-10-10 14:44:17,577 - watchfiles.main - INFO - 1 change detected
2025-10-10 14:44:17,928 - watchfiles.main - INFO - 1 change detected
2025-10-10 14:44:18,278 - watchfiles.main - INFO - 1 change detected
2025-10-10 14:44:18,628 - watchfiles.main - INFO - 1 change detected
2025-10-10 14:44:18,979 - watchfiles.main - INFO - 1 change detected
2025-10-10 14:44:19,329 - watchfiles.main - INFO - 1 change detected
2025-10-10 14:44:19,680 - watchfiles.main - INFO - 1 change detected
2025-10-10 14:44:20,030 - watchfiles.main - INFO - 1 change detected
2025-10-10 14:44:20,381 - watchfiles.main - INFO - 1 change detected
2025-10-10 14:44:20,731 - watchfiles.main - INFO - 1 change detected
2025-10-10 14:44:21,082 - watchfiles.main - INFO - 1 change detected
2025-10-10 14:44:21,432 - watchfiles.main - INFO - 1 change detected
2025-10-10 14:44:21,782 - watchfiles.main - INFO - 1 change detected
2025-10-10 14:44:22,133 - watchfiles.main - INFO - 1 change detected
2025-10-10 14:44:22,483 - watchfiles.main - INFO - 1 change detected
2025-10-10 14:44:22,834 - watchfiles.main - INFO - 1 change detected
2025-10-10 14:44:23,184 - watchfiles.main - INFO - 1 change detected
2025-10-10 14:44:23,535 - watchfiles.main - INFO - 1 change detected
2025-10-10 14:44:23,885 - watchfiles.main - INFO - 1 change detected
2025-10-10 14:44:24,235 - watchfiles.main - INFO - 1 change detected
2025-10-10 14:44:24,586 - watchfiles.main - INFO - 1 change detected
2025-10-10 14:44:24,936 - watchfiles.main - INFO - 1 change detected
2025-10-10 14:44:25,287 - watchfiles.main - INFO - 1 change detected
2025-10-10 14:44:25,637 - watchfiles.main - INFO - 1 change detected
2025-10-10 14:44:25,988 - watchfiles.main - INFO - 1 change detected
2025-10-10 14:44:26,338 - watchfiles.main - INFO - 1 change detected
2025-10-10 14:44:26,688 - watchfiles.main - INFO - 1 change detected
2025-10-10 14:44:27,039 - watchfiles.main - INFO - 1 change detected
2025-10-10 14:44:27,389 - watchfiles.main - INFO - 1 change detected
2025-10-10 14:44:27,740 - watchfiles.main - INFO - 1 change detected
2025-10-10 14:44:28,090 - watchfiles.main - INFO - 1 change detected
2025-10-10 14:44:28,441 - watchfiles.main - INFO - 1 change detected
2025-10-10 14:44:28,791 - watchfiles.main - INFO - 1 change detected
2025-10-10 14:44:29,142 - watchfiles.main - INFO - 1 change detected
2025-10-10 14:44:29,492 - watchfiles.main - INFO - 1 change detected
2025-10-10 14:44:29,842 - watchfiles.main - INFO - 1 change detected
2025-10-10 14:44:30,193 - watchfiles.main - INFO - 1 change detected
2025-10-10 14:44:30,543 - watchfiles.main - INFO - 1 change detected
2025-10-10 14:44:30,894 - watchfiles.main - INFO - 1 change detected
2025-10-10 14:44:31,244 - watchfiles.main - INFO - 1 change detected
2025-10-10 14:44:31,595 - watchfiles.main - INFO - 1 change detected
2025-10-10 14:44:31,945 - watchfiles.main - INFO - 1 change detected
2025-10-10 14:44:32,296 - watchfiles.main - INFO - 1 change detected
2025-10-10 14:44:32,646 - watchfiles.main - INFO - 1 change detected
2025-10-10 14:44:32,996 - watchfiles.main - INFO - 1 change detected
2025-10-10 14:44:33,347 - watchfiles.main - INFO - 1 change detected
2025-10-10 14:44:33,697 - watchfiles.main - INFO - 1 change detected
2025-10-10 14:44:34,048 - watchfiles.main - INFO - 1 change detected
2025-10-10 14:44:34,398 - watchfiles.main - INFO - 1 change detected
2025-10-10 14:44:34,749 - watchfiles.main - INFO - 1 change detected
2025-10-10 14:44:35,099 - watchfiles.main - INFO - 1 change detected
2025-10-10 14:44:35,450 - watchfiles.main - INFO - 1 change detected
2025-10-10 14:44:35,800 - watchfiles.main - INFO - 1 change detected
2025-10-10 14:44:36,150 - watchfiles.main - INFO - 1 change detected
2025-10-10 14:44:36,501 - watchfiles.main - INFO - 1 change detected
2025-10-10 14:44:36,851 - watchfiles.main - INFO - 1 change detected
2025-10-10 14:44:37,202 - watchfiles.main - INFO - 1 change detected
2025-10-10 14:44:37,552 - watchfiles.main - INFO - 1 change detected
2025-10-10 14:44:37,903 - watchfiles.main - INFO - 1 change detected
2025-10-10 14:44:38,253 - watchfiles.main - INFO - 1 change detected
2025-10-10 14:44:38,603 - watchfiles.main - INFO - 1 change detected
2025-10-10 14:44:38,954 - watchfiles.main - INFO - 1 change detected
2025-10-10 14:44:39,304 - watchfiles.main - INFO - 1 change detected
2025-10-10 14:44:39,655 - watchfiles.main - INFO - 1 change detected
2025-10-10 14:44:40,005 - watchfiles.main - INFO - 1 change detected
2025-10-10 14:44:40,356 - watchfiles.main - INFO - 1 change detected
2025-10-10 14:44:40,706 - watchfiles.main - INFO - 1 change detected
2025-10-10 14:44:41,057 - watchfiles.main - INFO - 1 change detected
2025-10-10 14:44:41,407 - watchfiles.main - INFO - 1 change detected
2025-10-10 14:44:41,758 - watchfiles.main - INFO - 1 change detected
2025-10-10 14:44:42,108 - watchfiles.main - INFO - 1 change detected
2025-10-10 14:44:42,458 - watchfiles.main - INFO - 1 change detected
2025-10-10 14:44:42,809 - watchfiles.main - INFO - 1 change detected
2025-10-10 14:44:43,159 - watchfiles.main - INFO - 1 change detected
2025-10-10 14:44:43,510 - watchfiles.main - INFO - 1 change detected
2025-10-10 14:44:43,860 - watchfiles.main - INFO - 1 change detected
2025-10-10 14:44:44,211 - watchfiles.main - INFO - 1 change detected
2025-10-10 14:44:44,561 - watchfiles.main - INFO - 1 change detected
2025-10-10 14:44:44,912 - watchfiles.main - INFO - 1 change detected
2025-10-10 14:44:45,262 - watchfiles.main - INFO - 1 change detected
2025-10-10 14:44:45,612 - watchfiles.main - INFO - 1 change detected
2025-10-10 14:44:45,963 - watchfiles.main - INFO - 1 change detected
2025-10-10 14:44:46,313 - watchfiles.main - INFO - 1 change detected
2025-10-10 14:44:46,664 - watchfiles.main - INFO - 1 change detected
2025-10-10 14:44:47,014 - watchfiles.main - INFO - 1 change detected
2025-10-10 14:44:47,365 - watchfiles.main - INFO - 1 change detected
2025-10-10 14:44:47,715 - watchfiles.main - INFO - 1 change detected
2025-10-10 14:44:48,065 - watchfiles.main - INFO - 1 change detected
2025-10-10 14:44:48,416 - watchfiles.main - INFO - 1 change detected
2025-10-10 14:44:48,766 - watchfiles.main - INFO - 1 change detected
2025-10-10 14:44:49,117 - watchfiles.main - INFO - 1 change detected
2025-10-10 14:44:49,467 - watchfiles.main - INFO - 1 change detected
2025-10-10 14:44:49,818 - watchfiles.main - INFO - 1 change detected
2025-10-10 14:44:50,168 - watchfiles.main - INFO - 1 change detected
2025-10-10 14:44:50,518 - watchfiles.main - INFO - 1 change detected
2025-10-10 14:44:50,869 - watchfiles.main - INFO - 1 change detected
2025-10-10 14:44:51,219 - watchfiles.main - INFO - 1 change detected
2025-10-10 14:44:51,570 - watchfiles.main - INFO - 1 change detected
2025-10-10 14:44:51,920 - watchfiles.main - INFO - 1 change detected
2025-10-10 14:44:52,271 - watchfiles.main - INFO - 1 change detected
2025-10-10 14:44:52,621 - watchfiles.main - INFO - 1 change detected
2025-10-10 14:44:52,971 - watchfiles.main - INFO - 1 change detected
2025-10-10 14:44:53,322 - watchfiles.main - INFO - 1 change detected
2025-10-10 14:44:53,672 - watchfiles.main - INFO - 1 change detected
2025-10-10 14:44:54,023 - watchfiles.main - INFO - 1 change detected
2025-10-10 14:44:54,373 - watchfiles.main - INFO - 1 change detected
2025-10-10 14:44:54,724 - watchfiles.main - INFO - 1 change detected
2025-10-10 14:44:55,074 - watchfiles.main - INFO - 1 change detected
2025-10-10 14:44:55,424 - watchfiles.main - INFO - 1 change detected
2025-10-10 14:44:55,775 - watchfiles.main - INFO - 1 change detected
2025-10-10 14:44:56,125 - watchfiles.main - INFO - 1 change detected
2025-10-10 14:44:56,476 - watchfiles.main - INFO - 1 change detected
2025-10-10 14:44:56,826 - watchfiles.main - INFO - 1 change detected
2025-10-10 14:44:57,177 - watchfiles.main - INFO - 1 change detected
2025-10-10 14:44:57,527 - watchfiles.main - INFO - 1 change detected
2025-10-10 14:44:57,877 - watchfiles.main - INFO - 1 change detected
2025-10-10 14:44:58,228 - watchfiles.main - INFO - 1 change detected
2025-10-10 14:44:58,578 - watchfiles.main - INFO - 1 change detected
2025-10-10 14:44:58,929 - watchfiles.main - INFO - 1 change detected
2025-10-10 14:44:59,279 - watchfiles.main - INFO - 1 change detected
2025-10-10 14:44:59,630 - watchfiles.main - INFO - 1 change detected
2025-10-10 14:44:59,980 - watchfiles.main - INFO - 1 change detected
2025-10-10 14:45:00,331 - watchfiles.main - INFO - 1 change detected
2025-10-10 14:45:00,681 - watchfiles.main - INFO - 1 change detected
2025-10-10 14:45:01,031 - watchfiles.main - INFO - 1 change detected
2025-10-10 14:45:01,382 - watchfiles.main - INFO - 1 change detected
2025-10-10 14:45:01,732 - watchfiles.main - INFO - 1 change detected
2025-10-10 14:45:02,083 - watchfiles.main - INFO - 1 change detected
2025-10-10 14:45:02,433 - watchfiles.main - INFO - 1 change detected
2025-10-10 14:45:02,784 - watchfiles.main - INFO - 1 change detected
2025-10-10 14:45:03,134 - watchfiles.main - INFO - 1 change detected
2025-10-10 14:45:03,484 - watchfiles.main - INFO - 1 change detected
2025-10-10 14:45:03,835 - watchfiles.main - INFO - 1 change detected
2025-10-10 14:45:04,185 - watchfiles.main - INFO - 1 change detected
2025-10-10 14:45:04,536 - watchfiles.main - INFO - 1 change detected
2025-10-10 14:45:04,886 - watchfiles.main - INFO - 1 change detected
2025-10-10 14:45:05,237 - watchfiles.main - INFO - 1 change detected
2025-10-10 14:45:05,587 - watchfiles.main - INFO - 1 change detected
2025-10-10 14:45:05,937 - watchfiles.main - INFO - 1 change detected
2025-10-10 14:45:06,288 - watchfiles.main - INFO - 1 change detected
2025-10-10 14:45:06,638 - watchfiles.main - INFO - 1 change detected
2025-10-10 14:45:06,989 - watchfiles.main - INFO - 1 change detected
2025-10-10 14:45:07,339 - watchfiles.main - INFO - 1 change detected
2025-10-10 14:45:07,689 - watchfiles.main - INFO - 1 change detected
2025-10-10 14:45:08,040 - watchfiles.main - INFO - 1 change detected
2025-10-10 14:45:08,390 - watchfiles.main - INFO - 1 change detected
2025-10-10 14:45:08,741 - watchfiles.main - INFO - 1 change detected
2025-10-10 14:45:09,091 - watchfiles.main - INFO - 1 change detected
2025-10-10 14:45:09,442 - watchfiles.main - INFO - 1 change detected
2025-10-10 14:45:09,792 - watchfiles.main - INFO - 1 change detected
2025-10-10 14:45:10,142 - watchfiles.main - INFO - 1 change detected
2025-10-10 14:45:10,493 - watchfiles.main - INFO - 1 change detected
2025-10-10 14:45:10,843 - watchfiles.main - INFO - 1 change detected
2025-10-10 14:45:11,194 - watchfiles.main - INFO - 1 change detected
2025-10-10 14:45:11,544 - watchfiles.main - INFO - 1 change detected
2025-10-10 14:45:11,895 - watchfiles.main - INFO - 1 change detected
2025-10-10 14:45:12,245 - watchfiles.main - INFO - 1 change detected
2025-10-10 14:45:12,595 - watchfiles.main - INFO - 1 change detected
2025-10-10 14:45:12,946 - watchfiles.main - INFO - 1 change detected
2025-10-10 14:45:13,296 - watchfiles.main - INFO - 1 change detected
2025-10-10 14:45:13,647 - watchfiles.main - INFO - 1 change detected
2025-10-10 14:45:13,997 - watchfiles.main - INFO - 1 change detected
2025-10-10 14:45:14,348 - watchfiles.main - INFO - 1 change detected
2025-10-10 14:45:14,698 - watchfiles.main - INFO - 1 change detected
2025-10-10 14:45:15,048 - watchfiles.main - INFO - 1 change detected
2025-10-10 14:45:15,399 - watchfiles.main - INFO - 1 change detected
2025-10-10 14:45:15,749 - watchfiles.main - INFO - 1 change detected
2025-10-10 14:45:16,100 - watchfiles.main - INFO - 1 change detected
2025-10-10 14:45:16,450 - watchfiles.main - INFO - 1 change detected
2025-10-10 14:45:16,801 - watchfiles.main - INFO - 1 change detected
2025-10-10 14:45:17,151 - watchfiles.main - INFO - 1 change detected
2025-10-10 14:45:17,501 - watchfiles.main - INFO - 1 change detected
2025-10-10 14:45:17,852 - watchfiles.main - INFO - 1 change detected
2025-10-10 14:45:18,202 - watchfiles.main - INFO - 1 change detected
2025-10-10 14:45:18,553 - watchfiles.main - INFO - 1 change detected
2025-10-10 14:45:18,903 - watchfiles.main - INFO - 1 change detected
2025-10-10 14:45:19,254 - watchfiles.main - INFO - 1 change detected
2025-10-10 14:45:19,604 - watchfiles.main - INFO - 1 change detected
2025-10-10 14:45:19,954 - watchfiles.main - INFO - 1 change detected
2025-10-10 14:45:20,305 - watchfiles.main - INFO - 1 change detected
2025-10-10 14:45:20,655 - watchfiles.main - INFO - 1 change detected
2025-10-10 14:45:21,006 - watchfiles.main - INFO - 1 change detected
2025-10-10 14:45:21,356 - watchfiles.main - INFO - 1 change detected
2025-10-10 14:45:21,707 - watchfiles.main - INFO - 1 change detected
2025-10-10 14:45:22,057 - watchfiles.main - INFO - 1 change detected
2025-10-10 14:45:22,408 - watchfiles.main - INFO - 1 change detected
2025-10-10 14:45:22,758 - watchfiles.main - INFO - 1 change detected
2025-10-10 14:45:23,108 - watchfiles.main - INFO - 1 change detected
2025-10-10 14:45:23,459 - watchfiles.main - INFO - 1 change detected
2025-10-10 14:45:23,809 - watchfiles.main - INFO - 1 change detected
2025-10-10 14:45:24,160 - watchfiles.main - INFO - 1 change detected
2025-10-10 14:45:24,510 - watchfiles.main - INFO - 1 change detected
2025-10-10 14:45:24,861 - watchfiles.main - INFO - 1 change detected
2025-10-10 14:45:25,211 - watchfiles.main - INFO - 1 change detected
2025-10-10 14:45:25,561 - watchfiles.main - INFO - 1 change detected
2025-10-10 14:45:25,912 - watchfiles.main - INFO - 1 change detected
2025-10-10 14:45:26,262 - watchfiles.main - INFO - 1 change detected
2025-10-10 14:45:26,613 - watchfiles.main - INFO - 1 change detected
2025-10-10 14:45:26,963 - watchfiles.main - INFO - 1 change detected
2025-10-10 14:45:27,313 - watchfiles.main - INFO - 1 change detected
2025-10-10 14:45:27,664 - watchfiles.main - INFO - 1 change detected
2025-10-10 14:45:28,014 - watchfiles.main - INFO - 1 change detected
2025-10-10 14:45:28,365 - watchfiles.main - INFO - 1 change detected
2025-10-10 14:45:28,715 - watchfiles.main - INFO - 1 change detected
2025-10-10 14:45:29,066 - watchfiles.main - INFO - 1 change detected
2025-10-10 14:45:29,416 - watchfiles.main - INFO - 1 change detected
2025-10-10 14:45:29,767 - watchfiles.main - INFO - 1 change detected
2025-10-10 14:45:30,117 - watchfiles.main - INFO - 1 change detected
2025-10-10 14:45:30,467 - watchfiles.main - INFO - 1 change detected
2025-10-10 14:45:30,818 - watchfiles.main - INFO - 1 change detected
2025-10-10 14:45:31,168 - watchfiles.main - INFO - 1 change detected
2025-10-10 14:45:31,519 - watchfiles.main - INFO - 1 change detected
2025-10-10 14:45:31,869 - watchfiles.main - INFO - 1 change detected
2025-10-10 14:45:32,220 - watchfiles.main - INFO - 1 change detected
2025-10-10 14:45:32,570 - watchfiles.main - INFO - 1 change detected
2025-10-10 14:45:32,920 - watchfiles.main - INFO - 1 change detected
2025-10-10 14:45:33,271 - watchfiles.main - INFO - 1 change detected
2025-10-10 14:45:33,621 - watchfiles.main - INFO - 1 change detected
2025-10-10 14:45:33,972 - watchfiles.main - INFO - 1 change detected
2025-10-10 14:45:34,322 - watchfiles.main - INFO - 1 change detected
2025-10-10 14:45:34,673 - watchfiles.main - INFO - 1 change detected
2025-10-10 14:45:35,023 - watchfiles.main - INFO - 1 change detected
2025-10-10 14:45:35,373 - watchfiles.main - INFO - 1 change detected
2025-10-10 14:45:35,724 - watchfiles.main - INFO - 1 change detected
2025-10-10 14:45:36,074 - watchfiles.main - INFO - 1 change detected
2025-10-10 14:45:36,425 - watchfiles.main - INFO - 1 change detected
2025-10-10 14:45:36,775 - watchfiles.main - INFO - 1 change detected
2025-10-10 14:45:37,126 - watchfiles.main - INFO - 1 change detected
2025-10-10 14:45:37,476 - watchfiles.main - INFO - 1 change detected
2025-10-10 14:45:37,826 - watchfiles.main - INFO - 1 change detected
2025-10-10 14:45:38,177 - watchfiles.main - INFO - 1 change detected
2025-10-10 14:45:38,527 - watchfiles.main - INFO - 1 change detected
2025-10-10 14:45:38,878 - watchfiles.main - INFO - 1 change detected
2025-10-10 14:45:39,228 - watchfiles.main - INFO - 1 change detected
2025-10-10 14:45:39,578 - watchfiles.main - INFO - 1 change detected
2025-10-10 14:45:39,929 - watchfiles.main - INFO - 1 change detected
2025-10-10 14:45:40,279 - watchfiles.main - INFO - 1 change detected
2025-10-10 14:45:40,630 - watchfiles.main - INFO - 1 change detected
2025-10-10 14:45:40,980 - watchfiles.main - INFO - 1 change detected
2025-10-10 14:45:41,331 - watchfiles.main - INFO - 1 change detected
2025-10-10 14:45:41,681 - watchfiles.main - INFO - 1 change detected
2025-10-10 14:45:42,032 - watchfiles.main - INFO - 1 change detected
2025-10-10 14:45:42,382 - watchfiles.main - INFO - 1 change detected
2025-10-10 14:45:42,732 - watchfiles.main - INFO - 1 change detected
2025-10-10 14:45:43,083 - watchfiles.main - INFO - 1 change detected
2025-10-10 14:45:43,433 - watchfiles.main - INFO - 1 change detected
2025-10-10 14:45:43,784 - watchfiles.main - INFO - 1 change detected
2025-10-10 14:45:44,134 - watchfiles.main - INFO - 1 change detected
2025-10-10 14:45:44,485 - watchfiles.main - INFO - 1 change detected
2025-10-10 14:45:44,835 - watchfiles.main - INFO - 1 change detected
2025-10-10 14:45:45,185 - watchfiles.main - INFO - 1 change detected
2025-10-10 14:45:45,536 - watchfiles.main - INFO - 1 change detected
2025-10-10 14:45:45,886 - watchfiles.main - INFO - 1 change detected
2025-10-10 14:45:46,237 - watchfiles.main - INFO - 1 change detected
2025-10-10 14:45:46,587 - watchfiles.main - INFO - 1 change detected
2025-10-10 14:45:46,938 - watchfiles.main - INFO - 1 change detected
2025-10-10 14:45:47,288 - watchfiles.main - INFO - 1 change detected
2025-10-10 14:45:47,638 - watchfiles.main - INFO - 1 change detected
2025-10-10 14:45:47,989 - watchfiles.main - INFO - 1 change detected
2025-10-10 14:45:48,339 - watchfiles.main - INFO - 1 change detected
2025-10-10 14:45:48,690 - watchfiles.main - INFO - 1 change detected
2025-10-10 14:45:49,040 - watchfiles.main - INFO - 1 change detected
2025-10-10 14:45:49,391 - watchfiles.main - INFO - 1 change detected
2025-10-10 14:45:49,741 - watchfiles.main - INFO - 1 change detected
2025-10-10 14:45:50,091 - watchfiles.main - INFO - 1 change detected
2025-10-10 14:45:50,442 - watchfiles.main - INFO - 1 change detected
2025-10-10 14:45:50,792 - watchfiles.main - INFO - 1 change detected
2025-10-10 14:45:51,143 - watchfiles.main - INFO - 1 change detected
2025-10-10 14:45:51,493 - watchfiles.main - INFO - 1 change detected
2025-10-10 14:45:51,844 - watchfiles.main - INFO - 1 change detected
2025-10-10 14:45:52,194 - watchfiles.main - INFO - 1 change detected
2025-10-10 14:45:52,544 - watchfiles.main - INFO - 1 change detected
2025-10-10 14:45:52,895 - watchfiles.main - INFO - 1 change detected
2025-10-10 14:45:53,245 - watchfiles.main - INFO - 1 change detected
2025-10-10 14:45:53,596 - watchfiles.main - INFO - 1 change detected
2025-10-10 14:45:53,946 - watchfiles.main - INFO - 1 change detected
2025-10-10 14:45:54,297 - watchfiles.main - INFO - 1 change detected
2025-10-10 14:45:54,647 - watchfiles.main - INFO - 1 change detected
2025-10-10 14:45:54,997 - watchfiles.main - INFO - 1 change detected
2025-10-10 14:45:55,348 - watchfiles.main - INFO - 1 change detected
2025-10-10 14:45:55,698 - watchfiles.main - INFO - 1 change detected
2025-10-10 14:45:56,049 - watchfiles.main - INFO - 1 change detected
2025-10-10 14:45:56,399 - watchfiles.main - INFO - 1 change detected
2025-10-10 14:45:56,750 - watchfiles.main - INFO - 1 change detected
2025-10-10 14:45:57,102 - watchfiles.main - INFO - 1 change detected
2025-10-10 14:45:57,452 - watchfiles.main - INFO - 1 change detected
2025-10-10 14:45:57,803 - watchfiles.main - INFO - 1 change detected
2025-10-10 14:45:58,153 - watchfiles.main - INFO - 1 change detected
2025-10-10 14:45:58,504 - watchfiles.main - INFO - 1 change detected
2025-10-10 14:45:58,854 - watchfiles.main - INFO - 1 change detected
2025-10-10 14:45:59,204 - watchfiles.main - INFO - 1 change detected
2025-10-10 14:45:59,555 - watchfiles.main - INFO - 1 change detected
2025-10-10 14:45:59,905 - watchfiles.main - INFO - 1 change detected
2025-10-10 14:46:00,256 - watchfiles.main - INFO - 1 change detected
2025-10-10 14:46:00,606 - watchfiles.main - INFO - 1 change detected
2025-10-10 14:46:00,957 - watchfiles.main - INFO - 1 change detected
2025-10-10 14:46:01,307 - watchfiles.main - INFO - 1 change detected
2025-10-10 14:46:01,658 - watchfiles.main - INFO - 1 change detected
2025-10-10 14:46:02,008 - watchfiles.main - INFO - 1 change detected
2025-10-10 14:46:02,358 - watchfiles.main - INFO - 1 change detected
2025-10-10 14:46:02,709 - watchfiles.main - INFO - 1 change detected
2025-10-10 14:46:03,059 - watchfiles.main - INFO - 1 change detected
2025-10-10 14:46:03,410 - watchfiles.main - INFO - 1 change detected
2025-10-10 14:46:03,760 - watchfiles.main - INFO - 1 change detected
2025-10-10 14:46:04,111 - watchfiles.main - INFO - 1 change detected
2025-10-10 14:46:04,461 - watchfiles.main - INFO - 1 change detected
2025-10-10 14:46:04,811 - watchfiles.main - INFO - 1 change detected
2025-10-10 14:46:05,162 - watchfiles.main - INFO - 1 change detected
2025-10-10 14:46:05,512 - watchfiles.main - INFO - 1 change detected
2025-10-10 14:46:05,863 - watchfiles.main - INFO - 1 change detected
2025-10-10 14:46:06,213 - watchfiles.main - INFO - 1 change detected
2025-10-10 14:46:06,564 - watchfiles.main - INFO - 1 change detected
2025-10-10 14:46:06,914 - watchfiles.main - INFO - 1 change detected
2025-10-10 14:46:07,265 - watchfiles.main - INFO - 1 change detected
2025-10-10 14:46:07,615 - watchfiles.main - INFO - 1 change detected
2025-10-10 14:46:07,965 - watchfiles.main - INFO - 1 change detected
2025-10-10 14:46:08,316 - watchfiles.main - INFO - 1 change detected
2025-10-10 14:46:08,666 - watchfiles.main - INFO - 1 change detected
2025-10-10 14:46:09,017 - watchfiles.main - INFO - 1 change detected
2025-10-10 14:46:09,367 - watchfiles.main - INFO - 1 change detected
2025-10-10 14:46:09,718 - watchfiles.main - INFO - 1 change detected
2025-10-10 14:46:10,068 - watchfiles.main - INFO - 1 change detected
2025-10-10 14:46:10,419 - watchfiles.main - INFO - 1 change detected
2025-10-10 14:46:10,769 - watchfiles.main - INFO - 1 change detected
2025-10-10 14:46:11,119 - watchfiles.main - INFO - 1 change detected
2025-10-10 14:46:11,470 - watchfiles.main - INFO - 1 change detected
2025-10-10 14:46:11,820 - watchfiles.main - INFO - 1 change detected
2025-10-10 14:46:12,171 - watchfiles.main - INFO - 1 change detected
2025-10-10 14:46:12,521 - watchfiles.main - INFO - 1 change detected
2025-10-10 14:46:12,871 - watchfiles.main - INFO - 1 change detected
2025-10-10 14:46:13,222 - watchfiles.main - INFO - 1 change detected
2025-10-10 14:46:13,572 - watchfiles.main - INFO - 1 change detected
2025-10-10 14:46:13,923 - watchfiles.main - INFO - 1 change detected
2025-10-10 14:46:14,273 - watchfiles.main - INFO - 1 change detected
2025-10-10 14:46:14,624 - watchfiles.main - INFO - 1 change detected
2025-10-10 14:46:14,974 - watchfiles.main - INFO - 1 change detected
2025-10-10 14:46:15,324 - watchfiles.main - INFO - 1 change detected
2025-10-10 14:46:15,675 - watchfiles.main - INFO - 1 change detected
2025-10-10 14:46:16,025 - watchfiles.main - INFO - 1 change detected
2025-10-10 14:46:16,376 - watchfiles.main - INFO - 1 change detected
2025-10-10 14:46:16,726 - watchfiles.main - INFO - 1 change detected
2025-10-10 14:46:17,077 - watchfiles.main - INFO - 1 change detected
2025-10-10 14:46:17,427 - watchfiles.main - INFO - 1 change detected
2025-10-10 14:46:17,778 - watchfiles.main - INFO - 1 change detected
2025-10-10 14:46:18,128 - watchfiles.main - INFO - 1 change detected
2025-10-10 14:46:18,478 - watchfiles.main - INFO - 1 change detected
2025-10-10 14:46:18,829 - watchfiles.main - INFO - 1 change detected
2025-10-10 14:46:19,179 - watchfiles.main - INFO - 1 change detected
2025-10-10 14:46:19,530 - watchfiles.main - INFO - 1 change detected
2025-10-10 14:46:19,880 - watchfiles.main - INFO - 1 change detected
2025-10-10 14:46:20,231 - watchfiles.main - INFO - 1 change detected
2025-10-10 14:46:20,581 - watchfiles.main - INFO - 1 change detected
2025-10-10 14:46:20,932 - watchfiles.main - INFO - 1 change detected
2025-10-10 14:46:21,282 - watchfiles.main - INFO - 1 change detected
2025-10-10 14:46:21,632 - watchfiles.main - INFO - 1 change detected
2025-10-10 14:46:21,983 - watchfiles.main - INFO - 1 change detected
2025-10-10 14:46:22,333 - watchfiles.main - INFO - 1 change detected
2025-10-10 14:46:22,684 - watchfiles.main - INFO - 1 change detected
2025-10-10 14:46:23,034 - watchfiles.main - INFO - 1 change detected
2025-10-10 14:46:23,385 - watchfiles.main - INFO - 1 change detected
2025-10-10 14:46:23,735 - watchfiles.main - INFO - 1 change detected
2025-10-10 14:46:24,085 - watchfiles.main - INFO - 1 change detected
2025-10-10 14:46:24,436 - watchfiles.main - INFO - 1 change detected
2025-10-10 14:46:24,786 - watchfiles.main - INFO - 1 change detected
2025-10-10 14:46:25,137 - watchfiles.main - INFO - 1 change detected
2025-10-10 14:46:25,487 - watchfiles.main - INFO - 1 change detected
2025-10-10 14:46:25,838 - watchfiles.main - INFO - 1 change detected
2025-10-10 14:46:26,188 - watchfiles.main - INFO - 1 change detected
2025-10-10 14:46:26,539 - watchfiles.main - INFO - 1 change detected
2025-10-10 14:46:26,889 - watchfiles.main - INFO - 1 change detected
2025-10-10 14:46:27,239 - watchfiles.main - INFO - 1 change detected
2025-10-10 14:46:27,590 - watchfiles.main - INFO - 1 change detected
2025-10-10 14:46:27,940 - watchfiles.main - INFO - 1 change detected
2025-10-10 14:46:28,291 - watchfiles.main - INFO - 1 change detected
2025-10-10 14:46:28,641 - watchfiles.main - INFO - 1 change detected
2025-10-10 14:46:28,992 - watchfiles.main - INFO - 1 change detected
2025-10-10 14:46:29,342 - watchfiles.main - INFO - 1 change detected
2025-10-10 14:46:29,692 - watchfiles.main - INFO - 1 change detected
2025-10-10 14:46:30,043 - watchfiles.main - INFO - 1 change detected
2025-10-10 14:46:30,393 - watchfiles.main - INFO - 1 change detected
2025-10-10 14:46:30,744 - watchfiles.main - INFO - 1 change detected
2025-10-10 14:46:31,094 - watchfiles.main - INFO - 1 change detected
2025-10-10 14:46:31,445 - watchfiles.main - INFO - 1 change detected
2025-10-10 14:46:31,795 - watchfiles.main - INFO - 1 change detected
2025-10-10 14:46:32,145 - watchfiles.main - INFO - 1 change detected
2025-10-10 14:46:32,496 - watchfiles.main - INFO - 1 change detected
2025-10-10 14:46:32,846 - watchfiles.main - INFO - 1 change detected
2025-10-10 14:46:33,197 - watchfiles.main - INFO - 1 change detected
2025-10-10 14:46:33,547 - watchfiles.main - INFO - 1 change detected
2025-10-10 14:46:33,898 - watchfiles.main - INFO - 1 change detected
2025-10-10 14:46:34,248 - watchfiles.main - INFO - 1 change detected
2025-10-10 14:46:34,598 - watchfiles.main - INFO - 1 change detected
2025-10-10 14:46:34,949 - watchfiles.main - INFO - 1 change detected
2025-10-10 14:46:35,299 - watchfiles.main - INFO - 1 change detected
2025-10-10 14:46:35,650 - watchfiles.main - INFO - 1 change detected
2025-10-10 14:46:36,002 - watchfiles.main - INFO - 1 change detected
2025-10-10 14:46:36,352 - watchfiles.main - INFO - 1 change detected
2025-10-10 14:46:36,703 - watchfiles.main - INFO - 1 change detected
2025-10-10 14:46:37,053 - watchfiles.main - INFO - 1 change detected
2025-10-10 14:46:37,403 - watchfiles.main - INFO - 1 change detected
2025-10-10 14:46:37,754 - watchfiles.main - INFO - 1 change detected
2025-10-10 14:46:38,104 - watchfiles.main - INFO - 1 change detected
2025-10-10 14:46:38,455 - watchfiles.main - INFO - 1 change detected
2025-10-10 14:46:38,805 - watchfiles.main - INFO - 1 change detected
2025-10-10 14:46:39,155 - watchfiles.main - INFO - 1 change detected
2025-10-10 14:46:39,506 - watchfiles.main - INFO - 1 change detected
2025-10-10 14:46:39,856 - watchfiles.main - INFO - 1 change detected
2025-10-10 14:46:40,207 - watchfiles.main - INFO - 1 change detected
2025-10-10 14:46:40,557 - watchfiles.main - INFO - 1 change detected
2025-10-10 14:46:40,908 - watchfiles.main - INFO - 1 change detected
2025-10-10 14:46:41,258 - watchfiles.main - INFO - 1 change detected
2025-10-10 14:46:41,608 - watchfiles.main - INFO - 1 change detected
2025-10-10 14:46:41,959 - watchfiles.main - INFO - 1 change detected
2025-10-10 14:46:42,309 - watchfiles.main - INFO - 1 change detected
2025-10-10 14:46:42,660 - watchfiles.main - INFO - 1 change detected
2025-10-10 14:46:43,010 - watchfiles.main - INFO - 1 change detected
2025-10-10 14:46:43,361 - watchfiles.main - INFO - 1 change detected
2025-10-10 14:46:43,711 - watchfiles.main - INFO - 1 change detected
2025-10-10 14:46:44,062 - watchfiles.main - INFO - 1 change detected
2025-10-10 14:46:44,412 - watchfiles.main - INFO - 1 change detected
2025-10-10 14:46:44,762 - watchfiles.main - INFO - 1 change detected
2025-10-10 14:46:45,113 - watchfiles.main - INFO - 1 change detected
2025-10-10 14:46:45,463 - watchfiles.main - INFO - 1 change detected
2025-10-10 14:46:45,814 - watchfiles.main - INFO - 1 change detected
2025-10-10 14:46:46,164 - watchfiles.main - INFO - 1 change detected
2025-10-10 14:46:46,515 - watchfiles.main - INFO - 1 change detected
2025-10-10 14:46:46,865 - watchfiles.main - INFO - 1 change detected
2025-10-10 14:46:47,215 - watchfiles.main - INFO - 1 change detected
2025-10-10 14:46:47,566 - watchfiles.main - INFO - 1 change detected
2025-10-10 14:46:47,916 - watchfiles.main - INFO - 1 change detected
2025-10-10 14:46:48,267 - watchfiles.main - INFO - 1 change detected
2025-10-10 14:46:48,617 - watchfiles.main - INFO - 1 change detected
2025-10-10 14:46:48,968 - watchfiles.main - INFO - 1 change detected
2025-10-10 14:46:49,318 - watchfiles.main - INFO - 1 change detected
2025-10-10 14:46:49,669 - watchfiles.main - INFO - 1 change detected
2025-10-10 14:46:50,019 - watchfiles.main - INFO - 1 change detected
2025-10-10 14:46:50,369 - watchfiles.main - INFO - 1 change detected
2025-10-10 14:46:50,720 - watchfiles.main - INFO - 1 change detected
2025-10-10 14:46:51,070 - watchfiles.main - INFO - 1 change detected
2025-10-10 14:46:51,421 - watchfiles.main - INFO - 1 change detected
2025-10-10 14:46:51,771 - watchfiles.main - INFO - 1 change detected
2025-10-10 14:46:52,122 - watchfiles.main - INFO - 1 change detected
2025-10-10 14:46:52,472 - watchfiles.main - INFO - 1 change detected
2025-10-10 14:46:52,823 - watchfiles.main - INFO - 1 change detected
2025-10-10 14:46:53,173 - watchfiles.main - INFO - 1 change detected
2025-10-10 14:46:53,523 - watchfiles.main - INFO - 1 change detected
2025-10-10 14:46:53,874 - watchfiles.main - INFO - 1 change detected
2025-10-10 14:46:54,224 - watchfiles.main - INFO - 1 change detected
2025-10-10 14:46:54,575 - watchfiles.main - INFO - 1 change detected
2025-10-10 14:46:54,925 - watchfiles.main - INFO - 1 change detected
2025-10-10 14:46:55,276 - watchfiles.main - INFO - 1 change detected
2025-10-10 14:46:55,626 - watchfiles.main - INFO - 1 change detected
2025-10-10 14:46:55,976 - watchfiles.main - INFO - 1 change detected
2025-10-10 14:46:56,327 - watchfiles.main - INFO - 1 change detected
2025-10-10 14:46:56,677 - watchfiles.main - INFO - 1 change detected
2025-10-10 14:46:57,028 - watchfiles.main - INFO - 1 change detected
2025-10-10 14:46:57,378 - watchfiles.main - INFO - 1 change detected
2025-10-10 14:46:57,729 - watchfiles.main - INFO - 1 change detected
2025-10-10 14:46:58,079 - watchfiles.main - INFO - 1 change detected
2025-10-10 14:46:58,429 - watchfiles.main - INFO - 1 change detected
2025-10-10 14:46:58,780 - watchfiles.main - INFO - 1 change detected
2025-10-10 14:46:59,130 - watchfiles.main - INFO - 1 change detected
2025-10-10 14:46:59,481 - watchfiles.main - INFO - 1 change detected
2025-10-10 14:46:59,831 - watchfiles.main - INFO - 1 change detected
2025-10-10 14:47:00,182 - watchfiles.main - INFO - 1 change detected
2025-10-10 14:47:00,532 - watchfiles.main - INFO - 1 change detected
2025-10-10 14:47:00,882 - watchfiles.main - INFO - 1 change detected
2025-10-10 14:47:01,233 - watchfiles.main - INFO - 1 change detected
2025-10-10 14:47:01,583 - watchfiles.main - INFO - 1 change detected
2025-10-10 14:47:01,934 - watchfiles.main - INFO - 1 change detected
2025-10-10 14:47:02,284 - watchfiles.main - INFO - 1 change detected
2025-10-10 14:47:02,635 - watchfiles.main - INFO - 1 change detected
2025-10-10 14:47:02,985 - watchfiles.main - INFO - 1 change detected
2025-10-10 14:47:03,336 - watchfiles.main - INFO - 1 change detected
2025-10-10 14:47:03,686 - watchfiles.main - INFO - 1 change detected
2025-10-10 14:47:04,036 - watchfiles.main - INFO - 1 change detected
2025-10-10 14:47:04,387 - watchfiles.main - INFO - 1 change detected
2025-10-10 14:47:04,737 - watchfiles.main - INFO - 1 change detected
2025-10-10 14:47:05,088 - watchfiles.main - INFO - 1 change detected
2025-10-10 14:47:05,438 - watchfiles.main - INFO - 1 change detected
2025-10-10 14:47:05,789 - watchfiles.main - INFO - 1 change detected
2025-10-10 14:47:06,139 - watchfiles.main - INFO - 1 change detected
2025-10-10 14:47:06,490 - watchfiles.main - INFO - 1 change detected
2025-10-10 14:47:06,840 - watchfiles.main - INFO - 1 change detected
2025-10-10 14:47:07,190 - watchfiles.main - INFO - 1 change detected
2025-10-10 14:47:07,541 - watchfiles.main - INFO - 1 change detected
2025-10-10 14:47:07,891 - watchfiles.main - INFO - 1 change detected
2025-10-10 14:47:08,242 - watchfiles.main - INFO - 1 change detected
2025-10-10 14:47:08,592 - watchfiles.main - INFO - 1 change detected
2025-10-10 14:47:08,943 - watchfiles.main - INFO - 1 change detected
2025-10-10 14:47:09,293 - watchfiles.main - INFO - 1 change detected
2025-10-10 14:47:09,643 - watchfiles.main - INFO - 1 change detected
2025-10-10 14:47:09,994 - watchfiles.main - INFO - 1 change detected
2025-10-10 14:47:10,344 - watchfiles.main - INFO - 1 change detected
2025-10-10 14:47:10,695 - watchfiles.main - INFO - 1 change detected
2025-10-10 14:47:11,045 - watchfiles.main - INFO - 1 change detected
2025-10-10 14:47:11,396 - watchfiles.main - INFO - 1 change detected
2025-10-10 14:47:11,746 - watchfiles.main - INFO - 1 change detected
2025-10-10 14:47:12,097 - watchfiles.main - INFO - 1 change detected
2025-10-10 14:47:12,447 - watchfiles.main - INFO - 1 change detected
2025-10-10 14:47:12,797 - watchfiles.main - INFO - 1 change detected
2025-10-10 14:47:13,148 - watchfiles.main - INFO - 1 change detected
2025-10-10 14:47:13,498 - watchfiles.main - INFO - 1 change detected
2025-10-10 14:47:13,849 - watchfiles.main - INFO - 1 change detected
2025-10-10 14:47:14,199 - watchfiles.main - INFO - 1 change detected
2025-10-10 14:47:14,550 - watchfiles.main - INFO - 1 change detected
2025-10-10 14:47:14,900 - watchfiles.main - INFO - 1 change detected
2025-10-10 14:47:15,250 - watchfiles.main - INFO - 1 change detected
2025-10-10 14:47:15,601 - watchfiles.main - INFO - 1 change detected
2025-10-10 14:47:15,951 - watchfiles.main - INFO - 1 change detected
2025-10-10 14:47:16,302 - watchfiles.main - INFO - 1 change detected
2025-10-10 14:47:16,652 - watchfiles.main - INFO - 1 change detected
2025-10-10 14:47:17,003 - watchfiles.main - INFO - 1 change detected
2025-10-10 14:47:17,353 - watchfiles.main - INFO - 1 change detected
2025-10-10 14:47:17,703 - watchfiles.main - INFO - 1 change detected
2025-10-10 14:47:18,054 - watchfiles.main - INFO - 1 change detected
2025-10-10 14:47:18,404 - watchfiles.main - INFO - 1 change detected
2025-10-10 14:47:18,755 - watchfiles.main - INFO - 1 change detected
2025-10-10 14:47:19,105 - watchfiles.main - INFO - 1 change detected
2025-10-10 14:47:19,456 - watchfiles.main - INFO - 1 change detected
2025-10-10 14:47:19,806 - watchfiles.main - INFO - 1 change detected
2025-10-10 14:47:20,157 - watchfiles.main - INFO - 1 change detected
2025-10-10 14:47:20,507 - watchfiles.main - INFO - 1 change detected
2025-10-10 14:47:20,857 - watchfiles.main - INFO - 1 change detected
2025-10-10 14:47:21,208 - watchfiles.main - INFO - 1 change detected
2025-10-10 14:47:21,558 - watchfiles.main - INFO - 1 change detected
2025-10-10 14:47:21,909 - watchfiles.main - INFO - 1 change detected
2025-10-10 14:47:22,259 - watchfiles.main - INFO - 1 change detected
2025-10-10 14:47:22,610 - watchfiles.main - INFO - 1 change detected
2025-10-10 14:47:22,960 - watchfiles.main - INFO - 1 change detected
2025-10-10 14:47:23,311 - watchfiles.main - INFO - 1 change detected
2025-10-10 14:47:23,661 - watchfiles.main - INFO - 1 change detected
2025-10-10 14:47:24,011 - watchfiles.main - INFO - 1 change detected
2025-10-10 14:47:24,362 - watchfiles.main - INFO - 1 change detected
2025-10-10 14:47:24,712 - watchfiles.main - INFO - 1 change detected
2025-10-10 14:47:25,063 - watchfiles.main - INFO - 1 change detected
2025-10-10 14:47:25,413 - watchfiles.main - INFO - 1 change detected
2025-10-10 14:47:25,764 - watchfiles.main - INFO - 1 change detected
2025-10-10 14:47:26,114 - watchfiles.main - INFO - 1 change detected
2025-10-10 14:47:26,465 - watchfiles.main - INFO - 1 change detected
2025-10-10 14:47:26,815 - watchfiles.main - INFO - 1 change detected
2025-10-10 14:47:27,166 - watchfiles.main - INFO - 1 change detected
2025-10-10 14:47:27,516 - watchfiles.main - INFO - 1 change detected
2025-10-10 14:47:27,866 - watchfiles.main - INFO - 1 change detected
2025-10-10 14:47:28,217 - watchfiles.main - INFO - 1 change detected
2025-10-10 14:47:28,567 - watchfiles.main - INFO - 1 change detected
2025-10-10 14:47:28,918 - watchfiles.main - INFO - 1 change detected
2025-10-10 14:47:29,268 - watchfiles.main - INFO - 1 change detected
2025-10-10 14:47:29,619 - watchfiles.main - INFO - 1 change detected
2025-10-10 14:47:29,969 - watchfiles.main - INFO - 1 change detected
2025-10-10 14:47:30,320 - watchfiles.main - INFO - 1 change detected
2025-10-10 14:47:30,670 - watchfiles.main - INFO - 1 change detected
2025-10-10 14:47:31,021 - watchfiles.main - INFO - 1 change detected
2025-10-10 14:47:31,371 - watchfiles.main - INFO - 1 change detected
2025-10-10 14:47:31,721 - watchfiles.main - INFO - 1 change detected
2025-10-10 14:47:32,072 - watchfiles.main - INFO - 1 change detected
2025-10-10 14:47:32,422 - watchfiles.main - INFO - 1 change detected
2025-10-10 14:47:32,773 - watchfiles.main - INFO - 1 change detected
2025-10-10 14:47:33,123 - watchfiles.main - INFO - 1 change detected
2025-10-10 14:47:33,474 - watchfiles.main - INFO - 1 change detected
2025-10-10 14:47:33,824 - watchfiles.main - INFO - 1 change detected
2025-10-10 14:47:34,175 - watchfiles.main - INFO - 1 change detected
2025-10-10 14:47:34,525 - watchfiles.main - INFO - 1 change detected
2025-10-10 14:47:34,875 - watchfiles.main - INFO - 1 change detected
2025-10-10 14:47:35,226 - watchfiles.main - INFO - 1 change detected
2025-10-10 14:47:35,576 - watchfiles.main - INFO - 1 change detected
2025-10-10 14:47:35,927 - watchfiles.main - INFO - 1 change detected
2025-10-10 14:47:36,277 - watchfiles.main - INFO - 1 change detected
2025-10-10 14:47:36,628 - watchfiles.main - INFO - 1 change detected
2025-10-10 14:47:36,978 - watchfiles.main - INFO - 1 change detected
2025-10-10 14:47:37,328 - watchfiles.main - INFO - 1 change detected
2025-10-10 14:47:37,679 - watchfiles.main - INFO - 1 change detected
2025-10-10 14:47:38,029 - watchfiles.main - INFO - 1 change detected
2025-10-10 14:47:38,380 - watchfiles.main - INFO - 1 change detected
2025-10-10 14:47:38,730 - watchfiles.main - INFO - 1 change detected
2025-10-10 14:47:39,081 - watchfiles.main - INFO - 1 change detected
2025-10-10 14:47:39,431 - watchfiles.main - INFO - 1 change detected
2025-10-10 14:47:39,782 - watchfiles.main - INFO - 1 change detected
2025-10-10 14:47:40,132 - watchfiles.main - INFO - 1 change detected
2025-10-10 14:47:40,482 - watchfiles.main - INFO - 1 change detected
2025-10-10 14:47:40,833 - watchfiles.main - INFO - 1 change detected
2025-10-10 14:47:41,183 - watchfiles.main - INFO - 1 change detected
2025-10-10 14:47:41,534 - watchfiles.main - INFO - 1 change detected
2025-10-10 14:47:41,884 - watchfiles.main - INFO - 1 change detected
2025-10-10 14:47:42,235 - watchfiles.main - INFO - 1 change detected
2025-10-10 14:47:42,585 - watchfiles.main - INFO - 1 change detected
2025-10-10 14:47:42,935 - watchfiles.main - INFO - 1 change detected
2025-10-10 14:47:43,286 - watchfiles.main - INFO - 1 change detected
2025-10-10 14:47:43,636 - watchfiles.main - INFO - 1 change detected
2025-10-10 14:47:43,987 - watchfiles.main - INFO - 1 change detected
2025-10-10 14:47:44,337 - watchfiles.main - INFO - 1 change detected
2025-10-10 14:47:44,688 - watchfiles.main - INFO - 1 change detected
2025-10-10 14:47:45,038 - watchfiles.main - INFO - 1 change detected
2025-10-10 14:47:45,389 - watchfiles.main - INFO - 1 change detected
2025-10-10 14:47:45,739 - watchfiles.main - INFO - 1 change detected
2025-10-10 14:47:46,089 - watchfiles.main - INFO - 1 change detected
2025-10-10 14:47:46,440 - watchfiles.main - INFO - 1 change detected
2025-10-10 14:47:46,790 - watchfiles.main - INFO - 1 change detected
2025-10-10 14:47:47,141 - watchfiles.main - INFO - 1 change detected
2025-10-10 14:47:47,491 - watchfiles.main - INFO - 1 change detected
2025-10-10 14:47:47,842 - watchfiles.main - INFO - 1 change detected
2025-10-10 14:47:48,192 - watchfiles.main - INFO - 1 change detected
2025-10-10 14:47:48,542 - watchfiles.main - INFO - 1 change detected
2025-10-10 14:47:48,893 - watchfiles.main - INFO - 1 change detected
2025-10-10 14:47:49,298 - watchfiles.main - INFO - 1 change detected
2025-10-10 14:47:49,649 - watchfiles.main - INFO - 1 change detected
2025-10-10 14:47:49,999 - watchfiles.main - INFO - 1 change detected
2025-10-10 14:47:50,350 - watchfiles.main - INFO - 1 change detected
2025-10-10 14:47:50,700 - watchfiles.main - INFO - 1 change detected
2025-10-10 14:47:51,051 - watchfiles.main - INFO - 1 change detected
2025-10-10 14:47:51,401 - watchfiles.main - INFO - 1 change detected
2025-10-10 14:47:51,752 - watchfiles.main - INFO - 1 change detected
2025-10-10 14:47:52,102 - watchfiles.main - INFO - 1 change detected
2025-10-10 14:47:52,453 - watchfiles.main - INFO - 1 change detected
2025-10-10 14:47:52,803 - watchfiles.main - INFO - 1 change detected
2025-10-10 14:47:53,154 - watchfiles.main - INFO - 1 change detected
2025-10-10 14:47:53,504 - watchfiles.main - INFO - 1 change detected
2025-10-10 14:47:53,854 - watchfiles.main - INFO - 1 change detected
2025-10-10 14:47:54,205 - watchfiles.main - INFO - 1 change detected
2025-10-10 14:47:54,555 - watchfiles.main - INFO - 1 change detected
2025-10-10 14:47:54,906 - watchfiles.main - INFO - 1 change detected
2025-10-10 14:47:55,256 - watchfiles.main - INFO - 1 change detected
2025-10-10 14:47:55,607 - watchfiles.main - INFO - 1 change detected
2025-10-10 14:47:55,957 - watchfiles.main - INFO - 1 change detected
2025-10-10 14:47:56,307 - watchfiles.main - INFO - 1 change detected
2025-10-10 14:47:56,658 - watchfiles.main - INFO - 1 change detected
2025-10-10 14:47:57,008 - watchfiles.main - INFO - 1 change detected
2025-10-10 14:47:57,359 - watchfiles.main - INFO - 1 change detected
2025-10-10 14:47:57,709 - watchfiles.main - INFO - 1 change detected
2025-10-10 14:47:58,060 - watchfiles.main - INFO - 1 change detected
2025-10-10 14:47:58,410 - watchfiles.main - INFO - 1 change detected
2025-10-10 14:47:58,760 - watchfiles.main - INFO - 1 change detected
2025-10-10 14:47:59,111 - watchfiles.main - INFO - 1 change detected
2025-10-10 14:47:59,461 - watchfiles.main - INFO - 1 change detected
2025-10-10 14:47:59,812 - watchfiles.main - INFO - 1 change detected
2025-10-10 14:48:00,162 - watchfiles.main - INFO - 1 change detected
2025-10-10 14:48:00,513 - watchfiles.main - INFO - 1 change detected
2025-10-10 14:48:00,863 - watchfiles.main - INFO - 1 change detected
2025-10-10 14:48:01,214 - watchfiles.main - INFO - 1 change detected
2025-10-10 14:48:01,564 - watchfiles.main - INFO - 1 change detected
2025-10-10 14:48:01,915 - watchfiles.main - INFO - 1 change detected
2025-10-10 14:48:02,265 - watchfiles.main - INFO - 1 change detected
2025-10-10 14:48:02,616 - watchfiles.main - INFO - 1 change detected
2025-10-10 14:48:02,966 - watchfiles.main - INFO - 1 change detected
2025-10-10 14:48:03,316 - watchfiles.main - INFO - 1 change detected
2025-10-10 14:48:03,667 - watchfiles.main - INFO - 1 change detected
2025-10-10 14:48:04,017 - watchfiles.main - INFO - 1 change detected
2025-10-10 14:48:04,368 - watchfiles.main - INFO - 1 change detected
2025-10-10 14:48:04,718 - watchfiles.main - INFO - 1 change detected
2025-10-10 14:48:05,069 - watchfiles.main - INFO - 1 change detected
2025-10-10 14:48:05,419 - watchfiles.main - INFO - 1 change detected
2025-10-10 14:48:05,769 - watchfiles.main - INFO - 1 change detected
2025-10-10 14:48:06,120 - watchfiles.main - INFO - 1 change detected
2025-10-10 14:48:06,470 - watchfiles.main - INFO - 1 change detected
2025-10-10 14:48:06,821 - watchfiles.main - INFO - 1 change detected
2025-10-10 14:48:07,171 - watchfiles.main - INFO - 1 change detected
2025-10-10 14:48:07,522 - watchfiles.main - INFO - 1 change detected
2025-10-10 14:48:07,872 - watchfiles.main - INFO - 1 change detected
2025-10-10 14:48:08,223 - watchfiles.main - INFO - 1 change detected
2025-10-10 14:48:08,573 - watchfiles.main - INFO - 1 change detected
2025-10-10 14:48:08,923 - watchfiles.main - INFO - 1 change detected
2025-10-10 14:48:09,274 - watchfiles.main - INFO - 1 change detected
2025-10-10 14:48:09,624 - watchfiles.main - INFO - 1 change detected
2025-10-10 14:48:09,975 - watchfiles.main - INFO - 1 change detected
2025-10-10 14:48:10,325 - watchfiles.main - INFO - 1 change detected
2025-10-10 14:48:10,676 - watchfiles.main - INFO - 1 change detected
2025-10-10 14:48:11,026 - watchfiles.main - INFO - 1 change detected
2025-10-10 14:48:11,376 - watchfiles.main - INFO - 1 change detected
2025-10-10 14:48:11,727 - watchfiles.main - INFO - 1 change detected
2025-10-10 14:48:12,077 - watchfiles.main - INFO - 1 change detected
2025-10-10 14:48:12,428 - watchfiles.main - INFO - 1 change detected
2025-10-10 14:48:12,778 - watchfiles.main - INFO - 1 change detected
2025-10-10 14:48:13,129 - watchfiles.main - INFO - 1 change detected
2025-10-10 14:48:13,479 - watchfiles.main - INFO - 1 change detected
2025-10-10 14:48:13,829 - watchfiles.main - INFO - 1 change detected
2025-10-10 14:48:14,180 - watchfiles.main - INFO - 1 change detected
2025-10-10 14:48:14,530 - watchfiles.main - INFO - 1 change detected
2025-10-10 14:48:14,881 - watchfiles.main - INFO - 1 change detected
2025-10-10 14:48:15,231 - watchfiles.main - INFO - 1 change detected
2025-10-10 14:48:15,582 - watchfiles.main - INFO - 1 change detected
2025-10-10 14:48:15,932 - watchfiles.main - INFO - 1 change detected
2025-10-10 14:48:16,283 - watchfiles.main - INFO - 1 change detected
2025-10-10 14:48:16,633 - watchfiles.main - INFO - 1 change detected
2025-10-10 14:48:16,983 - watchfiles.main - INFO - 1 change detected
2025-10-10 14:48:17,334 - watchfiles.main - INFO - 1 change detected
2025-10-10 14:48:17,684 - watchfiles.main - INFO - 1 change detected
2025-10-10 14:48:18,035 - watchfiles.main - INFO - 1 change detected
2025-10-10 14:48:18,385 - watchfiles.main - INFO - 1 change detected
2025-10-10 14:48:18,736 - watchfiles.main - INFO - 1 change detected
2025-10-10 14:48:19,086 - watchfiles.main - INFO - 1 change detected
2025-10-10 14:48:19,437 - watchfiles.main - INFO - 1 change detected
2025-10-10 14:48:19,787 - watchfiles.main - INFO - 1 change detected
2025-10-10 14:48:20,137 - watchfiles.main - INFO - 1 change detected
2025-10-10 14:48:20,488 - watchfiles.main - INFO - 1 change detected
2025-10-10 14:48:20,838 - watchfiles.main - INFO - 1 change detected
2025-10-10 14:48:21,189 - watchfiles.main - INFO - 1 change detected
2025-10-10 14:48:21,539 - watchfiles.main - INFO - 1 change detected
2025-10-10 14:48:21,890 - watchfiles.main - INFO - 1 change detected
2025-10-10 14:48:22,240 - watchfiles.main - INFO - 1 change detected
2025-10-10 14:48:22,591 - watchfiles.main - INFO - 1 change detected
2025-10-10 14:48:22,941 - watchfiles.main - INFO - 1 change detected
2025-10-10 14:48:23,291 - watchfiles.main - INFO - 1 change detected
2025-10-10 14:48:23,642 - watchfiles.main - INFO - 1 change detected
2025-10-10 14:48:23,992 - watchfiles.main - INFO - 1 change detected
2025-10-10 14:48:24,343 - watchfiles.main - INFO - 1 change detected
2025-10-10 14:48:24,693 - watchfiles.main - INFO - 1 change detected
2025-10-10 14:48:25,044 - watchfiles.main - INFO - 1 change detected
2025-10-10 14:48:25,394 - watchfiles.main - INFO - 1 change detected
2025-10-10 14:48:25,745 - watchfiles.main - INFO - 1 change detected
2025-10-10 14:48:26,095 - watchfiles.main - INFO - 1 change detected
2025-10-10 14:48:26,445 - watchfiles.main - INFO - 1 change detected
2025-10-10 14:48:26,796 - watchfiles.main - INFO - 1 change detected
2025-10-10 14:48:27,146 - watchfiles.main - INFO - 1 change detected
2025-10-10 14:48:27,497 - watchfiles.main - INFO - 1 change detected
2025-10-10 14:48:27,847 - watchfiles.main - INFO - 1 change detected
2025-10-10 14:48:28,198 - watchfiles.main - INFO - 1 change detected
2025-10-10 14:48:28,548 - watchfiles.main - INFO - 1 change detected
2025-10-10 14:48:28,898 - watchfiles.main - INFO - 1 change detected
2025-10-10 14:48:29,249 - watchfiles.main - INFO - 1 change detected
2025-10-10 14:48:29,599 - watchfiles.main - INFO - 1 change detected
2025-10-10 14:48:29,950 - watchfiles.main - INFO - 1 change detected
2025-10-10 14:48:30,300 - watchfiles.main - INFO - 1 change detected
2025-10-10 14:48:30,651 - watchfiles.main - INFO - 1 change detected
2025-10-10 14:48:31,001 - watchfiles.main - INFO - 1 change detected
2025-10-10 14:48:31,352 - watchfiles.main - INFO - 1 change detected
2025-10-10 14:48:31,702 - watchfiles.main - INFO - 1 change detected
2025-10-10 14:48:32,053 - watchfiles.main - INFO - 1 change detected
2025-10-10 14:48:32,403 - watchfiles.main - INFO - 1 change detected
2025-10-10 14:48:32,754 - watchfiles.main - INFO - 1 change detected
2025-10-10 14:48:33,104 - watchfiles.main - INFO - 1 change detected
2025-10-10 14:48:33,454 - watchfiles.main - INFO - 1 change detected
2025-10-10 14:48:33,805 - watchfiles.main - INFO - 1 change detected
2025-10-10 14:48:34,155 - watchfiles.main - INFO - 1 change detected
2025-10-10 14:48:34,506 - watchfiles.main - INFO - 1 change detected
2025-10-10 14:48:34,856 - watchfiles.main - INFO - 1 change detected
2025-10-10 14:48:35,206 - watchfiles.main - INFO - 1 change detected
2025-10-10 14:48:35,557 - watchfiles.main - INFO - 1 change detected
2025-10-10 14:48:35,907 - watchfiles.main - INFO - 1 change detected
2025-10-10 14:48:36,258 - watchfiles.main - INFO - 1 change detected
2025-10-10 14:48:36,608 - watchfiles.main - INFO - 1 change detected
2025-10-10 14:48:36,959 - watchfiles.main - INFO - 1 change detected
2025-10-10 14:48:37,309 - watchfiles.main - INFO - 1 change detected
2025-10-10 14:48:37,659 - watchfiles.main - INFO - 1 change detected
2025-10-10 14:48:38,010 - watchfiles.main - INFO - 1 change detected
2025-10-10 14:48:38,360 - watchfiles.main - INFO - 1 change detected
2025-10-10 14:48:38,711 - watchfiles.main - INFO - 1 change detected
2025-10-10 14:48:39,061 - watchfiles.main - INFO - 1 change detected
2025-10-10 14:48:39,412 - watchfiles.main - INFO - 1 change detected
2025-10-10 14:48:39,762 - watchfiles.main - INFO - 1 change detected
2025-10-10 14:48:40,113 - watchfiles.main - INFO - 1 change detected
2025-10-10 14:48:40,463 - watchfiles.main - INFO - 1 change detected
2025-10-10 14:48:40,813 - watchfiles.main - INFO - 1 change detected
2025-10-10 14:48:41,164 - watchfiles.main - INFO - 1 change detected
2025-10-10 14:48:41,514 - watchfiles.main - INFO - 1 change detected
2025-10-10 14:48:41,865 - watchfiles.main - INFO - 1 change detected
2025-10-10 14:48:42,215 - watchfiles.main - INFO - 1 change detected
2025-10-10 14:48:42,566 - watchfiles.main - INFO - 1 change detected
2025-10-10 14:48:42,916 - watchfiles.main - INFO - 1 change detected
2025-10-10 14:48:43,266 - watchfiles.main - INFO - 1 change detected
2025-10-10 14:48:43,617 - watchfiles.main - INFO - 1 change detected
2025-10-10 14:48:43,967 - watchfiles.main - INFO - 1 change detected
2025-10-10 14:48:44,318 - watchfiles.main - INFO - 1 change detected
2025-10-10 14:48:44,668 - watchfiles.main - INFO - 1 change detected
2025-10-10 14:48:45,018 - watchfiles.main - INFO - 1 change detected
2025-10-10 14:48:45,369 - watchfiles.main - INFO - 1 change detected
2025-10-10 14:48:45,719 - watchfiles.main - INFO - 1 change detected
2025-10-10 14:48:46,070 - watchfiles.main - INFO - 1 change detected
2025-10-10 14:48:46,420 - watchfiles.main - INFO - 1 change detected
2025-10-10 14:48:46,771 - watchfiles.main - INFO - 1 change detected
2025-10-10 14:48:47,121 - watchfiles.main - INFO - 1 change detected
2025-10-10 14:48:47,471 - watchfiles.main - INFO - 1 change detected
2025-10-10 14:48:47,822 - watchfiles.main - INFO - 1 change detected
2025-10-10 14:48:48,172 - watchfiles.main - INFO - 1 change detected
2025-10-10 14:48:48,523 - watchfiles.main - INFO - 1 change detected
2025-10-10 14:48:48,873 - watchfiles.main - INFO - 1 change detected
2025-10-10 14:48:49,224 - watchfiles.main - INFO - 1 change detected
2025-10-10 14:48:49,574 - watchfiles.main - INFO - 1 change detected
2025-10-10 14:48:49,924 - watchfiles.main - INFO - 1 change detected
2025-10-10 14:48:50,275 - watchfiles.main - INFO - 1 change detected
2025-10-10 14:48:50,625 - watchfiles.main - INFO - 1 change detected
2025-10-10 14:48:50,976 - watchfiles.main - INFO - 1 change detected
2025-10-10 14:48:51,326 - watchfiles.main - INFO - 1 change detected
2025-10-10 14:48:51,677 - watchfiles.main - INFO - 1 change detected
2025-10-10 14:48:52,027 - watchfiles.main - INFO - 1 change detected
2025-10-10 14:48:52,378 - watchfiles.main - INFO - 1 change detected
2025-10-10 14:48:52,728 - watchfiles.main - INFO - 1 change detected
2025-10-10 14:48:53,078 - watchfiles.main - INFO - 1 change detected
2025-10-10 14:48:53,429 - watchfiles.main - INFO - 1 change detected
2025-10-10 14:48:53,779 - watchfiles.main - INFO - 1 change detected
2025-10-10 14:48:54,130 - watchfiles.main - INFO - 1 change detected
2025-10-10 14:48:54,480 - watchfiles.main - INFO - 1 change detected
2025-10-10 14:48:54,831 - watchfiles.main - INFO - 1 change detected
2025-10-10 14:48:55,181 - watchfiles.main - INFO - 1 change detected
2025-10-10 14:48:55,531 - watchfiles.main - INFO - 1 change detected
2025-10-10 14:48:55,882 - watchfiles.main - INFO - 1 change detected
2025-10-10 14:48:56,232 - watchfiles.main - INFO - 1 change detected
2025-10-10 14:48:56,583 - watchfiles.main - INFO - 1 change detected
2025-10-10 14:48:56,933 - watchfiles.main - INFO - 1 change detected
2025-10-10 14:48:57,284 - watchfiles.main - INFO - 1 change detected
2025-10-10 14:48:57,634 - watchfiles.main - INFO - 1 change detected
2025-10-10 14:48:57,984 - watchfiles.main - INFO - 1 change detected
2025-10-10 14:48:58,335 - watchfiles.main - INFO - 1 change detected
2025-10-10 14:48:58,685 - watchfiles.main - INFO - 1 change detected
2025-10-10 14:48:59,036 - watchfiles.main - INFO - 1 change detected
2025-10-10 14:48:59,386 - watchfiles.main - INFO - 1 change detected
2025-10-10 14:48:59,737 - watchfiles.main - INFO - 1 change detected
2025-10-10 14:49:00,087 - watchfiles.main - INFO - 1 change detected
2025-10-10 14:49:00,438 - watchfiles.main - INFO - 1 change detected
2025-10-10 14:49:00,788 - watchfiles.main - INFO - 1 change detected
2025-10-10 14:49:01,138 - watchfiles.main - INFO - 1 change detected
2025-10-10 14:49:01,489 - watchfiles.main - INFO - 1 change detected
2025-10-10 14:49:01,839 - watchfiles.main - INFO - 1 change detected
2025-10-10 14:49:02,190 - watchfiles.main - INFO - 1 change detected
2025-10-10 14:49:02,540 - watchfiles.main - INFO - 1 change detected
2025-10-10 14:49:02,891 - watchfiles.main - INFO - 1 change detected
2025-10-10 14:49:03,241 - watchfiles.main - INFO - 1 change detected
2025-10-10 14:49:03,591 - watchfiles.main - INFO - 1 change detected
2025-10-10 14:49:03,942 - watchfiles.main - INFO - 1 change detected
2025-10-10 14:49:04,292 - watchfiles.main - INFO - 1 change detected
2025-10-10 14:49:04,643 - watchfiles.main - INFO - 1 change detected
2025-10-10 14:49:04,993 - watchfiles.main - INFO - 1 change detected
2025-10-10 14:49:05,344 - watchfiles.main - INFO - 1 change detected
2025-10-10 14:49:05,694 - watchfiles.main - INFO - 1 change detected
2025-10-10 14:49:06,044 - watchfiles.main - INFO - 1 change detected
2025-10-10 14:49:06,395 - watchfiles.main - INFO - 1 change detected
2025-10-10 14:49:06,745 - watchfiles.main - INFO - 1 change detected
2025-10-10 14:49:07,096 - watchfiles.main - INFO - 1 change detected
2025-10-10 14:49:07,446 - watchfiles.main - INFO - 1 change detected
2025-10-10 14:49:07,797 - watchfiles.main - INFO - 1 change detected
2025-10-10 14:49:08,147 - watchfiles.main - INFO - 1 change detected
2025-10-10 14:49:08,498 - watchfiles.main - INFO - 1 change detected
2025-10-10 14:49:08,848 - watchfiles.main - INFO - 1 change detected
2025-10-10 14:49:09,199 - watchfiles.main - INFO - 1 change detected
2025-10-10 14:49:09,549 - watchfiles.main - INFO - 1 change detected
2025-10-10 14:49:09,899 - watchfiles.main - INFO - 1 change detected
2025-10-10 14:49:10,250 - watchfiles.main - INFO - 1 change detected
2025-10-10 14:49:10,600 - watchfiles.main - INFO - 1 change detected
2025-10-10 14:49:10,951 - watchfiles.main - INFO - 1 change detected
2025-10-10 14:49:11,301 - watchfiles.main - INFO - 1 change detected
2025-10-10 14:49:11,652 - watchfiles.main - INFO - 1 change detected
2025-10-10 14:49:12,002 - watchfiles.main - INFO - 1 change detected
2025-10-10 14:49:12,353 - watchfiles.main - INFO - 1 change detected
2025-10-10 14:49:12,703 - watchfiles.main - INFO - 1 change detected
2025-10-10 14:49:13,053 - watchfiles.main - INFO - 1 change detected
2025-10-10 14:49:13,404 - watchfiles.main - INFO - 1 change detected
2025-10-10 14:49:13,754 - watchfiles.main - INFO - 1 change detected
2025-10-10 14:49:14,105 - watchfiles.main - INFO - 1 change detected
2025-10-10 14:49:14,455 - watchfiles.main - INFO - 1 change detected
2025-10-10 14:49:14,806 - watchfiles.main - INFO - 1 change detected
2025-10-10 14:49:15,156 - watchfiles.main - INFO - 1 change detected
2025-10-10 14:49:15,507 - watchfiles.main - INFO - 1 change detected
2025-10-10 14:49:15,857 - watchfiles.main - INFO - 1 change detected
2025-10-10 14:49:16,207 - watchfiles.main - INFO - 1 change detected
2025-10-10 14:49:16,558 - watchfiles.main - INFO - 1 change detected
2025-10-10 14:49:16,908 - watchfiles.main - INFO - 1 change detected
2025-10-10 14:49:17,259 - watchfiles.main - INFO - 1 change detected
2025-10-10 14:49:17,609 - watchfiles.main - INFO - 1 change detected
2025-10-10 14:49:17,960 - watchfiles.main - INFO - 1 change detected
2025-10-10 14:49:18,310 - watchfiles.main - INFO - 1 change detected
2025-10-10 14:49:18,660 - watchfiles.main - INFO - 1 change detected
2025-10-10 14:49:19,011 - watchfiles.main - INFO - 1 change detected
2025-10-10 14:49:19,361 - watchfiles.main - INFO - 1 change detected
2025-10-10 14:49:19,712 - watchfiles.main - INFO - 1 change detected
2025-10-10 14:49:20,062 - watchfiles.main - INFO - 1 change detected
2025-10-10 14:49:20,413 - watchfiles.main - INFO - 1 change detected
2025-10-10 14:49:20,763 - watchfiles.main - INFO - 1 change detected
2025-10-10 14:49:21,114 - watchfiles.main - INFO - 1 change detected
2025-10-10 14:49:21,464 - watchfiles.main - INFO - 1 change detected
2025-10-10 14:49:21,815 - watchfiles.main - INFO - 1 change detected
2025-10-10 14:49:22,165 - watchfiles.main - INFO - 1 change detected
2025-10-10 14:49:22,515 - watchfiles.main - INFO - 1 change detected
2025-10-10 14:49:22,866 - watchfiles.main - INFO - 1 change detected
2025-10-10 14:49:23,216 - watchfiles.main - INFO - 1 change detected
2025-10-10 14:49:23,567 - watchfiles.main - INFO - 1 change detected
2025-10-10 14:49:23,917 - watchfiles.main - INFO - 1 change detected
2025-10-10 14:49:24,268 - watchfiles.main - INFO - 1 change detected
2025-10-10 14:49:24,618 - watchfiles.main - INFO - 1 change detected
2025-10-10 14:49:24,969 - watchfiles.main - INFO - 1 change detected
2025-10-10 14:49:25,319 - watchfiles.main - INFO - 1 change detected
2025-10-10 14:49:25,669 - watchfiles.main - INFO - 1 change detected
2025-10-10 14:49:26,020 - watchfiles.main - INFO - 1 change detected
2025-10-10 14:49:26,370 - watchfiles.main - INFO - 1 change detected
2025-10-10 14:49:26,721 - watchfiles.main - INFO - 1 change detected
2025-10-10 14:49:27,071 - watchfiles.main - INFO - 1 change detected
2025-10-10 14:49:27,422 - watchfiles.main - INFO - 1 change detected
2025-10-10 14:49:27,772 - watchfiles.main - INFO - 1 change detected
2025-10-10 14:49:28,122 - watchfiles.main - INFO - 1 change detected
2025-10-10 14:49:28,473 - watchfiles.main - INFO - 1 change detected
2025-10-10 14:49:28,823 - watchfiles.main - INFO - 1 change detected
2025-10-10 14:49:29,174 - watchfiles.main - INFO - 1 change detected
2025-10-10 14:49:29,524 - watchfiles.main - INFO - 1 change detected
2025-10-10 14:49:29,875 - watchfiles.main - INFO - 1 change detected
2025-10-10 14:49:30,225 - watchfiles.main - INFO - 1 change detected
2025-10-10 14:49:30,576 - watchfiles.main - INFO - 1 change detected
2025-10-10 14:49:30,926 - watchfiles.main - INFO - 1 change detected
2025-10-10 14:49:31,277 - watchfiles.main - INFO - 1 change detected
2025-10-10 14:49:31,627 - watchfiles.main - INFO - 1 change detected
2025-10-10 14:49:31,977 - watchfiles.main - INFO - 1 change detected
2025-10-10 14:49:32,328 - watchfiles.main - INFO - 1 change detected
2025-10-10 14:49:32,678 - watchfiles.main - INFO - 1 change detected
2025-10-10 14:49:33,029 - watchfiles.main - INFO - 1 change detected
2025-10-10 14:49:33,379 - watchfiles.main - INFO - 1 change detected
2025-10-10 14:49:33,730 - watchfiles.main - INFO - 1 change detected
2025-10-10 14:49:34,080 - watchfiles.main - INFO - 1 change detected
2025-10-10 14:49:34,430 - watchfiles.main - INFO - 1 change detected
2025-10-10 14:49:34,781 - watchfiles.main - INFO - 1 change detected
2025-10-10 14:49:35,131 - watchfiles.main - INFO - 1 change detected
2025-10-10 14:49:35,482 - watchfiles.main - INFO - 1 change detected
2025-10-10 14:49:35,832 - watchfiles.main - INFO - 1 change detected
2025-10-10 14:49:36,183 - watchfiles.main - INFO - 1 change detected
2025-10-10 14:49:36,533 - watchfiles.main - INFO - 1 change detected
2025-10-10 14:49:36,884 - watchfiles.main - INFO - 1 change detected
2025-10-10 14:49:37,234 - watchfiles.main - INFO - 1 change detected
2025-10-10 14:49:37,584 - watchfiles.main - INFO - 1 change detected
2025-10-10 14:49:37,935 - watchfiles.main - INFO - 1 change detected
2025-10-10 14:49:38,285 - watchfiles.main - INFO - 1 change detected
2025-10-10 14:49:38,636 - watchfiles.main - INFO - 1 change detected
2025-10-10 14:49:38,986 - watchfiles.main - INFO - 1 change detected
2025-10-10 14:49:39,337 - watchfiles.main - INFO - 1 change detected
2025-10-10 14:49:39,687 - watchfiles.main - INFO - 1 change detected
2025-10-10 14:49:40,037 - watchfiles.main - INFO - 1 change detected
2025-10-10 14:49:40,388 - watchfiles.main - INFO - 1 change detected
2025-10-10 14:49:40,738 - watchfiles.main - INFO - 1 change detected
2025-10-10 14:49:41,089 - watchfiles.main - INFO - 1 change detected
2025-10-10 14:49:41,439 - watchfiles.main - INFO - 1 change detected
2025-10-10 14:49:41,790 - watchfiles.main - INFO - 1 change detected
2025-10-10 14:49:42,140 - watchfiles.main - INFO - 1 change detected
2025-10-10 14:49:42,490 - watchfiles.main - INFO - 1 change detected
2025-10-10 14:49:42,841 - watchfiles.main - INFO - 1 change detected
2025-10-10 14:49:43,191 - watchfiles.main - INFO - 1 change detected
2025-10-10 14:49:43,542 - watchfiles.main - INFO - 1 change detected
2025-10-10 14:49:43,892 - watchfiles.main - INFO - 1 change detected
2025-10-10 14:49:44,243 - watchfiles.main - INFO - 1 change detected
2025-10-10 14:49:44,593 - watchfiles.main - INFO - 1 change detected
2025-10-10 14:49:44,943 - watchfiles.main - INFO - 1 change detected
2025-10-10 14:49:45,294 - watchfiles.main - INFO - 1 change detected
2025-10-10 14:49:45,644 - watchfiles.main - INFO - 1 change detected
2025-10-10 14:49:45,995 - watchfiles.main - INFO - 1 change detected
2025-10-10 14:49:46,345 - watchfiles.main - INFO - 1 change detected
2025-10-10 14:49:46,695 - watchfiles.main - INFO - 1 change detected
2025-10-10 14:49:47,046 - watchfiles.main - INFO - 1 change detected
2025-10-10 14:49:47,396 - watchfiles.main - INFO - 1 change detected
2025-10-10 14:49:47,747 - watchfiles.main - INFO - 1 change detected
2025-10-10 14:49:48,097 - watchfiles.main - INFO - 1 change detected
2025-10-10 14:49:48,448 - watchfiles.main - INFO - 1 change detected
2025-10-10 14:49:48,798 - watchfiles.main - INFO - 1 change detected
2025-10-10 14:49:49,149 - watchfiles.main - INFO - 1 change detected
2025-10-10 14:49:49,499 - watchfiles.main - INFO - 1 change detected
2025-10-10 14:49:49,849 - watchfiles.main - INFO - 1 change detected
2025-10-10 14:49:50,200 - watchfiles.main - INFO - 1 change detected
2025-10-10 14:49:50,550 - watchfiles.main - INFO - 1 change detected
2025-10-10 14:49:50,901 - watchfiles.main - INFO - 1 change detected
2025-10-10 14:49:51,251 - watchfiles.main - INFO - 1 change detected
2025-10-10 14:49:51,602 - watchfiles.main - INFO - 1 change detected
2025-10-10 14:49:51,952 - watchfiles.main - INFO - 1 change detected
2025-10-10 14:49:52,303 - watchfiles.main - INFO - 1 change detected
2025-10-10 14:49:52,653 - watchfiles.main - INFO - 1 change detected
2025-10-10 14:49:53,004 - watchfiles.main - INFO - 1 change detected
2025-10-10 14:49:53,354 - watchfiles.main - INFO - 1 change detected
2025-10-10 14:49:53,704 - watchfiles.main - INFO - 1 change detected
2025-10-10 14:49:54,058 - watchfiles.main - INFO - 1 change detected
2025-10-10 14:49:54,408 - watchfiles.main - INFO - 1 change detected
2025-10-10 14:49:54,759 - watchfiles.main - INFO - 1 change detected
2025-10-10 14:49:55,109 - watchfiles.main - INFO - 1 change detected
2025-10-10 14:49:55,460 - watchfiles.main - INFO - 1 change detected
2025-10-10 14:49:55,810 - watchfiles.main - INFO - 1 change detected
2025-10-10 14:49:56,160 - watchfiles.main - INFO - 1 change detected
2025-10-10 14:49:56,511 - watchfiles.main - INFO - 1 change detected
2025-10-10 14:49:56,861 - watchfiles.main - INFO - 1 change detected
2025-10-10 14:49:57,212 - watchfiles.main - INFO - 1 change detected
2025-10-10 14:49:57,562 - watchfiles.main - INFO - 1 change detected
2025-10-10 14:49:57,913 - watchfiles.main - INFO - 1 change detected
2025-10-10 14:49:58,263 - watchfiles.main - INFO - 1 change detected
2025-10-10 14:49:58,614 - watchfiles.main - INFO - 1 change detected
2025-10-10 14:49:58,964 - watchfiles.main - INFO - 1 change detected
2025-10-10 14:49:59,314 - watchfiles.main - INFO - 1 change detected
2025-10-10 14:49:59,665 - watchfiles.main - INFO - 1 change detected
2025-10-10 14:50:00,015 - watchfiles.main - INFO - 1 change detected
2025-10-10 14:50:00,366 - watchfiles.main - INFO - 1 change detected
2025-10-10 14:50:00,716 - watchfiles.main - INFO - 1 change detected
2025-10-10 14:50:01,067 - watchfiles.main - INFO - 1 change detected
2025-10-10 14:50:01,417 - watchfiles.main - INFO - 1 change detected
2025-10-10 14:50:01,767 - watchfiles.main - INFO - 1 change detected
2025-10-10 14:50:02,118 - watchfiles.main - INFO - 1 change detected
2025-10-10 14:50:02,468 - watchfiles.main - INFO - 1 change detected
2025-10-10 14:50:02,819 - watchfiles.main - INFO - 1 change detected
2025-10-10 14:50:03,169 - watchfiles.main - INFO - 1 change detected
2025-10-10 14:50:03,520 - watchfiles.main - INFO - 1 change detected
2025-10-10 14:50:03,870 - watchfiles.main - INFO - 1 change detected
2025-10-10 14:50:04,220 - watchfiles.main - INFO - 1 change detected
2025-10-10 14:50:04,571 - watchfiles.main - INFO - 1 change detected
2025-10-10 14:50:04,921 - watchfiles.main - INFO - 1 change detected
2025-10-10 14:50:05,272 - watchfiles.main - INFO - 1 change detected
2025-10-10 14:50:05,622 - watchfiles.main - INFO - 1 change detected
2025-10-10 14:50:05,972 - watchfiles.main - INFO - 1 change detected
2025-10-10 14:50:06,323 - watchfiles.main - INFO - 1 change detected
2025-10-10 14:50:06,673 - watchfiles.main - INFO - 1 change detected
2025-10-10 14:50:07,024 - watchfiles.main - INFO - 1 change detected
2025-10-10 14:50:07,374 - watchfiles.main - INFO - 1 change detected
2025-10-10 14:50:07,725 - watchfiles.main - INFO - 1 change detected
2025-10-10 14:50:08,075 - watchfiles.main - INFO - 1 change detected
2025-10-10 14:50:08,426 - watchfiles.main - INFO - 1 change detected
2025-10-10 14:50:08,776 - watchfiles.main - INFO - 1 change detected
2025-10-10 14:50:09,126 - watchfiles.main - INFO - 1 change detected
2025-10-10 14:50:09,477 - watchfiles.main - INFO - 1 change detected
2025-10-10 14:50:09,827 - watchfiles.main - INFO - 1 change detected
2025-10-10 14:50:10,178 - watchfiles.main - INFO - 1 change detected
2025-10-10 14:50:10,528 - watchfiles.main - INFO - 1 change detected
2025-10-10 14:50:10,879 - watchfiles.main - INFO - 1 change detected
2025-10-10 14:50:11,229 - watchfiles.main - INFO - 1 change detected
2025-10-10 14:50:11,579 - watchfiles.main - INFO - 1 change detected
2025-10-10 14:50:11,930 - watchfiles.main - INFO - 1 change detected
2025-10-10 14:50:12,280 - watchfiles.main - INFO - 1 change detected
2025-10-10 14:50:12,631 - watchfiles.main - INFO - 1 change detected
2025-10-10 14:50:12,981 - watchfiles.main - INFO - 1 change detected
2025-10-10 14:50:13,332 - watchfiles.main - INFO - 1 change detected
2025-10-10 14:50:13,682 - watchfiles.main - INFO - 1 change detected
2025-10-10 14:50:14,032 - watchfiles.main - INFO - 1 change detected
2025-10-10 14:50:14,383 - watchfiles.main - INFO - 1 change detected
2025-10-10 14:50:14,733 - watchfiles.main - INFO - 1 change detected
2025-10-10 14:50:15,084 - watchfiles.main - INFO - 1 change detected
2025-10-10 14:50:15,434 - watchfiles.main - INFO - 1 change detected
2025-10-10 14:50:15,785 - watchfiles.main - INFO - 1 change detected
2025-10-10 14:50:16,135 - watchfiles.main - INFO - 1 change detected
2025-10-10 14:50:16,485 - watchfiles.main - INFO - 1 change detected
2025-10-10 14:50:16,836 - watchfiles.main - INFO - 1 change detected
2025-10-10 14:50:17,186 - watchfiles.main - INFO - 1 change detected
2025-10-10 14:50:17,537 - watchfiles.main - INFO - 1 change detected
2025-10-10 14:50:17,887 - watchfiles.main - INFO - 1 change detected
2025-10-10 14:50:18,238 - watchfiles.main - INFO - 1 change detected
2025-10-10 14:50:18,588 - watchfiles.main - INFO - 1 change detected
2025-10-10 14:50:18,938 - watchfiles.main - INFO - 1 change detected
2025-10-10 14:50:19,289 - watchfiles.main - INFO - 1 change detected
2025-10-10 14:50:19,639 - watchfiles.main - INFO - 1 change detected
2025-10-10 14:50:19,990 - watchfiles.main - INFO - 1 change detected
2025-10-10 14:50:20,340 - watchfiles.main - INFO - 1 change detected
2025-10-10 14:50:20,690 - watchfiles.main - INFO - 1 change detected
2025-10-10 14:50:21,041 - watchfiles.main - INFO - 1 change detected
2025-10-10 14:50:21,391 - watchfiles.main - INFO - 1 change detected
2025-10-10 14:50:21,742 - watchfiles.main - INFO - 1 change detected
2025-10-10 14:50:22,092 - watchfiles.main - INFO - 1 change detected
2025-10-10 14:50:22,443 - watchfiles.main - INFO - 1 change detected
2025-10-10 14:50:22,793 - watchfiles.main - INFO - 1 change detected
2025-10-10 14:50:23,144 - watchfiles.main - INFO - 1 change detected
2025-10-10 14:50:23,494 - watchfiles.main - INFO - 1 change detected
2025-10-10 14:50:23,847 - watchfiles.main - INFO - 1 change detected
2025-10-10 14:50:24,197 - watchfiles.main - INFO - 1 change detected
2025-10-10 14:50:24,548 - watchfiles.main - INFO - 1 change detected
2025-10-10 14:50:24,898 - watchfiles.main - INFO - 1 change detected
2025-10-10 14:50:25,249 - watchfiles.main - INFO - 1 change detected
2025-10-10 14:50:25,599 - watchfiles.main - INFO - 1 change detected
2025-10-10 14:50:25,949 - watchfiles.main - INFO - 1 change detected
2025-10-10 14:50:26,300 - watchfiles.main - INFO - 1 change detected
2025-10-10 14:50:26,650 - watchfiles.main - INFO - 1 change detected
2025-10-10 14:50:27,001 - watchfiles.main - INFO - 1 change detected
2025-10-10 14:50:27,352 - watchfiles.main - INFO - 1 change detected
2025-10-10 14:50:27,702 - watchfiles.main - INFO - 1 change detected
2025-10-10 14:50:28,053 - watchfiles.main - INFO - 1 change detected
2025-10-10 14:50:28,403 - watchfiles.main - INFO - 1 change detected
2025-10-10 14:50:28,754 - watchfiles.main - INFO - 1 change detected
2025-10-10 14:50:29,104 - watchfiles.main - INFO - 1 change detected
2025-10-10 14:50:29,454 - watchfiles.main - INFO - 1 change detected
2025-10-10 14:50:29,805 - watchfiles.main - INFO - 1 change detected
2025-10-10 14:50:30,155 - watchfiles.main - INFO - 1 change detected
2025-10-10 14:50:30,506 - watchfiles.main - INFO - 1 change detected
2025-10-10 14:50:30,856 - watchfiles.main - INFO - 1 change detected
2025-10-10 14:50:31,206 - watchfiles.main - INFO - 1 change detected
2025-10-10 14:50:31,557 - watchfiles.main - INFO - 1 change detected
2025-10-10 14:50:31,907 - watchfiles.main - INFO - 1 change detected
2025-10-10 14:50:32,258 - watchfiles.main - INFO - 1 change detected
2025-10-10 14:50:32,608 - watchfiles.main - INFO - 1 change detected
2025-10-10 14:50:32,959 - watchfiles.main - INFO - 1 change detected
2025-10-10 14:50:33,309 - watchfiles.main - INFO - 1 change detected
2025-10-10 14:50:33,659 - watchfiles.main - INFO - 1 change detected
2025-10-10 14:50:34,010 - watchfiles.main - INFO - 1 change detected
2025-10-10 14:50:34,360 - watchfiles.main - INFO - 1 change detected
2025-10-10 14:50:34,711 - watchfiles.main - INFO - 1 change detected
2025-10-10 14:50:35,061 - watchfiles.main - INFO - 1 change detected
2025-10-10 14:50:35,411 - watchfiles.main - INFO - 1 change detected
2025-10-10 14:50:35,762 - watchfiles.main - INFO - 1 change detected
2025-10-10 14:50:36,112 - watchfiles.main - INFO - 1 change detected
2025-10-10 14:50:36,463 - watchfiles.main - INFO - 1 change detected
2025-10-10 14:50:36,813 - watchfiles.main - INFO - 1 change detected
2025-10-10 14:50:37,164 - watchfiles.main - INFO - 1 change detected
2025-10-10 14:50:37,514 - watchfiles.main - INFO - 1 change detected
2025-10-10 14:50:37,864 - watchfiles.main - INFO - 1 change detected
2025-10-10 14:50:38,215 - watchfiles.main - INFO - 1 change detected
2025-10-10 14:50:38,565 - watchfiles.main - INFO - 1 change detected
2025-10-10 14:50:38,916 - watchfiles.main - INFO - 1 change detected
2025-10-10 14:50:39,266 - watchfiles.main - INFO - 1 change detected
2025-10-10 14:50:39,617 - watchfiles.main - INFO - 1 change detected
2025-10-10 14:50:39,967 - watchfiles.main - INFO - 1 change detected
2025-10-10 14:50:40,317 - watchfiles.main - INFO - 1 change detected
2025-10-10 14:50:40,668 - watchfiles.main - INFO - 1 change detected
2025-10-10 14:50:41,018 - watchfiles.main - INFO - 1 change detected
2025-10-10 14:50:41,369 - watchfiles.main - INFO - 1 change detected
2025-10-10 14:50:41,719 - watchfiles.main - INFO - 1 change detected
2025-10-10 14:50:42,070 - watchfiles.main - INFO - 1 change detected
2025-10-10 14:50:42,420 - watchfiles.main - INFO - 1 change detected
2025-10-10 14:50:42,771 - watchfiles.main - INFO - 1 change detected
2025-10-10 14:50:43,121 - watchfiles.main - INFO - 1 change detected
2025-10-10 14:50:43,471 - watchfiles.main - INFO - 1 change detected
2025-10-10 14:50:43,822 - watchfiles.main - INFO - 1 change detected
2025-10-10 14:50:44,172 - watchfiles.main - INFO - 1 change detected
2025-10-10 14:50:44,523 - watchfiles.main - INFO - 1 change detected
2025-10-10 14:50:44,873 - watchfiles.main - INFO - 1 change detected
2025-10-10 14:50:45,224 - watchfiles.main - INFO - 1 change detected
2025-10-10 14:50:45,574 - watchfiles.main - INFO - 1 change detected
2025-10-10 14:50:45,924 - watchfiles.main - INFO - 1 change detected
2025-10-10 14:50:46,275 - watchfiles.main - INFO - 1 change detected
2025-10-10 14:50:46,625 - watchfiles.main - INFO - 1 change detected
2025-10-10 14:50:46,976 - watchfiles.main - INFO - 1 change detected
2025-10-10 14:50:47,326 - watchfiles.main - INFO - 1 change detected
2025-10-10 14:50:47,677 - watchfiles.main - INFO - 1 change detected
2025-10-10 14:50:48,027 - watchfiles.main - INFO - 1 change detected
2025-10-10 14:50:48,378 - watchfiles.main - INFO - 1 change detected
2025-10-10 14:50:48,728 - watchfiles.main - INFO - 1 change detected
2025-10-10 14:50:49,078 - watchfiles.main - INFO - 1 change detected
2025-10-10 14:50:49,429 - watchfiles.main - INFO - 1 change detected
2025-10-10 14:50:49,779 - watchfiles.main - INFO - 1 change detected
2025-10-10 14:50:50,130 - watchfiles.main - INFO - 1 change detected
2025-10-10 14:50:50,480 - watchfiles.main - INFO - 1 change detected
2025-10-10 14:50:50,831 - watchfiles.main - INFO - 1 change detected
2025-10-10 14:50:51,181 - watchfiles.main - INFO - 1 change detected
2025-10-10 14:50:51,531 - watchfiles.main - INFO - 1 change detected
2025-10-10 14:50:51,882 - watchfiles.main - INFO - 1 change detected
2025-10-10 14:50:52,232 - watchfiles.main - INFO - 1 change detected
2025-10-10 14:50:52,583 - watchfiles.main - INFO - 1 change detected
2025-10-10 14:50:52,933 - watchfiles.main - INFO - 1 change detected
2025-10-10 14:50:53,284 - watchfiles.main - INFO - 1 change detected
2025-10-10 14:50:53,634 - watchfiles.main - INFO - 1 change detected
2025-10-10 14:50:53,984 - watchfiles.main - INFO - 1 change detected
2025-10-10 14:50:54,335 - watchfiles.main - INFO - 1 change detected
2025-10-10 14:50:54,685 - watchfiles.main - INFO - 1 change detected
2025-10-10 14:50:55,036 - watchfiles.main - INFO - 1 change detected
2025-10-10 14:50:55,386 - watchfiles.main - INFO - 1 change detected
2025-10-10 14:50:55,737 - watchfiles.main - INFO - 1 change detected
2025-10-10 14:50:56,087 - watchfiles.main - INFO - 1 change detected
2025-10-10 14:50:56,437 - watchfiles.main - INFO - 1 change detected
2025-10-10 14:50:56,788 - watchfiles.main - INFO - 1 change detected
2025-10-10 14:50:57,138 - watchfiles.main - INFO - 1 change detected
2025-10-10 14:50:57,489 - watchfiles.main - INFO - 1 change detected
2025-10-10 14:50:57,839 - watchfiles.main - INFO - 1 change detected
2025-10-10 14:50:58,190 - watchfiles.main - INFO - 1 change detected
2025-10-10 14:50:58,540 - watchfiles.main - INFO - 1 change detected
2025-10-10 14:50:58,890 - watchfiles.main - INFO - 1 change detected
2025-10-10 14:50:59,241 - watchfiles.main - INFO - 1 change detected
2025-10-10 14:50:59,591 - watchfiles.main - INFO - 1 change detected
2025-10-10 14:50:59,942 - watchfiles.main - INFO - 1 change detected
2025-10-10 14:51:00,292 - watchfiles.main - INFO - 1 change detected
2025-10-10 14:51:00,642 - watchfiles.main - INFO - 1 change detected
2025-10-10 14:51:00,993 - watchfiles.main - INFO - 1 change detected
2025-10-10 14:51:01,343 - watchfiles.main - INFO - 1 change detected
2025-10-10 14:51:01,694 - watchfiles.main - INFO - 1 change detected
2025-10-10 14:51:02,044 - watchfiles.main - INFO - 1 change detected
2025-10-10 14:51:02,395 - watchfiles.main - INFO - 1 change detected
2025-10-10 14:51:02,745 - watchfiles.main - INFO - 1 change detected
2025-10-10 14:51:03,096 - watchfiles.main - INFO - 1 change detected
2025-10-10 14:51:03,446 - watchfiles.main - INFO - 1 change detected
2025-10-10 14:51:03,796 - watchfiles.main - INFO - 1 change detected
2025-10-10 14:51:04,147 - watchfiles.main - INFO - 1 change detected
2025-10-10 14:51:04,497 - watchfiles.main - INFO - 1 change detected
2025-10-10 14:51:04,848 - watchfiles.main - INFO - 1 change detected
2025-10-10 14:51:05,198 - watchfiles.main - INFO - 1 change detected
2025-10-10 14:51:05,549 - watchfiles.main - INFO - 1 change detected
2025-10-10 14:51:05,899 - watchfiles.main - INFO - 1 change detected
2025-10-10 14:51:06,249 - watchfiles.main - INFO - 1 change detected
2025-10-10 14:51:06,600 - watchfiles.main - INFO - 1 change detected
2025-10-10 14:51:06,950 - watchfiles.main - INFO - 1 change detected
2025-10-10 14:51:07,301 - watchfiles.main - INFO - 1 change detected
2025-10-10 14:51:07,651 - watchfiles.main - INFO - 1 change detected
2025-10-10 14:51:08,002 - watchfiles.main - INFO - 1 change detected
2025-10-10 14:51:08,352 - watchfiles.main - INFO - 1 change detected
2025-10-10 14:51:08,702 - watchfiles.main - INFO - 1 change detected
2025-10-10 14:51:09,053 - watchfiles.main - INFO - 1 change detected
2025-10-10 14:51:09,403 - watchfiles.main - INFO - 1 change detected
2025-10-10 14:51:09,754 - watchfiles.main - INFO - 1 change detected
2025-10-10 14:51:10,104 - watchfiles.main - INFO - 1 change detected
2025-10-10 14:51:10,455 - watchfiles.main - INFO - 1 change detected
2025-10-10 14:51:10,805 - watchfiles.main - INFO - 1 change detected
2025-10-10 14:51:11,155 - watchfiles.main - INFO - 1 change detected
2025-10-10 14:51:11,506 - watchfiles.main - INFO - 1 change detected
2025-10-10 14:51:11,856 - watchfiles.main - INFO - 1 change detected
2025-10-10 14:51:12,207 - watchfiles.main - INFO - 1 change detected
2025-10-10 14:51:12,557 - watchfiles.main - INFO - 1 change detected
2025-10-10 14:51:12,908 - watchfiles.main - INFO - 1 change detected
2025-10-10 14:51:13,258 - watchfiles.main - INFO - 1 change detected
2025-10-10 14:51:13,609 - watchfiles.main - INFO - 1 change detected
2025-10-10 14:51:13,959 - watchfiles.main - INFO - 1 change detected
2025-10-10 14:51:14,309 - watchfiles.main - INFO - 1 change detected
2025-10-10 14:51:14,660 - watchfiles.main - INFO - 1 change detected
2025-10-10 14:51:15,010 - watchfiles.main - INFO - 1 change detected
2025-10-10 14:51:15,361 - watchfiles.main - INFO - 1 change detected
2025-10-10 14:51:15,711 - watchfiles.main - INFO - 1 change detected
2025-10-10 14:51:16,062 - watchfiles.main - INFO - 1 change detected
2025-10-10 14:51:16,412 - watchfiles.main - INFO - 1 change detected
2025-10-10 14:51:16,763 - watchfiles.main - INFO - 1 change detected
2025-10-10 14:51:17,113 - watchfiles.main - INFO - 1 change detected
2025-10-10 14:51:17,463 - watchfiles.main - INFO - 1 change detected
2025-10-10 14:51:17,814 - watchfiles.main - INFO - 1 change detected
2025-10-10 14:51:18,164 - watchfiles.main - INFO - 1 change detected
2025-10-10 14:51:18,515 - watchfiles.main - INFO - 1 change detected
2025-10-10 14:51:18,865 - watchfiles.main - INFO - 1 change detected
2025-10-10 14:51:19,216 - watchfiles.main - INFO - 1 change detected
2025-10-10 14:51:19,566 - watchfiles.main - INFO - 1 change detected
2025-10-10 14:51:19,916 - watchfiles.main - INFO - 1 change detected
2025-10-10 14:51:20,267 - watchfiles.main - INFO - 1 change detected
2025-10-10 14:51:20,617 - watchfiles.main - INFO - 1 change detected
2025-10-10 14:51:20,968 - watchfiles.main - INFO - 1 change detected
2025-10-10 14:51:21,318 - watchfiles.main - INFO - 1 change detected
2025-10-10 14:51:21,669 - watchfiles.main - INFO - 1 change detected
2025-10-10 14:51:22,019 - watchfiles.main - INFO - 1 change detected
2025-10-10 14:51:22,369 - watchfiles.main - INFO - 1 change detected
2025-10-10 14:51:22,720 - watchfiles.main - INFO - 1 change detected
2025-10-10 14:51:23,070 - watchfiles.main - INFO - 1 change detected
2025-10-10 14:51:23,421 - watchfiles.main - INFO - 1 change detected
2025-10-10 14:51:23,771 - watchfiles.main - INFO - 1 change detected
2025-10-10 14:51:24,122 - watchfiles.main - INFO - 1 change detected
2025-10-10 14:51:24,472 - watchfiles.main - INFO - 1 change detected
2025-10-10 14:51:24,823 - watchfiles.main - INFO - 1 change detected
2025-10-10 14:51:25,173 - watchfiles.main - INFO - 1 change detected
2025-10-10 14:51:25,523 - watchfiles.main - INFO - 1 change detected
2025-10-10 14:51:25,874 - watchfiles.main - INFO - 1 change detected
2025-10-10 14:51:26,224 - watchfiles.main - INFO - 1 change detected
2025-10-10 14:51:26,575 - watchfiles.main - INFO - 1 change detected
2025-10-10 14:51:26,925 - watchfiles.main - INFO - 1 change detected
2025-10-10 14:51:27,276 - watchfiles.main - INFO - 1 change detected
2025-10-10 14:51:27,626 - watchfiles.main - INFO - 1 change detected
2025-10-10 14:51:27,976 - watchfiles.main - INFO - 1 change detected
2025-10-10 14:51:28,327 - watchfiles.main - INFO - 1 change detected
2025-10-10 14:51:28,677 - watchfiles.main - INFO - 1 change detected
2025-10-10 14:51:29,028 - watchfiles.main - INFO - 1 change detected
2025-10-10 14:51:29,378 - watchfiles.main - INFO - 1 change detected
2025-10-10 14:51:29,729 - watchfiles.main - INFO - 1 change detected
2025-10-10 14:51:30,079 - watchfiles.main - INFO - 1 change detected
2025-10-10 14:51:30,430 - watchfiles.main - INFO - 1 change detected
2025-10-10 14:51:30,780 - watchfiles.main - INFO - 1 change detected
2025-10-10 14:51:31,130 - watchfiles.main - INFO - 1 change detected
2025-10-10 14:51:31,481 - watchfiles.main - INFO - 1 change detected
2025-10-10 14:51:31,831 - watchfiles.main - INFO - 1 change detected
2025-10-10 14:51:32,182 - watchfiles.main - INFO - 1 change detected
2025-10-10 14:51:32,532 - watchfiles.main - INFO - 1 change detected
2025-10-10 14:51:32,883 - watchfiles.main - INFO - 1 change detected
2025-10-10 14:51:33,233 - watchfiles.main - INFO - 1 change detected
2025-10-10 14:51:33,583 - watchfiles.main - INFO - 1 change detected
2025-10-10 14:51:33,934 - watchfiles.main - INFO - 1 change detected
2025-10-10 14:51:34,284 - watchfiles.main - INFO - 1 change detected
2025-10-10 14:51:34,635 - watchfiles.main - INFO - 1 change detected
2025-10-10 14:51:34,985 - watchfiles.main - INFO - 1 change detected
2025-10-10 14:51:35,336 - watchfiles.main - INFO - 1 change detected
2025-10-10 14:51:35,686 - watchfiles.main - INFO - 1 change detected
2025-10-10 14:51:36,036 - watchfiles.main - INFO - 1 change detected
2025-10-10 14:51:36,387 - watchfiles.main - INFO - 1 change detected
2025-10-10 14:51:36,737 - watchfiles.main - INFO - 1 change detected
2025-10-10 14:51:37,365 - watchfiles.main - INFO - 1 change detected
2025-10-10 14:51:37,715 - watchfiles.main - INFO - 1 change detected
2025-10-10 14:51:38,065 - watchfiles.main - INFO - 1 change detected
2025-10-10 14:51:38,416 - watchfiles.main - INFO - 1 change detected
2025-10-10 14:51:38,766 - watchfiles.main - INFO - 1 change detected
2025-10-10 14:51:39,117 - watchfiles.main - INFO - 1 change detected
2025-10-10 14:51:39,467 - watchfiles.main - INFO - 1 change detected
2025-10-10 14:51:39,818 - watchfiles.main - INFO - 1 change detected
2025-10-10 14:51:40,168 - watchfiles.main - INFO - 1 change detected
2025-10-10 14:51:40,519 - watchfiles.main - INFO - 1 change detected
2025-10-10 14:51:40,983 - watchfiles.main - INFO - 1 change detected
2025-10-10 14:51:41,333 - watchfiles.main - INFO - 1 change detected
2025-10-10 14:51:41,684 - watchfiles.main - INFO - 1 change detected
2025-10-10 14:51:42,034 - watchfiles.main - INFO - 1 change detected
2025-10-10 14:51:42,385 - watchfiles.main - INFO - 1 change detected
2025-10-10 14:51:42,735 - watchfiles.main - INFO - 1 change detected
2025-10-10 14:51:43,086 - watchfiles.main - INFO - 1 change detected
2025-10-10 14:51:43,436 - watchfiles.main - INFO - 1 change detected
2025-10-10 14:51:43,787 - watchfiles.main - INFO - 1 change detected
2025-10-10 14:51:44,137 - watchfiles.main - INFO - 1 change detected
2025-10-10 14:51:44,488 - watchfiles.main - INFO - 1 change detected
2025-10-10 14:51:44,838 - watchfiles.main - INFO - 1 change detected
2025-10-10 14:51:45,188 - watchfiles.main - INFO - 1 change detected
2025-10-10 14:51:45,539 - watchfiles.main - INFO - 1 change detected
2025-10-10 14:51:45,889 - watchfiles.main - INFO - 1 change detected
2025-10-10 14:51:46,240 - watchfiles.main - INFO - 1 change detected
2025-10-10 14:51:46,591 - watchfiles.main - INFO - 1 change detected
2025-10-10 14:51:46,941 - watchfiles.main - INFO - 1 change detected
2025-10-10 14:51:47,292 - watchfiles.main - INFO - 1 change detected
2025-10-10 14:51:47,642 - watchfiles.main - INFO - 1 change detected
2025-10-10 14:51:47,993 - watchfiles.main - INFO - 1 change detected
2025-10-10 14:51:48,343 - watchfiles.main - INFO - 1 change detected
2025-10-10 14:51:48,694 - watchfiles.main - INFO - 1 change detected
2025-10-10 14:51:49,044 - watchfiles.main - INFO - 1 change detected
2025-10-10 14:51:49,395 - watchfiles.main - INFO - 1 change detected
2025-10-10 14:51:49,745 - watchfiles.main - INFO - 1 change detected
2025-10-10 14:51:50,095 - watchfiles.main - INFO - 1 change detected
2025-10-10 14:51:50,446 - watchfiles.main - INFO - 1 change detected
2025-10-10 14:51:50,796 - watchfiles.main - INFO - 1 change detected
2025-10-10 14:51:51,147 - watchfiles.main - INFO - 1 change detected
2025-10-10 14:51:51,497 - watchfiles.main - INFO - 1 change detected
2025-10-10 14:51:51,848 - watchfiles.main - INFO - 1 change detected
2025-10-10 14:51:52,233 - watchfiles.main - INFO - 1 change detected
2025-10-10 14:51:52,583 - watchfiles.main - INFO - 1 change detected
2025-10-10 14:51:52,934 - watchfiles.main - INFO - 1 change detected
2025-10-10 14:51:53,284 - watchfiles.main - INFO - 1 change detected
2025-10-10 14:51:53,635 - watchfiles.main - INFO - 1 change detected
2025-10-10 14:51:53,985 - watchfiles.main - INFO - 1 change detected
2025-10-10 14:51:54,336 - watchfiles.main - INFO - 1 change detected
2025-10-10 14:51:54,686 - watchfiles.main - INFO - 1 change detected
2025-10-10 14:51:55,037 - watchfiles.main - INFO - 1 change detected
2025-10-10 14:51:55,387 - watchfiles.main - INFO - 1 change detected
2025-10-10 14:51:55,737 - watchfiles.main - INFO - 1 change detected
2025-10-10 14:51:56,088 - watchfiles.main - INFO - 1 change detected
2025-10-10 14:51:56,438 - watchfiles.main - INFO - 1 change detected
2025-10-10 14:51:56,789 - watchfiles.main - INFO - 1 change detected
2025-10-10 14:51:57,139 - watchfiles.main - INFO - 1 change detected
2025-10-10 14:51:57,490 - watchfiles.main - INFO - 1 change detected
2025-10-10 14:51:57,840 - watchfiles.main - INFO - 1 change detected
2025-10-10 14:51:58,190 - watchfiles.main - INFO - 1 change detected
2025-10-10 14:51:58,541 - watchfiles.main - INFO - 1 change detected
2025-10-10 14:51:58,891 - watchfiles.main - INFO - 1 change detected
2025-10-10 14:51:59,242 - watchfiles.main - INFO - 1 change detected
2025-10-10 14:51:59,592 - watchfiles.main - INFO - 1 change detected
2025-10-10 14:51:59,943 - watchfiles.main - INFO - 1 change detected
2025-10-10 14:52:00,293 - watchfiles.main - INFO - 1 change detected
2025-10-10 14:52:00,643 - watchfiles.main - INFO - 1 change detected
2025-10-10 14:52:00,994 - watchfiles.main - INFO - 1 change detected
2025-10-10 14:52:01,344 - watchfiles.main - INFO - 1 change detected
2025-10-10 14:52:01,695 - watchfiles.main - INFO - 1 change detected
2025-10-10 14:52:02,045 - watchfiles.main - INFO - 1 change detected
2025-10-10 14:52:02,396 - watchfiles.main - INFO - 1 change detected
2025-10-10 14:52:02,746 - watchfiles.main - INFO - 1 change detected
2025-10-10 14:52:03,099 - watchfiles.main - INFO - 1 change detected
2025-10-10 14:52:03,449 - watchfiles.main - INFO - 1 change detected
2025-10-10 14:52:03,800 - watchfiles.main - INFO - 1 change detected
2025-10-10 14:52:04,150 - watchfiles.main - INFO - 1 change detected
2025-10-10 14:52:04,501 - watchfiles.main - INFO - 1 change detected
2025-10-10 14:52:04,851 - watchfiles.main - INFO - 1 change detected
2025-10-10 14:52:05,201 - watchfiles.main - INFO - 1 change detected
2025-10-10 14:52:05,552 - watchfiles.main - INFO - 1 change detected
2025-10-10 14:52:05,902 - watchfiles.main - INFO - 1 change detected
2025-10-10 14:52:06,253 - watchfiles.main - INFO - 1 change detected
2025-10-10 14:52:06,603 - watchfiles.main - INFO - 1 change detected
2025-10-10 14:52:06,954 - watchfiles.main - INFO - 1 change detected
2025-10-10 14:52:07,304 - watchfiles.main - INFO - 1 change detected
2025-10-10 14:52:07,655 - watchfiles.main - INFO - 1 change detected
2025-10-10 14:52:08,005 - watchfiles.main - INFO - 1 change detected
2025-10-10 14:52:08,355 - watchfiles.main - INFO - 1 change detected
2025-10-10 14:52:08,706 - watchfiles.main - INFO - 1 change detected
2025-10-10 14:52:09,056 - watchfiles.main - INFO - 1 change detected
2025-10-10 14:52:09,407 - watchfiles.main - INFO - 1 change detected
2025-10-10 14:52:09,757 - watchfiles.main - INFO - 1 change detected
2025-10-10 14:52:10,108 - watchfiles.main - INFO - 1 change detected
2025-10-10 14:52:10,458 - watchfiles.main - INFO - 1 change detected
2025-10-10 14:52:10,809 - watchfiles.main - INFO - 1 change detected
2025-10-10 14:52:11,159 - watchfiles.main - INFO - 1 change detected
2025-10-10 14:52:11,509 - watchfiles.main - INFO - 1 change detected
2025-10-10 14:52:11,860 - watchfiles.main - INFO - 1 change detected
2025-10-10 14:52:12,210 - watchfiles.main - INFO - 1 change detected
2025-10-10 14:52:12,561 - watchfiles.main - INFO - 1 change detected
2025-10-10 14:52:12,911 - watchfiles.main - INFO - 1 change detected
2025-10-10 14:52:13,262 - watchfiles.main - INFO - 1 change detected
2025-10-10 14:52:13,612 - watchfiles.main - INFO - 1 change detected
2025-10-10 14:52:13,962 - watchfiles.main - INFO - 1 change detected
2025-10-10 14:52:14,313 - watchfiles.main - INFO - 1 change detected
2025-10-10 14:52:14,663 - watchfiles.main - INFO - 1 change detected
2025-10-10 14:52:15,014 - watchfiles.main - INFO - 1 change detected
2025-10-10 14:52:15,364 - watchfiles.main - INFO - 1 change detected
2025-10-10 14:52:15,715 - watchfiles.main - INFO - 1 change detected
2025-10-10 14:52:16,065 - watchfiles.main - INFO - 1 change detected
2025-10-10 14:52:16,416 - watchfiles.main - INFO - 1 change detected
2025-10-10 14:52:16,766 - watchfiles.main - INFO - 1 change detected
2025-10-10 14:52:17,116 - watchfiles.main - INFO - 1 change detected
2025-10-10 14:52:17,467 - watchfiles.main - INFO - 1 change detected
2025-10-10 14:52:17,817 - watchfiles.main - INFO - 1 change detected
2025-10-10 14:52:18,168 - watchfiles.main - INFO - 1 change detected
2025-10-10 14:52:18,518 - watchfiles.main - INFO - 1 change detected
2025-10-10 14:52:18,869 - watchfiles.main - INFO - 1 change detected
2025-10-10 14:52:19,219 - watchfiles.main - INFO - 1 change detected
2025-10-10 14:52:19,570 - watchfiles.main - INFO - 1 change detected
2025-10-10 14:52:19,920 - watchfiles.main - INFO - 1 change detected
2025-10-10 14:52:20,270 - watchfiles.main - INFO - 1 change detected
2025-10-10 14:52:20,621 - watchfiles.main - INFO - 1 change detected
2025-10-10 14:52:20,971 - watchfiles.main - INFO - 1 change detected
2025-10-10 14:52:21,322 - watchfiles.main - INFO - 1 change detected
2025-10-10 14:52:21,672 - watchfiles.main - INFO - 1 change detected
2025-10-10 14:52:22,023 - watchfiles.main - INFO - 1 change detected
2025-10-10 14:52:22,373 - watchfiles.main - INFO - 1 change detected
2025-10-10 14:52:22,723 - watchfiles.main - INFO - 1 change detected
2025-10-10 14:52:23,074 - watchfiles.main - INFO - 1 change detected
2025-10-10 14:52:23,424 - watchfiles.main - INFO - 1 change detected
2025-10-10 14:52:23,775 - watchfiles.main - INFO - 1 change detected
2025-10-10 14:52:24,125 - watchfiles.main - INFO - 1 change detected
2025-10-10 14:52:24,575 - watchfiles.main - INFO - 1 change detected
2025-10-10 14:52:24,926 - watchfiles.main - INFO - 1 change detected
2025-10-10 14:52:25,276 - watchfiles.main - INFO - 1 change detected
2025-10-10 14:52:25,627 - watchfiles.main - INFO - 1 change detected
2025-10-10 14:52:25,977 - watchfiles.main - INFO - 1 change detected
2025-10-10 14:52:26,327 - watchfiles.main - INFO - 1 change detected
2025-10-10 14:52:26,678 - watchfiles.main - INFO - 1 change detected
2025-10-10 14:52:27,028 - watchfiles.main - INFO - 1 change detected
2025-10-10 14:52:27,379 - watchfiles.main - INFO - 1 change detected
2025-10-10 14:52:27,729 - watchfiles.main - INFO - 1 change detected
2025-10-10 14:52:28,080 - watchfiles.main - INFO - 1 change detected
2025-10-10 14:52:28,430 - watchfiles.main - INFO - 1 change detected
2025-10-10 14:52:28,781 - watchfiles.main - INFO - 1 change detected
2025-10-10 14:52:29,131 - watchfiles.main - INFO - 1 change detected
2025-10-10 14:52:29,481 - watchfiles.main - INFO - 1 change detected
2025-10-10 14:52:29,832 - watchfiles.main - INFO - 1 change detected
2025-10-10 14:52:30,182 - watchfiles.main - INFO - 1 change detected
2025-10-10 14:52:30,533 - watchfiles.main - INFO - 1 change detected
2025-10-10 14:52:30,883 - watchfiles.main - INFO - 1 change detected
2025-10-10 14:52:31,234 - watchfiles.main - INFO - 1 change detected
2025-10-10 14:52:31,584 - watchfiles.main - INFO - 1 change detected
2025-10-10 14:52:31,935 - watchfiles.main - INFO - 1 change detected
2025-10-10 14:52:32,285 - watchfiles.main - INFO - 1 change detected
2025-10-10 14:52:32,635 - watchfiles.main - INFO - 1 change detected
2025-10-10 14:52:32,986 - watchfiles.main - INFO - 1 change detected
2025-10-10 14:52:33,336 - watchfiles.main - INFO - 1 change detected
2025-10-10 14:52:33,687 - watchfiles.main - INFO - 1 change detected
2025-10-10 14:52:34,037 - watchfiles.main - INFO - 1 change detected
2025-10-10 14:52:34,388 - watchfiles.main - INFO - 1 change detected
2025-10-10 14:52:34,738 - watchfiles.main - INFO - 1 change detected
2025-10-10 14:52:35,089 - watchfiles.main - INFO - 1 change detected
2025-10-10 14:52:35,439 - watchfiles.main - INFO - 1 change detected
2025-10-10 14:52:35,789 - watchfiles.main - INFO - 1 change detected
2025-10-10 14:52:36,140 - watchfiles.main - INFO - 1 change detected
2025-10-10 14:52:36,490 - watchfiles.main - INFO - 1 change detected
2025-10-10 14:52:36,841 - watchfiles.main - INFO - 1 change detected
2025-10-10 14:52:37,191 - watchfiles.main - INFO - 1 change detected
2025-10-10 14:52:37,542 - watchfiles.main - INFO - 1 change detected
2025-10-10 14:52:37,892 - watchfiles.main - INFO - 1 change detected
2025-10-10 14:52:38,243 - watchfiles.main - INFO - 1 change detected
2025-10-10 14:52:38,593 - watchfiles.main - INFO - 1 change detected
2025-10-10 14:52:38,943 - watchfiles.main - INFO - 1 change detected
2025-10-10 14:52:39,294 - watchfiles.main - INFO - 1 change detected
2025-10-10 14:52:39,644 - watchfiles.main - INFO - 1 change detected
2025-10-10 14:52:39,995 - watchfiles.main - INFO - 1 change detected
2025-10-10 14:52:40,345 - watchfiles.main - INFO - 1 change detected
2025-10-10 14:52:40,696 - watchfiles.main - INFO - 1 change detected
2025-10-10 14:52:41,046 - watchfiles.main - INFO - 1 change detected
2025-10-10 14:52:41,397 - watchfiles.main - INFO - 1 change detected
2025-10-10 14:52:41,747 - watchfiles.main - INFO - 1 change detected
2025-10-10 14:52:42,098 - watchfiles.main - INFO - 1 change detected
2025-10-10 14:52:42,448 - watchfiles.main - INFO - 1 change detected
2025-10-10 14:52:42,798 - watchfiles.main - INFO - 1 change detected
2025-10-10 14:52:43,149 - watchfiles.main - INFO - 1 change detected
2025-10-10 14:52:43,499 - watchfiles.main - INFO - 1 change detected
2025-10-10 14:52:43,850 - watchfiles.main - INFO - 1 change detected
2025-10-10 14:52:44,200 - watchfiles.main - INFO - 1 change detected
2025-10-10 14:52:44,551 - watchfiles.main - INFO - 1 change detected
2025-10-10 14:52:44,901 - watchfiles.main - INFO - 1 change detected
2025-10-10 14:52:45,251 - watchfiles.main - INFO - 1 change detected
2025-10-10 14:52:45,602 - watchfiles.main - INFO - 1 change detected
2025-10-10 14:52:45,952 - watchfiles.main - INFO - 1 change detected
2025-10-10 14:52:46,303 - watchfiles.main - INFO - 1 change detected
2025-10-10 14:52:46,653 - watchfiles.main - INFO - 1 change detected
2025-10-10 14:52:47,004 - watchfiles.main - INFO - 1 change detected
2025-10-10 14:52:47,354 - watchfiles.main - INFO - 1 change detected
2025-10-10 14:52:47,705 - watchfiles.main - INFO - 1 change detected
2025-10-10 14:52:48,055 - watchfiles.main - INFO - 1 change detected
2025-10-10 14:52:48,405 - watchfiles.main - INFO - 1 change detected
